{
  "sif_pvalue": 0.9356220287619865,
  "sif_significant": 0,
  "sgf_pvalue": 0.004546423792450334,
  "sgf_significant": 1
}