{
  "sif_pvalue": 0.6381371294309122,
  "sif_significant": 0,
  "sgf_pvalue": 0.2817063827628544,
  "sgf_significant": 0
}