{
  "SIF": {
    "lr": {
      "sif_sgf_second": {
        "means": [],
        "stds": []
      },
      "US9624268": {
        "means": [
          {
            "accuracy": 0.6466923076923082,
            "precision": 0.7042460467819971,
            "recall": 0.6940666666666663,
            "f1": 0.6936454609122107,
            "auc": 0.6790518939393938
          }
        ],
        "stds": [
          {
            "accuracy": 0.07416659575639425,
            "precision": 0.0732179393925065,
            "recall": 0.10342066755158154,
            "f1": 0.0715472421294175,
            "auc": 0.09083334359930621
          }
        ]
      },
      "US9809623B2": {
        "means": [
          {
            "accuracy": 0.6681333333333336,
            "precision": 0.11646666666666654,
            "recall": 0.22999999999999957,
            "f1": 0.14753333333333318,
            "auc": 0.3738000000000002
          }
        ],
        "stds": [
          {
            "accuracy": 0.14440065152793666,
            "precision": 0.2117211643969398,
            "recall": 0.41348469228349477,
            "f1": 0.266158808444316,
            "auc": 0.33833049071904947
          }
        ]
      },
      "US20140294902A1": {
        "means": [
          {
            "accuracy": 1.0,
            "precision": 1.0,
            "recall": 1.0,
            "f1": 1.0,
            "auc": 1.0
          }
        ],
        "stds": [
          {
            "accuracy": 0.0,
            "precision": 0.0,
            "recall": 0.0,
            "f1": 0.0,
            "auc": 0.0
          }
        ]
      },
      "WO2017011820A2": {
        "means": [
          {
            "accuracy": 0.7631333333333332,
            "precision": 0.8136552375116247,
            "recall": 0.8026432748538009,
            "f1": 0.8043018581884658,
            "auc": 0.8197117224880383
          }
        ],
        "stds": [
          {
            "accuracy": 0.05643828961357192,
            "precision": 0.055312398411603285,
            "recall": 0.08289418626598388,
            "f1": 0.05111988802065794,
            "auc": 0.06125937652787248
          }
        ]
      }
    },
    "rf": {
      "sif_sgf_second": {
        "means": [],
        "stds": []
      },
      "US9624268": {
        "means": [
          {
            "accuracy": 0.6581538461538463,
            "precision": 0.6995325134393582,
            "recall": 0.7403750000000002,
            "f1": 0.7137903699323975,
            "auc": 0.7154946969696973
          }
        ],
        "stds": [
          {
            "accuracy": 0.07099018342522898,
            "precision": 0.06395438925787898,
            "recall": 0.10841674746411262,
            "f1": 0.06727368769920358,
            "auc": 0.08057445189095319
          }
        ]
      },
      "US9809623B2": {
        "means": [
          {
            "accuracy": 0.7668666666666667,
            "precision": 0.045333333333333344,
            "recall": 0.05200000000000002,
            "f1": 0.04733333333333335,
            "auc": 0.5223499999999998
          }
        ],
        "stds": [
          {
            "accuracy": 0.08840367886886062,
            "precision": 0.09066666666666669,
            "recall": 0.10400000000000005,
            "f1": 0.09466666666666672,
            "auc": 0.31995277496695007
          }
        ]
      },
      "US20140294902A1": {
        "means": [
          {
            "accuracy": 0.9625,
            "precision": 0.9625,
            "recall": 1.0,
            "f1": 0.9749999999999999,
            "auc": 1.0
          }
        ],
        "stds": [
          {
            "accuracy": 0.0375,
            "precision": 0.0375,
            "recall": 0.0,
            "f1": 0.025,
            "auc": 0.0
          }
        ]
      },
      "WO2017011820A2": {
        "means": [
          {
            "accuracy": 0.7765999999999998,
            "precision": 0.8030616353478464,
            "recall": 0.8499941520467834,
            "f1": 0.82287991013872,
            "auc": 0.8140352206273256
          }
        ],
        "stds": [
          {
            "accuracy": 0.061384296851165934,
            "precision": 0.059710959410341144,
            "recall": 0.07383285186447605,
            "f1": 0.049577805672203816,
            "auc": 0.07110004597711242
          }
        ]
      }
    },
    "xgb": {
      "sif_sgf_second": {
        "means": [],
        "stds": []
      },
      "US9624268": {
        "means": [
          {
            "accuracy": 0.6358461538461541,
            "precision": 0.6763434889081544,
            "recall": 0.7330166666666666,
            "f1": 0.6987819477963523,
            "auc": 0.6783138257575757
          }
        ],
        "stds": [
          {
            "accuracy": 0.07548283217281408,
            "precision": 0.06506239117846159,
            "recall": 0.10568825744591277,
            "f1": 0.06938452505521103,
            "auc": 0.08633991897717314
          }
        ]
      },
      "US9809623B2": {
        "means": [
          {
            "accuracy": 0.7518666666666666,
            "precision": 0.15066666666666645,
            "recall": 0.2019999999999996,
            "f1": 0.16633333333333308,
            "auc": 0.5981500000000002
          }
        ],
        "stds": [
          {
            "accuracy": 0.13380413317065168,
            "precision": 0.2993333333333329,
            "recall": 0.4008989794855657,
            "f1": 0.3302163702135573,
            "auc": 0.31592565225188307
          }
        ]
      },
      "US20140294902A1": {
        "means": [
          {
            "accuracy": 0.4166666666666665,
            "precision": 0.25,
            "recall": 0.5,
            "f1": 0.3333333333333329,
            "auc": 0.5
          }
        ],
        "stds": [
          {
            "accuracy": 0.08333333333333323,
            "precision": 0.25,
            "recall": 0.5,
            "f1": 0.3333333333333329,
            "auc": 0.0
          }
        ]
      },
      "WO2017011820A2": {
        "means": [
          {
            "accuracy": 0.7692,
            "precision": 0.806354085829965,
            "recall": 0.8286081871345032,
            "f1": 0.8141680794263518,
            "auc": 0.8130214646464647
          }
        ],
        "stds": [
          {
            "accuracy": 0.06551737856182256,
            "precision": 0.06281385969600262,
            "recall": 0.07737510249442178,
            "f1": 0.05437019424837061,
            "auc": 0.0687625789226852
          }
        ]
      }
    }
  },
  "SGF": {
    "lr": {
      "sif_sgf_second": {
        "means": [],
        "stds": []
      },
      "US9624268": {
        "means": [
          {
            "accuracy": 0.6943333333333334,
            "precision": 0.7463451021201021,
            "recall": 0.7323636363636362,
            "f1": 0.7305730395678316,
            "auc": 0.8025892857142854
          }
        ],
        "stds": [
          {
            "accuracy": 0.07893269925653035,
            "precision": 0.08547007627039235,
            "recall": 0.11866521554884468,
            "f1": 0.07710034534802461,
            "auc": 0.07705146873801914
          }
        ]
      },
      "US9809623B2": {
        "means": [],
        "stds": []
      },
      "US20140294902A1": {
        "means": [],
        "stds": []
      },
      "WO2017011820A2": {
        "means": [
          {
            "accuracy": 0.7759047619047618,
            "precision": 0.8519008238493528,
            "recall": 0.7832307692307688,
            "f1": 0.8097932872325073,
            "auc": 0.8538365384615383
          }
        ],
        "stds": [
          {
            "accuracy": 0.07470367807778373,
            "precision": 0.07599307061853233,
            "recall": 0.10454448762167282,
            "f1": 0.06767078036395716,
            "auc": 0.06799002158011336
          }
        ]
      }
    },