{
  "SIF": {
    "lr": {
      "sif_sgf_second": {
        "means": [],
        "stds": []
      },
      "US9624268": {
        "means": [
          {
            "accuracy": 0.6246923076923079,
            "precision": 0.6943643814744804,
            "recall": 0.6514166666666668,
            "f1": 0.6660799059288617,
            "auc": 0.6460405303030302
          }
        ],
        "stds": [
          {
            "accuracy": 0.07563939365607394,
            "precision": 0.07746087980616984,
            "recall": 0.10969466657873037,
            "f1": 0.07654548594635854,
            "auc": 0.09366235571550717
          }
        ]
      },
      "US9809623B2": {
        "means": [
          {
            "accuracy": 0.6149333333333334,
            "precision": 0.1477666666666666,
            "recall": 0.3319999999999994,
            "f1": 0.19826666666666662,
            "auc": 0.5312
          }
        ],
        "stds": [
          {
            "accuracy": 0.16110251931053146,
            "precision": 0.2137896006617924,
            "recall": 0.45933264604737983,
            "f1": 0.28051528670750975,
            "auc": 0.3439043192843995
          }
        ]
      },
      "US20140294902A1": {
        "means": [
          {
            "accuracy": 1.0,
            "precision": 1.0,
            "recall": 1.0,
            "f1": 1.0,
            "auc": 1.0
          }
        ],
        "stds": [
          {
            "accuracy": 0.0,
            "precision": 0.0,
            "recall": 0.0,
            "f1": 0.0,
            "auc": 0.0
          }
        ]
      },
      "WO2017011820A2": {
        "means": [
          {
            "accuracy": 0.6703333333333329,
            "precision": 0.7645492436995709,
            "recall": 0.674847953216374,
            "f1": 0.710885986180667,
            "auc": 0.7143075934786463
          }
        ],
        "stds": [
          {
            "accuracy": 0.0730618419899808,
            "precision": 0.06987362547324956,
            "recall": 0.10871474667630658,
            "f1": 0.07553926774787818,
            "auc": 0.0826794309410915
          }
        ]
      }
    },
    "rf": {
      "sif_sgf_second": {
        "means": [],
        "stds": []
      },
      "US9624268": {
        "means": [
          {
            "accuracy": 0.6074615384615387,
            "precision": 0.65268368917393,
            "recall": 0.7074583333333331,
            "f1": 0.6741737152139633,
            "auc": 0.6197964015151513
          }
        ],
        "stds": [
          {
            "accuracy": 0.07733591700500146,
            "precision": 0.06468020972579319,
            "recall": 0.11474570587998548,
            "f1": 0.07583878693641824,
            "auc": 0.08464772288142107
          }
        ]
      },
      "US9809623B2": {
        "means": [
          {
            "accuracy": 0.690466666666667,
            "precision": 0.005666666666666668,
            "recall": 0.016,
            "f1": 0.008266666666666665,
            "auc": 0.4926999999999999
          }
        ],
        "stds": [
          {
            "accuracy": 0.1206280940664056,
            "precision": 0.011333333333333336,
            "recall": 0.032,
            "f1": 0.016533333333333334,
            "auc": 0.2366635626714665
          }
        ]
      },
      "US20140294902A1": {
        "means": [
          {
            "accuracy": 0.9800000000000001,
            "precision": 0.97,
            "recall": 0.97,
            "f1": 0.97,
            "auc": 1.0
          }
        ],
        "stds": [
          {
            "accuracy": 0.020000000000000004,
            "precision": 0.03,
            "recall": 0.03,
            "f1": 0.03,
            "auc": 0.0
          }
        ]
      },
      "WO2017011820A2": {
        "means": [
          {
            "accuracy": 0.6636000000000002,
            "precision": 0.7144470593772101,
            "recall": 0.7593918128654967,
            "f1": 0.7320130285951661,
            "auc": 0.7060476696792487
          }
        ],
        "stds": [
          {
            "accuracy": 0.06791010867091192,
            "precision": 0.057981066791088526,
            "recall": 0.09867359441558791,
            "f1": 0.06164154881803365,
            "auc": 0.0751495414763272
          }
        ]
      }
    },
    "xgb": {
      "sif_sgf_second": {
        "means": [],
        "stds": []
      },
      "US9624268": {
        "means": [
          {
            "accuracy": 0.6113076923076926,
            "precision": 0.6619761999524384,
            "recall": 0.6942666666666668,
            "f1": 0.6728080242884489,
            "auc": 0.6249295454545457
          }
        ],
        "stds": [
          {
            "accuracy": 0.07619628915111715,
            "precision": 0.06686167958608748,
            "recall": 0.10758791069499175,
            "f1": 0.07197202929778683,
            "auc": 0.08600439910553968
          }
        ]
      },
      "US9809623B2": {
        "means": [
          {
            "accuracy": 0.7397999999999998,
            "precision": 0.08383333333333332,
            "recall": 0.1199999999999999,
            "f1": 0.09480000000000002,
            "auc": 0.6684
          }
        ],
        "stds": [
          {
            "accuracy": 0.11934211495110812,
            "precision": 0.16766666666666663,
            "recall": 0.2399999999999998,
            "f1": 0.18960000000000005,
            "auc": 0.2583372052181687
          }
        ]
      },
      "US20140294902A1": {
        "means": [
          {
            "accuracy": 0.4166666666666665,
            "precision": 0.25,
            "recall": 0.5,
            "f1": 0.3333333333333329,
            "auc": 0.5
          }
        ],
        "stds": [
          {
            "accuracy": 0.08333333333333323,
            "precision": 0.25,
            "recall": 0.5,
            "f1": 0.3333333333333329,
            "auc": 0.0
          }
        ]
      },
      "WO2017011820A2": {
        "means": [
          {
            "accuracy": 0.6749333333333328,
            "precision": 0.7216659226280219,
            "recall": 0.7723391812865502,
            "f1": 0.7430286689841836,
            "auc": 0.7013773701931598
          }
        ],
        "stds": [
          {
            "accuracy": 0.06697374209402897,
            "precision": 0.05663483794867642,
            "recall": 0.0845243530066274,
            "f1": 0.056804587798141154,
            "auc": 0.07767344827416837
          }
        ]
      }
    }
  },
  "SGF": {
    "lr": {
      "sif_sgf_second": {
        "means": [],
        "stds": []
      },
      "US9624268": {
        "means": [
          {
            "accuracy": 0.7428888888888889,
            "precision": 0.7899766122766123,
            "recall": 0.7701272727272727,
            "f1": 0.7723271164704237,
            "auc": 0.7897295454545454
          }
        ],
        "stds": [
          {
            "accuracy": 0.08758872886538943,
            "precision": 0.09005861427683952,
            "recall": 0.12395339309062647,
            "f1": 0.08385881916037766,
            "auc": 0.09309225810527827
          }
        ]
      },
      "US9809623B2": {
        "means": [],
        "stds": []
      },
      "US20140294902A1": {
        "means": [],
        "stds": []
      },
      "WO2017011820A2": {
        "means": [
          {
            "accuracy": 0.7484761904761902,
            "precision": 0.8481226288417466,
            "recall": 0.7309230769230762,
            "f1": 0.7792699146434946,
            "auc": 0.8128461538461539
          }
        ],
        "stds": [
          {
            "accuracy": 0.07504862137108508,
            "precision": 0.07553859084224306,
            "recall": 0.10664534044431534,
            "f1": 0.07289947106242273,
            "auc": 0.0797794582648545
          }
        ]
      }
    },