{
  "SIF": {
    "lr": {
      "sif_sgf_second": {
        "means": [],
        "stds": []
      },
      "US9624268": {
        "means": [
          {
            "accuracy": 0.6232307692307697,
            "precision": 0.6855973516335743,
            "recall": 0.6658833333333334,
            "f1": 0.6703473710812438,
            "auc": 0.6535950757575759
          }
        ],
        "stds": [
          {
            "accuracy": 0.07965750593182215,
            "precision": 0.07504360676988503,
            "recall": 0.10897501511299514,
            "f1": 0.07860241180946455,
            "auc": 0.09078949330176149
          }
        ]
      },
      "US9809623B2": {
        "means": [
          {
            "accuracy": 0.679866666666667,
            "precision": 0.13006666666666652,
            "recall": 0.23199999999999957,
            "f1": 0.15786666666666652,
            "auc": 0.41050000000000003
          }
        ],
        "stds": [
          {
            "accuracy": 0.1531398922485052,
            "precision": 0.23670800260907673,
            "recall": 0.4143836717690612,
            "f1": 0.2840403302142789,
            "auc": 0.3444060341525369
          }
        ]
      },
      "US20140294902A1": {
        "means": [
          {
            "accuracy": 1.0,
            "precision": 1.0,
            "recall": 1.0,
            "f1": 1.0,
            "auc": 1.0
          }
        ],
        "stds": [
          {
            "accuracy": 0.0,
            "precision": 0.0,
            "recall": 0.0,
            "f1": 0.0,
            "auc": 0.0
          }
        ]
      },
      "WO2017011820A2": {
        "means": [
          {
            "accuracy": 0.7617333333333334,
            "precision": 0.8127645705635205,
            "recall": 0.8013333333333332,
            "f1": 0.8033552423938387,
            "auc": 0.8196082757398543
          }
        ],
        "stds": [
          {
            "accuracy": 0.05767469019865734,
            "precision": 0.05710090772162833,
            "recall": 0.0809030233475627,
            "f1": 0.05159642153094079,
            "auc": 0.06301430708734607
          }
        ]
      }
    },
    "rf": {
      "sif_sgf_second": {
        "means": [],
        "stds": []
      },
      "US9624268": {
        "means": [
          {
            "accuracy": 0.6596153846153848,
            "precision": 0.7010530077432923,
            "recall": 0.7395166666666667,
            "f1": 0.7142224755480817,
            "auc": 0.7161634469696974
          }
        ],
        "stds": [
          {
            "accuracy": 0.07039910243947986,
            "precision": 0.0637816489614569,
            "recall": 0.10986129326071788,
            "f1": 0.06754637810650833,
            "auc": 0.07936944488080443
          }
        ]
      },
      "US9809623B2": {
        "means": [
          {
            "accuracy": 0.7622666666666666,
            "precision": 0.02500000000000001,
            "recall": 0.03600000000000001,
            "f1": 0.02833333333333334,
            "auc": 0.5464999999999999
          }
        ],
        "stds": [
          {
            "accuracy": 0.08231851139103136,
            "precision": 0.05000000000000002,
            "recall": 0.07200000000000002,
            "f1": 0.05666666666666668,
            "auc": 0.29175024324034865
          }
        ]
      },
      "US20140294902A1": {
        "means": [
          {
            "accuracy": 0.9691666666666667,
            "precision": 0.9675,
            "recall": 0.9875,
            "f1": 0.9733333333333332,
            "auc": 1.0
          }
        ],
        "stds": [
          {
            "accuracy": 0.030833333333333334,
            "precision": 0.0325,
            "recall": 0.0125,
            "f1": 0.02666666666666667,
            "auc": 0.0
          }
        ]
      },
      "WO2017011820A2": {
        "means": [
          {
            "accuracy": 0.7614000000000002,
            "precision": 0.7914142457182365,
            "recall": 0.838099415204678,
            "f1": 0.8109863613229532,
            "auc": 0.8022254120148861
          }
        ],
        "stds": [
          {
            "accuracy": 0.06307794166400899,
            "precision": 0.06069392691206436,
            "recall": 0.0755137225622963,
            "f1": 0.05105669994465814,
            "auc": 0.07066613753770273
          }
        ]
      }
    },
    "xgb": {
      "sif_sgf_second": {
        "means": [],
        "stds": []
      },
      "US9624268": {
        "means": [
          {
            "accuracy": 0.6379230769230773,
            "precision": 0.6779920732155928,
            "recall": 0.7341499999999996,
            "f1": 0.7005476595571003,
            "auc": 0.6782568181818182
          }
        ],
        "stds": [
          {
            "accuracy": 0.07590165841460156,
            "precision": 0.0653779754009414,
            "recall": 0.10310357042968267,
            "f1": 0.06889853127953999,
            "auc": 0.08637786775783338
          }
        ]
      },
      "US9809623B2": {
        "means": [
          {
            "accuracy": 0.7536666666666666,
            "precision": 0.14816666666666645,
            "recall": 0.19399999999999967,
            "f1": 0.1621333333333331,
            "auc": 0.5718500000000002
          }
        ],
        "stds": [
          {
            "accuracy": 0.1329632290321718,
            "precision": 0.2947828230761161,
            "recall": 0.3848989794855657,
            "f1": 0.32219931965704385,
            "auc": 0.32903483040654835
          }
        ]
      },
      "US20140294902A1": {
        "means": [
          {
            "accuracy": 0.4166666666666665,
            "precision": 0.25,
            "recall": 0.5,
            "f1": 0.3333333333333329,
            "auc": 0.5
          }
        ],
        "stds": [
          {
            "accuracy": 0.08333333333333323,
            "precision": 0.25,
            "recall": 0.5,
            "f1": 0.3333333333333329,
            "auc": 0.0
          }
        ]
      },
      "WO2017011820A2": {
        "means": [
          {
            "accuracy": 0.7532666666666665,
            "precision": 0.791806862044393,
            "recall": 0.8189005847953221,
            "f1": 0.8018657993258269,
            "auc": 0.7893074827219562
          }
        ],
        "stds": [
          {
            "accuracy": 0.06646112343429705,
            "precision": 0.06162570708084128,
            "recall": 0.08085683857266442,
            "f1": 0.05542537569247973,
            "auc": 0.07153863231530497
          }
        ]
      }
    }
  },
  "SGF": {
    "lr": {
      "sif_sgf_second": {
        "means": [],
        "stds": []
      },
      "US9624268": {
        "means": [
          {
            "accuracy": 0.7056666666666669,
            "precision": 0.7500826097105509,
            "recall": 0.7551454545454546,
            "f1": 0.7440251921410824,
            "auc": 0.7970347402597406
          }
        ],
        "stds": [
          {
            "accuracy": 0.07852856436037586,
            "precision": 0.08587268714450713,
            "recall": 0.12057516131242042,
            "f1": 0.07511763046991207,
            "auc": 0.08025257767196228
          }
        ]
      },
      "US9809623B2": {
        "means": [],
        "stds": []
      },
      "US20140294902A1": {
        "means": [],
        "stds": []
      },
      "WO2017011820A2": {
        "means": [
          {
            "accuracy": 0.7702857142857142,
            "precision": 0.8506990290067691,
            "recall": 0.7738461538461533,
            "f1": 0.8042020892324602,
            "auc": 0.8590192307692309
          }
        ],
        "stds": [
          {
            "accuracy": 0.07650375759930654,
            "precision": 0.07818567576747795,
            "recall": 0.10404345313212392,
            "f1": 0.0694872382330865,