{
  "SIF": {
    "lr": {
      "sif_sgf_second": {
        "means": [],
        "stds": []
      },
      "US9624268": {
        "means": [
          {
            "accuracy": 0.6492307692307694,
            "precision": 0.7057657051862898,
            "recall": 0.6984583333333332,
            "f1": 0.6959800607170896,
            "auc": 0.7097446969696968
          }
        ],
        "stds": [
          {
            "accuracy": 0.07786979754431517,
            "precision": 0.0757759870990545,
            "recall": 0.11134980615842234,
            "f1": 0.07515271901924611,
            "auc": 0.08710494966351474
          }
        ]
      },
      "US9809623B2": {
        "means": [
          {
            "accuracy": 0.673866666666667,
            "precision": 0.1294999999999999,
            "recall": 0.2359999999999996,
            "f1": 0.15973333333333317,
            "auc": 0.3881
          }
        ],
        "stds": [
          {
            "accuracy": 0.15086147846139367,
            "precision": 0.22629272606755413,
            "recall": 0.40377754868245946,
            "f1": 0.27567340605813334,
            "auc": 0.32561140806058503
          }
        ]
      },
      "US20140294902A1": {
        "means": [
          {
            "accuracy": 1.0,
            "precision": 1.0,
            "recall": 1.0,
            "f1": 1.0,
            "auc": 1.0
          }
        ],
        "stds": [
          {
            "accuracy": 0.0,
            "precision": 0.0,
            "recall": 0.0,
            "f1": 0.0,
            "auc": 0.0
          }
        ]
      },
      "WO2017011820A2": {
        "means": [
          {
            "accuracy": 0.7912666666666668,
            "precision": 0.835814884164384,
            "recall": 0.82840350877193,
            "f1": 0.8282083536104516,
            "auc": 0.8279791334396599
          }
        ],
        "stds": [
          {
            "accuracy": 0.05733427142153236,
            "precision": 0.06078796321123721,
            "recall": 0.0818997415821899,
            "f1": 0.050515339174559096,
            "auc": 0.06227338385761799
          }
        ]
      }
    },
    "rf": {
      "sif_sgf_second": {
        "means": [],
        "stds": []
      },
      "US9624268": {
        "means": [
          {
            "accuracy": 0.6386923076923078,
            "precision": 0.6813366604940506,
            "recall": 0.7308083333333331,
            "f1": 0.7000549393260224,
            "auc": 0.6869846590909092
          }
        ],
        "stds": [
          {
            "accuracy": 0.06958948337349188,
            "precision": 0.06490972594692453,
            "recall": 0.10453783933086218,
            "f1": 0.06564526028880359,
            "auc": 0.08018119745633483
          }
        ]
      },
      "US9809623B2": {
        "means": [
          {
            "accuracy": 0.7444666666666672,
            "precision": 0.008,
            "recall": 0.01,
            "f1": 0.008666666666666666,
            "auc": 0.5178499999999999
          }
        ],
        "stds": [
          {
            "accuracy": 0.09685074968135522,
            "precision": 0.016,
            "recall": 0.02,
            "f1": 0.017333333333333333,
            "auc": 0.2808462030120013
          }
        ]
      },
      "US20140294902A1": {
        "means": [
          {
            "accuracy": 0.9708333333333333,
            "precision": 0.9725,
            "recall": 0.9975,
            "f1": 0.9799999999999998,
            "auc": 1.0
          }
        ],
        "stds": [
          {
            "accuracy": 0.02916666666666667,
            "precision": 0.0275,
            "recall": 0.0025,
            "f1": 0.020000000000000004,
            "auc": 0.0
          }
        ]
      },
      "WO2017011820A2": {
        "means": [
          {
            "accuracy": 0.767,
            "precision": 0.8005520002089264,
            "recall": 0.8348830409356723,
            "f1": 0.8139935183261238,
            "auc": 0.8042629363813575
          }
        ],
        "stds": [
          {
            "accuracy": 0.06149371985565615,
            "precision": 0.06258564467752681,
            "recall": 0.07559550239970965,
            "f1": 0.05033687035754229,
            "auc": 0.07129677510896999
          }
        ]
      }
    },
    "xgb": {
      "sif_sgf_second": {
        "means": [],
        "stds": []
      },
      "US9624268": {
        "means": [
          {
            "accuracy": 0.6172307692307696,
            "precision": 0.6641987958206227,
            "recall": 0.7077833333333339,
            "f1": 0.6800892306402716,
            "auc": 0.6512249999999997
          }
        ],
        "stds": [
          {
            "accuracy": 0.0713721050333582,
            "precision": 0.06318493959209094,
            "recall": 0.10844858940849629,
            "f1": 0.06916851409144922,
            "auc": 0.0881848301544069
          }
        ]
      },
      "US9809623B2": {
        "means": [
          {
            "accuracy": 0.7539333333333333,
            "precision": 0.14699999999999977,
            "recall": 0.19799999999999962,
            "f1": 0.1623333333333331,
            "auc": 0.6713999999999999
          }
        ],
        "stds": [
          {
            "accuracy": 0.12872067689689712,
            "precision": 0.29277485177344514,
            "recall": 0.3928989794855656,
            "f1": 0.3229059326290266,
            "auc": 0.26056488300533026
          }
        ]
      },
      "US20140294902A1": {
        "means": [
          {
            "accuracy": 0.4166666666666665,
            "precision": 0.25,
            "recall": 0.5,
            "f1": 0.3333333333333329,
            "auc": 0.5
          }
        ],
        "stds": [
          {
            "accuracy": 0.08333333333333323,
            "precision": 0.25,
            "recall": 0.5,
            "f1": 0.3333333333333329,
            "auc": 0.0
          }
        ]
      },
      "WO2017011820A2": {
        "means": [
          {
            "accuracy": 0.7563333333333336,
            "precision": 0.8000523737248231,
            "recall": 0.8119883040935673,
            "f1": 0.8023875363206993,
            "auc": 0.8037062511075664
          }
        ],
        "stds": [
          {
            "accuracy": 0.06584271408394503,
            "precision": 0.06410251330926905,
            "recall": 0.08194039956043964,
            "f1": 0.05555610984152283,
            "auc": 0.0687855576711244
          }
        ]
      }
    }
  },
  "SGF": {
    "lr": {
      "sif_sgf_second": {
        "means": [],
        "stds": []
      },
      "US9624268": {
        "means": [
          {
            "accuracy": 0.7283333333333336,
            "precision": 0.7787370941150351,
            "recall": 0.759,
            "f1": 0.7607216328299112,
            "auc": 0.8154896103896101
          }
        ],
        "stds": [
          {
            "accuracy": 0.07878450416467374,
            "precision": 0.08824882938026093,
            "recall": 0.11254053104211388,
            "f1": 0.07392218443986694,
            "auc": 0.08120535789466281
          }
        ]
      },
      "US9809623B2": {
        "means": [],
        "stds": []
      },
      "US20140294902A1": {
        "means": [],
        "stds": []
      },
      "WO2017011820A2": {
        "means": [
          {
            "accuracy": 0.776666666666666,
            "precision": 0.886604209026268,
            "recall": 0.7419999999999995,
            "f1": 0.8009535403069213,
            "auc": 0.8063269230769228
          }
        ],
        "stds": [
          {
            "accuracy": 0.07271492428751426,
            "precision": 0.07587807520112955,
            "recall": 0.10850612518071738,
            "f1": 0.07204212365476015,
            "auc": 0.08241770101549341
          }
        ]
      }
    },
    "rf": {
      "sif_sgf_second": {
        "means": [],