{
  "dataset": "sif_sgf_second",
  "target": "SGF",
  "model": "xgb",
  "n_folds": 5,
  "metrics": {
    "accuracy": [
      0.8125,
      0.7767857142857143,
      0.8392857142857143,
      0.8378378378378378,
      0.7927927927927928
    ],
    "precision": [
      0.8135593220338984,
      0.7704918032786885,
      0.8846153846153846,
      0.8095238095238095,
      0.7777777777777778
    ],
    "recall": [
      0.8275862068965517,
      0.8103448275862069,
      0.7931034482758621,
      0.8947368421052632,
      0.8448275862068966
    ],
    "f1": [
      0.8205128205128205,
      0.7899159663865546,
      0.8363636363636363,
      0.85,
      0.8099173553719008
    ],
    "auc": [
      0.8920817369093231,
      0.8804278416347382,
      0.9118773946360154,
      0.9273879142300195,
      0.9272934287573195
    ]
  },
  "mean_metrics": {
    "accuracy": 0.8118404118404119,
    "precision": 0.8111936194459117,
    "recall": 0.8341197822141562,
    "f1": 0.8213419557269825,
    "auc": 0.9078136632334832
  },
  "std_metrics": {
    "accuracy": 0.02458125079559855,
    "precision": 0.04042869458246755,
    "recall": 0.03486935829612731,
    "f1": 0.020812189482153166,
    "auc": 0.018849950718015464
  }
}