{
  "dataset": "sif_sgf_second",
  "target": "SGF",
  "model": "lr",
  "n_folds": 5,
  "metrics": {
    "accuracy": [
      0.7946428571428571,
      0.7767857142857143,
      0.8214285714285714,
      0.8738738738738738,
      0.8468468468468469
    ],
    "precision": [
      0.7777777777777778,
      0.7704918032786885,
      0.88,
      0.8524590163934426,
      0.8867924528301887
    ],
    "recall": [
      0.8448275862068966,
      0.8103448275862069,
      0.7586206896551724,
      0.9122807017543859,
      0.8103448275862069
    ],
    "f1": [
      0.8099173553719008,
      0.7899159663865546,
      0.8148148148148148,
      0.8813559322033898,
      0.8468468468468469
    ],
    "auc": [
      0.8706896551724139,
      0.8347701149425287,
      0.9316730523627075,
      0.9257634827810266,
      0.8980156148340923
    ]
  },
  "mean_metrics": {
    "accuracy": 0.8227155727155727,
    "precision": 0.8335042100560195,
    "recall": 0.8272837265577738,
    "f1": 0.8285701831247014,
    "auc": 0.8921823840185539
  },
  "std_metrics": {
    "accuracy": 0.034924993331218554,
    "precision": 0.04987339700901887,
    "recall": 0.05063741311992057,
    "f1": 0.032098779898203464,
    "auc": 0.03599815466332084
  }
}