{
  "dataset": "sif_sgf_second",
  "target": "SIF",
  "model": "xgb",
  "n_folds": 5,
  "metrics": {
    "accuracy": [
      0.7857142857142857,
      0.7946428571428571,
      0.8125,
      0.8378378378378378,
      0.7837837837837838
    ],
    "precision": [
      0.7974683544303798,
      0.8243243243243243,
      0.8493150684931506,
      0.8441558441558441,
      0.7974683544303798
    ],
    "recall": [
      0.8873239436619719,
      0.8591549295774648,
      0.8611111111111112,
      0.9154929577464789,
      0.8873239436619719
    ],
    "f1": [
      0.84,
      0.8413793103448276,
      0.8551724137931035,
      0.8783783783783784,
      0.84
    ],
    "auc": [
      0.8211954654757816,
      0.8823428375128821,
      0.8836805555555555,
      0.8713028169014084,
      0.8607394366197183
    ]
  },
  "mean_metrics": {
    "accuracy": 0.8028957528957529,
    "precision": 0.8225463891668158,
    "recall": 0.8820813771517997,
    "f1": 0.850986020503262,
    "auc": 0.8638522224130692
  },
  "std_metrics": {
    "accuracy": 0.02020777735770156,
    "precision": 0.022111116858752635,
    "recall": 0.02067209124040373,
    "f1": 0.014842784993390125,
    "auc": 0.02289045804701444
  }
}