{
  "dataset": "sif_sgf_second",
  "target": "SIF",
  "model": "xgb",
  "n_folds": 5,
  "metrics": {
    "accuracy": [
      0.8125,
      0.7767857142857143,
      0.7946428571428571,
      0.8558558558558559,
      0.7837837837837838
    ],
    "precision": [
      0.8378378378378378,
      0.8108108108108109,
      0.8266666666666667,
      0.8767123287671232,
      0.8133333333333334
    ],
    "recall": [
      0.8732394366197183,
      0.8450704225352113,
      0.8611111111111112,
      0.9014084507042254,
      0.8591549295774648
    ],
    "f1": [
      0.8551724137931035,
      0.8275862068965517,
      0.8435374149659864,
      0.8888888888888888,
      0.8356164383561644
    ],
    "auc": [
      0.8431810374441773,
      0.8672277567846101,
      0.8784722222222223,
      0.8804577464788732,
      0.8614436619718309
    ]
  },
  "mean_metrics": {
    "accuracy": 0.8047136422136422,
    "precision": 0.8330721954831544,
    "recall": 0.8679968701095462,
    "f1": 0.8501602725801389,
    "auc": 0.8661564849803428
  },
  "std_metrics": {
    "accuracy": 0.028268718499381614,
    "precision": 0.023888889911479194,
    "recall": 0.018947473758706947,
    "f1": 0.021400939601465014,
    "auc": 0.013471696090215503
  }
}