{
  "dataset": "sif_sgf_second",
  "target": "SGF",
  "model": "xgb",
  "n_folds": 5,
  "metrics": {
    "accuracy": [
      0.7946428571428571,
      0.7857142857142857,
      0.7946428571428571,
      0.8018018018018018,
      0.7567567567567568
    ],
    "precision": [
      0.7777777777777778,
      0.7741935483870968,
      0.8571428571428571,
      0.7966101694915254,
      0.7384615384615385
    ],
    "recall": [
      0.8448275862068966,
      0.8275862068965517,
      0.7241379310344828,
      0.8245614035087719,
      0.8275862068965517
    ],
    "f1": [
      0.8099173553719008,
      0.8,
      0.7850467289719626,
      0.8103448275862069,
      0.7804878048780488
    ],
    "auc": [
      0.8837803320561941,
      0.8805874840357599,
      0.9077266922094508,
      0.9124431448992852,
      0.9139557579700716
    ]
  },
  "mean_metrics": {
    "accuracy": 0.7867117117117118,
    "precision": 0.7888371782521592,
    "recall": 0.8097398669086509,
    "f1": 0.7971593433616239,
    "auc": 0.8996986822341523
  },
  "std_metrics": {
    "accuracy": 0.015822838807247653,
    "precision": 0.03898855339793581,
    "recall": 0.043394702718359296,
    "f1": 0.012404425158710106,
    "auc": 0.014482860562005938
  }
}