{
  "dataset": "sif_sgf_second",
  "target": "SIF",
  "model": "rf",
  "n_folds": 5,
  "metrics": {
    "accuracy": [
      0.75,
      0.8214285714285714,
      0.7767857142857143,
      0.8198198198198198,
      0.7927927927927928
    ],
    "precision": [
      0.7945205479452054,
      0.84,
      0.8051948051948052,
      0.8493150684931506,
      0.7926829268292683
    ],
    "recall": [
      0.8169014084507042,
      0.8873239436619719,
      0.8611111111111112,
      0.8732394366197183,
      0.9154929577464789
    ],
    "f1": [
      0.8055555555555556,
      0.863013698630137,
      0.8322147651006712,
      0.8611111111111112,
      0.8496732026143791
    ],
    "auc": [
      0.8131226382686362,
      0.8868086568189625,
      0.8626736111111112,
      0.8577464788732394,
      0.8892605633802817
    ]
  },
  "mean_metrics": {
    "accuracy": 0.7921653796653796,
    "precision": 0.8163426696924858,
    "recall": 0.8708137715179969,
    "f1": 0.8423136666023708,
    "auc": 0.8619223896904462
  },
  "std_metrics": {
    "accuracy": 0.026966458607586508,
    "precision": 0.02369435237652321,
    "recall": 0.03248194522475432,
    "f1": 0.021396936956456156,
    "auc": 0.02744492789531087
  }
}