{
  "dataset": "sif_sgf_second",
  "target": "SGF",
  "model": "lr",
  "n_folds": 5,
  "metrics": {
    "accuracy": [
      0.7946428571428571,
      0.7857142857142857,
      0.7946428571428571,
      0.8468468468468469,
      0.8108108108108109
    ],
    "precision": [
      0.7868852459016393,
      0.7931034482758621,
      0.8571428571428571,
      0.8225806451612904,
      0.8363636363636363
    ],
    "recall": [
      0.8275862068965517,
      0.7931034482758621,
      0.7241379310344828,
      0.8947368421052632,
      0.7931034482758621
    ],
    "f1": [
      0.8067226890756303,
      0.7931034482758621,
      0.7850467289719626,
      0.8571428571428571,
      0.8141592920353983
    ],
    "auc": [
      0.8413154533844189,
      0.8539272030651341,
      0.9224137931034484,
      0.9273879142300195,
      0.8589785296031229
    ]
  },
  "mean_metrics": {
    "accuracy": 0.8065315315315316,
    "precision": 0.819215166569057,
    "recall": 0.8065335753176044,
    "f1": 0.8112350031003421,
    "auc": 0.8808045786772288
  },
  "std_metrics": {
    "accuracy": 0.021724068500070855,
    "precision": 0.026347492394142535,
    "recall": 0.05544873017474645,
    "f1": 0.02510387415758149,
    "auc": 0.03649519045233537
  }
}