{
  "dataset": "sif_sgf_second",
  "target": "SIF",
  "model": "lr",
  "n_folds": 5,
  "metrics": {
    "accuracy": [
      0.7410714285714286,
      0.8214285714285714,
      0.7767857142857143,
      0.7927927927927928,
      0.7657657657657657
    ],
    "precision": [
      0.8,
      0.9047619047619048,
      0.8405797101449275,
      0.8529411764705882,
      0.8260869565217391
    ],
    "recall": [
      0.7887323943661971,
      0.8028169014084507,
      0.8055555555555556,
      0.8169014084507042,
      0.8028169014084507
    ],
    "f1": [
      0.7943262411347518,
      0.8507462686567164,
      0.8226950354609929,
      0.8345323741007195,
      0.8142857142857143
    ],
    "auc": [
      0.8400893163861216,
      0.904671934043284,
      0.8604166666666666,
      0.8705985915492959,
      0.807218309859155
    ]
  },
  "mean_metrics": {
    "accuracy": 0.7795688545688545,
    "precision": 0.844873949579832,
    "recall": 0.8033646322378717,
    "f1": 0.823317126727779,
    "auc": 0.8565989637009046
  },
  "std_metrics": {
    "accuracy": 0.026860496557193723,
    "precision": 0.034746827990420406,
    "recall": 0.008974930177740035,
    "f1": 0.018976640673759544,
    "auc": 0.03234993768669348
  }
}