{
  "dataset": "sif_sgf_second",
  "target": "SGF",
  "model": "rf",
  "n_folds": 5,
  "metrics": {
    "accuracy": [
      0.8035714285714286,
      0.8035714285714286,
      0.8482142857142857,
      0.8558558558558559,
      0.8108108108108109
    ],
    "precision": [
      0.8,
      0.8,
      0.9183673469387755,
      0.8253968253968254,
      0.8135593220338984
    ],
    "recall": [
      0.8275862068965517,
      0.8275862068965517,
      0.7758620689655172,
      0.9122807017543859,
      0.8275862068965517
    ],
    "f1": [
      0.8135593220338984,
      0.8135593220338984,
      0.8411214953271028,
      0.8666666666666667,
      0.8205128205128205
    ],
    "auc": [
      0.8981481481481481,
      0.8560025542784163,
      0.9098020434227331,
      0.9366471734892787,
      0.9162329212752116
    ]
  },
  "mean_metrics": {
    "accuracy": 0.8244047619047619,
    "precision": 0.8314646988739,
    "recall": 0.8341802782819115,
    "f1": 0.8310839253148773,
    "auc": 0.9033665681227575
  },
  "std_metrics": {
    "accuracy": 0.022842573395557283,
    "precision": 0.044473691997526515,
    "recall": 0.043888802710386775,
    "f1": 0.02045901263945128,
    "auc": 0.026777374007996856
  }
}