{
  "dataset": "sif_sgf_second",
  "target": "SIF",
  "model": "lr",
  "n_folds": 5,
  "metrics": {
    "accuracy": [
      0.7321428571428571,
      0.7767857142857143,
      0.7767857142857143,
      0.7927927927927928,
      0.7657657657657657
    ],
    "precision": [
      0.8253968253968254,
      0.8709677419354839,
      0.8615384615384616,
      0.875,
      0.8
    ],
    "recall": [
      0.7323943661971831,
      0.7605633802816901,
      0.7777777777777778,
      0.7887323943661971,
      0.8450704225352113
    ],
    "f1": [
      0.7761194029850746,
      0.8120300751879699,
      0.8175182481751825,
      0.8296296296296296,
      0.821917808219178
    ],
    "auc": [
      0.8345929233940226,
      0.8672277567846101,
      0.8510416666666667,
      0.8505281690140845,
      0.8290492957746479
    ]
  },
  "mean_metrics": {
    "accuracy": 0.7688545688545687,
    "precision": 0.8465806057741542,
    "recall": 0.780907668231612,
    "f1": 0.811443032839407,
    "auc": 0.8464879623268062
  },
  "std_metrics": {
    "accuracy": 0.020278733601197835,
    "precision": 0.029136359459421696,
    "recall": 0.037296949257630614,
    "f1": 0.01857678609581173,
    "auc": 0.013511458912882399
  }
}