{
  "dataset": "US9624268",
  "target": "SGF",
  "model": "xgb",
  "n_folds": 5,
  "metrics": {
    "accuracy": [
      0.5555555555555556,
      0.5555555555555556,
      0.8333333333333334,
      0.6111111111111112,
      0.6111111111111112
    ],
    "precision": [
      0.6666666666666666,
      0.6363636363636364,
      0.8888888888888888,
      0.6153846153846154,
      0.6153846153846154
    ],
    "recall": [
      0.5454545454545454,
      0.6363636363636364,
      0.8,
      0.8,
      0.8
    ],
    "f1": [
      0.6,
      0.6363636363636364,
      0.8421052631578947,
      0.6956521739130435,
      0.6956521739130435
    ],
    "auc": [
      0.6493506493506493,
      0.6623376623376623,
      0.8625,
      0.6,
      0.5875
    ]
  },
  "mean_metrics": {
    "accuracy": 0.6333333333333334,
    "precision": 0.6845376845376846,
    "recall": 0.7163636363636364,
    "f1": 0.6939546494695236,
    "auc": 0.6723376623376623
  },
  "std_metrics": {
    "accuracy": 0.10304020550550783,
    "precision": 0.10388822923083031,
    "recall": 0.10639082791511124,
    "f1": 0.08258155782281804,
    "auc": 0.09921722005243536
  }
}