{
  "dataset": "US9624268",
  "target": "SGF",
  "model": "rf",
  "n_folds": 5,
  "metrics": {
    "accuracy": [
      0.5555555555555556,
      0.5555555555555556,
      0.7222222222222222,
      0.5555555555555556,
      0.5555555555555556
    ],
    "precision": [
      0.6666666666666666,
      0.6363636363636364,
      0.8571428571428571,
      0.5714285714285714,
      0.5833333333333334
    ],
    "recall": [
      0.5454545454545454,
      0.6363636363636364,
      0.6,
      0.8,
      0.7
    ],
    "f1": [
      0.6,
      0.6363636363636364,
      0.7058823529411765,
      0.6666666666666666,
      0.6363636363636364
    ],
    "auc": [
      0.5649350649350648,
      0.6363636363636364,
      0.825,
      0.55,
      0.6625
    ]
  },
  "mean_metrics": {
    "accuracy": 0.5888888888888889,
    "precision": 0.662987012987013,
    "recall": 0.6563636363636365,
    "f1": 0.6490552584670232,
    "auc": 0.6477597402597403
  },
  "std_metrics": {
    "accuracy": 0.06666666666666667,
    "precision": 0.10309848956884125,
    "recall": 0.0876506966777742,
    "f1": 0.035406364658478066,
    "auc": 0.09816124466642179
  }
}