{
  "dataset": "US9624268",
  "target": "SGF",
  "model": "rf",
  "n_folds": 5,
  "metrics": {
    "accuracy": [
      0.5555555555555556,
      0.7222222222222222,
      0.8333333333333334,
      0.6666666666666666,
      0.6666666666666666
    ],
    "precision": [
      0.6666666666666666,
      0.7142857142857143,
      0.8888888888888888,
      0.6428571428571429,
      0.6666666666666666
    ],
    "recall": [
      0.5454545454545454,
      0.9090909090909091,
      0.8,
      0.9,
      0.8
    ],
    "f1": [
      0.6,
      0.8,
      0.8421052631578947,
      0.75,
      0.7272727272727273
    ],
    "auc": [
      0.6688311688311688,
      0.7987012987012987,
      0.8625,
      0.66875,
      0.71875
    ]
  },
  "mean_metrics": {
    "accuracy": 0.6888888888888889,
    "precision": 0.7158730158730158,
    "recall": 0.790909090909091,
    "f1": 0.7438755980861244,
    "auc": 0.7435064935064934
  },
  "std_metrics": {
    "accuracy": 0.09026709338484402,
    "precision": 0.08956657764867226,
    "recall": 0.13136284995046144,
    "f1": 0.08223425920258716,
    "auc": 0.07613638094314873
  }
}