{
  "dataset": "US9624268",
  "target": "SIF",
  "model": "xgb",
  "n_folds": 5,
  "metrics": {
    "accuracy": [
      0.6153846153846154,
      0.5769230769230769,
      0.6153846153846154,
      0.8461538461538461,
      0.7307692307692307
    ],
    "precision": [
      0.6666666666666666,
      0.625,
      0.6666666666666666,
      0.7894736842105263,
      0.7368421052631579
    ],
    "recall": [
      0.6666666666666666,
      0.6666666666666666,
      0.6666666666666666,
      1.0,
      0.875
    ],
    "f1": [
      0.6666666666666666,
      0.6451612903225806,
      0.6666666666666666,
      0.8823529411764706,
      0.8
    ],
    "auc": [
      0.6787878787878788,
      0.6242424242424243,
      0.606060606060606,
      0.7545454545454545,
      0.75625
    ]
  },
  "mean_metrics": {
    "accuracy": 0.676923076923077,
    "precision": 0.6969298245614035,
    "recall": 0.775,
    "f1": 0.7321695129664769,
    "auc": 0.6839772727272727
  },
  "std_metrics": {
    "accuracy": 0.09910845174403941,
    "precision": 0.058588349050865074,
    "recall": 0.1384437310486346,
    "f1": 0.09306740958521866,
    "auc": 0.06303872503465224
  }
}