{
  "dataset": "US9624268",
  "target": "SGF",
  "model": "rf",
  "n_folds": 5,
  "metrics": {
    "accuracy": [
      0.6111111111111112,
      0.6666666666666666,
      0.8333333333333334,
      0.6111111111111112,
      0.7222222222222222
    ],
    "precision": [
      0.7,
      0.7272727272727273,
      0.8888888888888888,
      0.6153846153846154,
      0.7272727272727273
    ],
    "recall": [
      0.6363636363636364,
      0.7272727272727273,
      0.8,
      0.8,
      0.8
    ],
    "f1": [
      0.6666666666666666,
      0.7272727272727273,
      0.8421052631578947,
      0.6956521739130435,
      0.7619047619047619
    ],
    "auc": [
      0.7207792207792207,
      0.7987012987012987,
      0.85625,
      0.675,
      0.775
    ]
  },
  "mean_metrics": {
    "accuracy": 0.6888888888888889,
    "precision": 0.7317637917637917,
    "recall": 0.7527272727272727,
    "f1": 0.7387203185830188,
    "auc": 0.7651461038961039
  },
  "std_metrics": {
    "accuracy": 0.08314794192830981,
    "precision": 0.08863598211675207,
    "recall": 0.0646414139441134,
    "f1": 0.060668948175312064,
    "auc": 0.06263818422863926
  }
}