{
  "dataset": "US9624268",
  "target": "SIF",
  "model": "lr",
  "n_folds": 5,
  "metrics": {
    "accuracy": [
      0.6538461538461539,
      0.6538461538461539,
      0.7307692307692307,
      0.6538461538461539,
      0.7692307692307693
    ],
    "precision": [
      0.7142857142857143,
      0.7142857142857143,
      0.7857142857142857,
      0.6875,
      0.8125
    ],
    "recall": [
      0.6666666666666666,
      0.6666666666666666,
      0.7333333333333333,
      0.7333333333333333,
      0.8125
    ],
    "f1": [
      0.6896551724137931,
      0.6896551724137931,
      0.7586206896551724,
      0.7096774193548387,
      0.8125
    ],
    "auc": [
      0.7212121212121211,
      0.5575757575757575,
      0.7515151515151516,
      0.6787878787878788,
      0.75
    ]
  },
  "mean_metrics": {
    "accuracy": 0.6923076923076923,
    "precision": 0.7428571428571429,
    "recall": 0.7224999999999999,
    "f1": 0.7320216907675196,
    "auc": 0.6918181818181818
  },
  "std_metrics": {
    "accuracy": 0.04865042554105199,
    "precision": 0.04771567577102638,
    "recall": 0.05398044913567217,
    "f1": 0.04748341861858921,
    "auc": 0.07211611899510706
  }
}