{
  "dataset": "US9624268",
  "target": "SGF",
  "model": "xgb",
  "n_folds": 5,
  "metrics": {
    "accuracy": [
      0.5555555555555556,
      0.6666666666666666,
      0.7777777777777778,
      0.6111111111111112,
      0.6111111111111112
    ],
    "precision": [
      0.6666666666666666,
      0.6923076923076923,
      0.875,
      0.6153846153846154,
      0.6153846153846154
    ],
    "recall": [
      0.5454545454545454,
      0.8181818181818182,
      0.7,
      0.8,
      0.8
    ],
    "f1": [
      0.6,
      0.75,
      0.7777777777777778,
      0.6956521739130435,
      0.6956521739130435
    ],
    "auc": [
      0.7012987012987013,
      0.6493506493506493,
      0.8625,
      0.5625,
      0.6250000000000001
    ]
  },
  "mean_metrics": {
    "accuracy": 0.6444444444444445,
    "precision": 0.6929487179487179,
    "recall": 0.7327272727272727,
    "f1": 0.7038164251207729,
    "auc": 0.6801298701298701
  },
  "std_metrics": {
    "accuracy": 0.0753592220347252,
    "precision": 0.09577703946471672,
    "recall": 0.10246547493531183,
    "f1": 0.060851235642182144,
    "auc": 0.10151889778852506
  }
}