{
  "dataset": "US9624268",
  "target": "SIF",
  "model": "rf",
  "n_folds": 5,
  "metrics": {
    "accuracy": [
      0.6153846153846154,
      0.5384615384615384,
      0.6538461538461539,
      0.7307692307692307,
      0.7307692307692307
    ],
    "precision": [
      0.6666666666666666,
      0.6,
      0.7142857142857143,
      0.75,
      0.7368421052631579
    ],
    "recall": [
      0.6666666666666666,
      0.6,
      0.6666666666666666,
      0.8,
      0.875
    ],
    "f1": [
      0.6666666666666666,
      0.6,
      0.6896551724137931,
      0.7741935483870968,
      0.8
    ],
    "auc": [
      0.6787878787878787,
      0.5636363636363637,
      0.6696969696969697,
      0.8303030303030303,
      0.746875
    ]
  },
  "mean_metrics": {
    "accuracy": 0.6538461538461539,
    "precision": 0.6935588972431078,
    "recall": 0.7216666666666667,
    "f1": 0.7061030774935112,
    "auc": 0.6978598484848485
  },
  "std_metrics": {
    "accuracy": 0.07297563831157797,
    "precision": 0.05470849009132231,
    "recall": 0.10049875621120892,
    "f1": 0.07285131627734522,
    "auc": 0.08844943543380199
  }
}