{
  "dataset": "US9624268",
  "target": "SIF",
  "model": "xgb",
  "n_folds": 5,
  "metrics": {
    "accuracy": [
      0.6153846153846154,
      0.6153846153846154,
      0.6153846153846154,
      0.6923076923076923,
      0.6153846153846154
    ],
    "precision": [
      0.631578947368421,
      0.6923076923076923,
      0.6666666666666666,
      0.7058823529411765,
      0.6666666666666666
    ],
    "recall": [
      0.8,
      0.6,
      0.6666666666666666,
      0.8,
      0.75
    ],
    "f1": [
      0.7058823529411765,
      0.6428571428571429,
      0.6666666666666666,
      0.75,
      0.7058823529411765
    ],
    "auc": [
      0.7515151515151515,
      0.6060606060606061,
      0.6424242424242423,
      0.8,
      0.71875
    ]
  },
  "mean_metrics": {
    "accuracy": 0.6307692307692307,
    "precision": 0.6726204651901246,
    "recall": 0.7233333333333333,
    "f1": 0.6942577030812325,
    "auc": 0.70375
  },
  "std_metrics": {
    "accuracy": 0.03076923076923075,
    "precision": 0.02549212312526104,
    "recall": 0.07859884081701067,
    "f1": 0.03682594606060458,
    "auc": 0.07081615413131678
  }
}