{
  "dataset": "US9624268",
  "target": "SGF",
  "model": "lr",
  "n_folds": 5,
  "metrics": {
    "accuracy": [
      0.6111111111111112,
      0.7777777777777778,
      0.8333333333333334,
      0.6666666666666666,
      0.6111111111111112
    ],
    "precision": [
      0.7,
      0.8181818181818182,
      0.8888888888888888,
      0.6666666666666666,
      0.6153846153846154
    ],
    "recall": [
      0.6363636363636364,
      0.8181818181818182,
      0.8,
      0.8,
      0.8
    ],
    "f1": [
      0.6666666666666666,
      0.8181818181818182,
      0.8421052631578947,
      0.7272727272727273,
      0.6956521739130435
    ],
    "auc": [
      0.7792207792207791,
      0.8441558441558441,
      0.9,
      0.725,
      0.7
    ]
  },
  "mean_metrics": {
    "accuracy": 0.7,
    "precision": 0.7378243978243978,
    "recall": 0.7709090909090909,
    "f1": 0.74997572983843,
    "auc": 0.7896753246753245
  },
  "std_metrics": {
    "accuracy": 0.090267093384844,
    "precision": 0.10076051167522758,
    "recall": 0.06764027359177556,
    "f1": 0.06862477170410433,
    "auc": 0.07412627062857946
  }
}