{
  "dataset": "US9624268",
  "target": "SIF",
  "model": "lr",
  "n_folds": 5,
  "metrics": {
    "accuracy": [
      0.6538461538461539,
      0.6538461538461539,
      0.6538461538461539,
      0.6153846153846154,
      0.6923076923076923
    ],
    "precision": [
      0.75,
      0.7142857142857143,
      0.7142857142857143,
      0.6666666666666666,
      0.7857142857142857
    ],
    "recall": [
      0.6,
      0.6666666666666666,
      0.6666666666666666,
      0.6666666666666666,
      0.6875
    ],
    "f1": [
      0.6666666666666666,
      0.6896551724137931,
      0.6896551724137931,
      0.6666666666666666,
      0.7333333333333333
    ],
    "auc": [
      0.7454545454545455,
      0.6606060606060606,
      0.6,
      0.6848484848484848,
      0.74375
    ]
  },
  "mean_metrics": {
    "accuracy": 0.6538461538461539,
    "precision": 0.7261904761904762,
    "recall": 0.6575,
    "f1": 0.6891954022988506,
    "auc": 0.6869318181818183
  },
  "std_metrics": {
    "accuracy": 0.02432521277052598,
    "precision": 0.03984095364447979,
    "recall": 0.029860788111948196,
    "f1": 0.02434611916298616,
    "auc": 0.054603557017238395
  }
}