{
  "dataset": "US9624268",
  "target": "SGF",
  "model": "xgb",
  "n_folds": 5,
  "metrics": {
    "accuracy": [
      0.5,
      0.6111111111111112,
      0.7777777777777778,
      0.6111111111111112,
      0.6111111111111112
    ],
    "precision": [
      0.5833333333333334,
      0.7,
      0.8,
      0.6153846153846154,
      0.6153846153846154
    ],
    "recall": [
      0.6363636363636364,
      0.6363636363636364,
      0.8,
      0.8,
      0.8
    ],
    "f1": [
      0.6086956521739131,
      0.6666666666666666,
      0.8,
      0.6956521739130435,
      0.6956521739130435
    ],
    "auc": [
      0.5324675324675324,
      0.7012987012987013,
      0.8375,
      0.575,
      0.575
    ]
  },
  "mean_metrics": {
    "accuracy": 0.6222222222222222,
    "precision": 0.6628205128205128,
    "recall": 0.7345454545454546,
    "f1": 0.6933333333333334,
    "auc": 0.6442532467532468
  },
  "std_metrics": {
    "accuracy": 0.08888888888888888,
    "precision": 0.07876428937492141,
    "recall": 0.08016511885472222,
    "f1": 0.06206960609541645,
    "auc": 0.11197014049719559
  }
}