{
  "dataset": "US9624268",
  "target": "SIF",
  "model": "xgb",
  "n_folds": 5,
  "metrics": {
    "accuracy": [
      0.6923076923076923,
      0.5769230769230769,
      0.5769230769230769,
      0.7692307692307693,
      0.7307692307692307
    ],
    "precision": [
      0.6842105263157895,
      0.6428571428571429,
      0.625,
      0.7647058823529411,
      0.8
    ],
    "recall": [
      0.8666666666666667,
      0.6,
      0.6666666666666666,
      0.8666666666666667,
      0.75
    ],
    "f1": [
      0.7647058823529411,
      0.6206896551724138,
      0.6451612903225806,
      0.8125,
      0.7741935483870968
    ],
    "auc": [
      0.7878787878787878,
      0.6,
      0.6424242424242425,
      0.8181818181818182,
      0.79375
    ]
  },
  "mean_metrics": {
    "accuracy": 0.6692307692307693,
    "precision": 0.7033547103051747,
    "recall": 0.75,
    "f1": 0.7234500752470063,
    "auc": 0.7284469696969698
  },
  "std_metrics": {
    "accuracy": 0.07919715493066927,
    "precision": 0.06822051657175837,
    "recall": 0.10645812948447543,
    "f1": 0.07602061373554506,
    "auc": 0.08915997245796588
  }
}