{
  "dataset": "US9624268",
  "target": "SIF",
  "model": "lr",
  "n_folds": 5,
  "metrics": {
    "accuracy": [
      0.5769230769230769,
      0.6153846153846154,
      0.6538461538461539,
      0.6538461538461539,
      0.6153846153846154
    ],
    "precision": [
      0.625,
      0.6666666666666666,
      0.75,
      0.7142857142857143,
      0.6875
    ],
    "recall": [
      0.6666666666666666,
      0.6666666666666666,
      0.6,
      0.6666666666666666,
      0.6875
    ],
    "f1": [
      0.6451612903225806,
      0.6666666666666666,
      0.6666666666666666,
      0.6896551724137931,
      0.6875
    ],
    "auc": [
      0.6727272727272728,
      0.5454545454545454,
      0.6787878787878788,
      0.6545454545454545,
      0.75
    ]
  },
  "mean_metrics": {
    "accuracy": 0.6230769230769231,
    "precision": 0.6886904761904762,
    "recall": 0.6575,
    "f1": 0.6711299592139415,
    "auc": 0.6603030303030304
  },
  "std_metrics": {
    "accuracy": 0.028781979898261104,
    "precision": 0.04232473532055043,
    "recall": 0.029860788111948196,
    "f1": 0.016281127013517395,
    "auc": 0.06597715050946068
  }
}