{
  "dataset": "US9624268",
  "target": "SIF",
  "model": "rf",
  "n_folds": 5,
  "metrics": {
    "accuracy": [
      0.6923076923076923,
      0.5769230769230769,
      0.5769230769230769,
      0.8461538461538461,
      0.5769230769230769
    ],
    "precision": [
      0.7333333333333333,
      0.6666666666666666,
      0.6428571428571429,
      0.8235294117647058,
      0.6470588235294118
    ],
    "recall": [
      0.7333333333333333,
      0.5333333333333333,
      0.6,
      0.9333333333333333,
      0.6875
    ],
    "f1": [
      0.7333333333333333,
      0.5925925925925926,
      0.6206896551724138,
      0.875,
      0.6666666666666666
    ],
    "auc": [
      0.7575757575757576,
      0.6060606060606061,
      0.7363636363636364,
      0.8909090909090909,
      0.759375
    ]
  },
  "mean_metrics": {
    "accuracy": 0.6538461538461539,
    "precision": 0.702689075630252,
    "recall": 0.6975,
    "f1": 0.6976564495530012,
    "auc": 0.7500568181818182
  },
  "std_metrics": {
    "accuracy": 0.10603114424684787,
    "precision": 0.06857646308022793,
    "recall": 0.13671747023210556,
    "f1": 0.1006441682775366,
    "auc": 0.09044903319329325
  }
}