{
  "dataset": "US9624268",
  "target": "SGF",
  "model": "lr",
  "n_folds": 5,
  "metrics": {
    "accuracy": [
      0.6111111111111112,
      0.8333333333333334,
      0.8888888888888888,
      0.7222222222222222,
      0.6666666666666666
    ],
    "precision": [
      0.7,
      0.9,
      0.9,
      0.7272727272727273,
      0.7
    ],
    "recall": [
      0.6363636363636364,
      0.8181818181818182,
      0.9,
      0.8,
      0.7
    ],
    "f1": [
      0.6666666666666666,
      0.8571428571428571,
      0.9,
      0.7619047619047619,
      0.7
    ],
    "auc": [
      0.7142857142857143,
      0.8701298701298701,
      0.9375,
      0.7625000000000001,
      0.675
    ]
  },
  "mean_metrics": {
    "accuracy": 0.7444444444444445,
    "precision": 0.7854545454545455,
    "recall": 0.7709090909090909,
    "f1": 0.777142857142857,
    "auc": 0.7918831168831169
  },
  "std_metrics": {
    "accuracy": 0.10304020550550781,
    "precision": 0.09405467022820048,
    "recall": 0.09260241147815888,
    "f1": 0.08931079012952518,
    "auc": 0.0978501083313421
  }
}