{
  "dataset": "US9624268",
  "target": "SIF",
  "model": "rf",
  "n_folds": 5,
  "metrics": {
    "accuracy": [
      0.7307692307692307,
      0.6153846153846154,
      0.6538461538461539,
      0.8461538461538461,
      0.7307692307692307
    ],
    "precision": [
      0.75,
      0.6666666666666666,
      0.7142857142857143,
      0.8235294117647058,
      0.7647058823529411
    ],
    "recall": [
      0.8,
      0.6666666666666666,
      0.6666666666666666,
      0.9333333333333333,
      0.8125
    ],
    "f1": [
      0.7741935483870968,
      0.6666666666666666,
      0.6896551724137931,
      0.875,
      0.7878787878787878
    ],
    "auc": [
      0.8030303030303031,
      0.596969696969697,
      0.703030303030303,
      0.8969696969696969,
      0.815625
    ]
  },
  "mean_metrics": {
    "accuracy": 0.7153846153846154,
    "precision": 0.7438375350140056,
    "recall": 0.7758333333333333,
    "f1": 0.7586788350692689,
    "auc": 0.7631249999999999
  },
  "std_metrics": {
    "accuracy": 0.07919715493066921,
    "precision": 0.052254975160744746,
    "recall": 0.10056783227697061,
    "f1": 0.07463841118992369,
    "auc": 0.10342344361489983
  }
}