{
  "dataset": "US9809623B2",
  "target": "SGF",
  "model": "rf",
  "n_folds": 5,
  "metrics": {
    "accuracy": [
      0.6666666666666666,
      1.0,
      0.5,
      1.0,
      1.0
    ],
    "precision": [
      1.0,
      1.0,
      0.0,
      1.0,
      1.0
    ],
    "recall": [
      0.5,
      1.0,
      0.0,
      1.0,
      1.0
    ],
    "f1": [
      0.6666666666666666,
      1.0,
      0.0,
      1.0,
      1.0
    ],
    "auc": [
      1.0,
      1.0,
      1.0,
      1.0,
      1.0
    ]
  },
  "mean_metrics": {
    "accuracy": 0.8333333333333333,
    "precision": 0.8,
    "recall": 0.7,
    "f1": 0.7333333333333333,
    "auc": 1.0
  },
  "std_metrics": {
    "accuracy": 0.21081851067789195,
    "precision": 0.4,
    "recall": 0.4,
    "f1": 0.38873012632302,
    "auc": 0.0
  }
}