{
  "dataset": "US9809623B2",
  "target": "SIF",
  "model": "rf",
  "n_folds": 5,
  "metrics": {
    "accuracy": [
      0.625,
      0.7333333333333333,
      0.7333333333333333,
      0.6666666666666666,
      0.8
    ],
    "precision": [
      0.6923076923076923,
      0.7692307692307693,
      0.75,
      0.7777777777777778,
      0.8888888888888888
    ],
    "recall": [
      0.8181818181818182,
      0.9090909090909091,
      0.9,
      0.7,
      0.8
    ],
    "f1": [
      0.75,
      0.8333333333333334,
      0.8181818181818182,
      0.7368421052631579,
      0.8421052631578947
    ],
    "auc": [
      0.7636363636363637,
      0.75,
      0.68,
      0.76,
      0.92
    ]
  },
  "mean_metrics": {
    "accuracy": 0.7116666666666667,
    "precision": 0.7756410256410257,
    "recall": 0.8254545454545454,
    "f1": 0.7960925039872409,
    "auc": 0.7747272727272728
  },
  "std_metrics": {
    "accuracy": 0.06046119049072352,
    "precision": 0.06398850251023859,
    "recall": 0.07614687851407972,
    "f1": 0.04387965326035465,
    "auc": 0.07877659592871288
  }
}