{
  "dataset": "US9809623B2",
  "target": "SIF",
  "model": "lr",
  "n_folds": 5,
  "metrics": {
    "accuracy": [
      0.6875,
      0.6666666666666666,
      0.6,
      0.7333333333333333,
      0.7333333333333333
    ],
    "precision": [
      0.8,
      0.8,
      0.7,
      0.8,
      0.8
    ],
    "recall": [
      0.7272727272727273,
      0.7272727272727273,
      0.7,
      0.8,
      0.8
    ],
    "f1": [
      0.7619047619047619,
      0.7619047619047619,
      0.7,
      0.8,
      0.8
    ],
    "auc": [
      0.7818181818181819,
      0.6136363636363636,
      0.64,
      0.84,
      0.7
    ]
  },
  "mean_metrics": {
    "accuracy": 0.6841666666666667,
    "precision": 0.7799999999999999,
    "recall": 0.7509090909090907,
    "f1": 0.7647619047619048,
    "auc": 0.715090909090909
  },
  "std_metrics": {
    "accuracy": 0.04946940693218609,
    "precision": 0.040000000000000036,
    "recall": 0.0413011516058202,
    "f1": 0.03658928135675917,
    "auc": 0.08510489395567455
  }
}