{
  "dataset": "US9809623B2",
  "target": "SIF",
  "model": "lr",
  "n_folds": 5,
  "metrics": {
    "accuracy": [
      0.5,
      0.6,
      0.4,
      0.4,
      0.6
    ],
    "precision": [
      0.25,
      0.0,
      0.0,
      0.0,
      0.0
    ],
    "recall": [
      1.0,
      0.0,
      0.0,
      0.0,
      0.0
    ],
    "f1": [
      0.4,
      0.0,
      0.0,
      0.0,
      0.0
    ],
    "auc": [
      1.0,
      0.75,
      0.25,
      0.25,
      0.75
    ]
  },
  "mean_metrics": {
    "accuracy": 0.5,
    "precision": 0.05,
    "recall": 0.2,
    "f1": 0.08,
    "auc": 0.6
  },
  "std_metrics": {
    "accuracy": 0.08944271909999157,
    "precision": 0.10000000000000002,
    "recall": 0.4000000000000001,
    "f1": 0.16,
    "auc": 0.30000000000000004
  }
}