{
  "dataset": "US9809623B2",
  "target": "SIF",
  "model": "xgb",
  "n_folds": 5,
  "metrics": {
    "accuracy": [
      0.8333333333333334,
      0.6,
      0.8,
      0.6,
      0.8
    ],
    "precision": [
      0.0,
      0.0,
      0.0,
      0.0,
      0.0
    ],
    "recall": [
      0.0,
      0.0,
      0.0,
      0.0,
      0.0
    ],
    "f1": [
      0.0,
      0.0,
      0.0,
      0.0,
      0.0
    ],
    "auc": [
      1.0,
      0.75,
      0.375,
      0.25,
      0.5
    ]
  },
  "mean_metrics": {
    "accuracy": 0.7266666666666668,
    "precision": 0.0,
    "recall": 0.0,
    "f1": 0.0,
    "auc": 0.575
  },
  "std_metrics": {
    "accuracy": 0.1041366623454221,
    "precision": 0.0,
    "recall": 0.0,
    "f1": 0.0,
    "auc": 0.2692582403567252
  }
}