{
  "dataset": "US9809623B2",
  "target": "SIF",
  "model": "xgb",
  "n_folds": 5,
  "metrics": {
    "accuracy": [
      1.0,
      0.6,
      0.8,
      0.6,
      0.8
    ],
    "precision": [
      1.0,
      0.0,
      0.0,
      0.0,
      0.0
    ],
    "recall": [
      1.0,
      0.0,
      0.0,
      0.0,
      0.0
    ],
    "f1": [
      1.0,
      0.0,
      0.0,
      0.0,
      0.0
    ],
    "auc": [
      1.0,
      0.5,
      0.25,
      0.5,
      0.75
    ]
  },
  "mean_metrics": {
    "accuracy": 0.7600000000000001,
    "precision": 0.2,
    "recall": 0.2,
    "f1": 0.2,
    "auc": 0.6
  },
  "std_metrics": {
    "accuracy": 0.14966629547095767,
    "precision": 0.4000000000000001,
    "recall": 0.4000000000000001,
    "f1": 0.4000000000000001,
    "auc": 0.25495097567963926
  }
}