{
  "dataset": "US9809623B2",
  "target": "SIF",
  "model": "xgb",
  "n_folds": 5,
  "metrics": {
    "accuracy": [
      0.625,
      0.6666666666666666,
      0.7333333333333333,
      0.6666666666666666,
      0.8
    ],
    "precision": [
      0.6923076923076923,
      0.75,
      0.75,
      0.7777777777777778,
      0.8888888888888888
    ],
    "recall": [
      0.8181818181818182,
      0.8181818181818182,
      0.9,
      0.7,
      0.8
    ],
    "f1": [
      0.75,
      0.782608695652174,
      0.8181818181818182,
      0.7368421052631579,
      0.8421052631578947
    ],
    "auc": [
      0.5818181818181818,
      0.6136363636363636,
      0.7,
      0.76,
      0.8
    ]
  },
  "mean_metrics": {
    "accuracy": 0.6983333333333333,
    "precision": 0.7717948717948718,
    "recall": 0.8072727272727273,
    "f1": 0.785947576451009,
    "auc": 0.691090909090909
  },
  "std_metrics": {
    "accuracy": 0.06155395104206464,
    "precision": 0.06483062328738039,
    "recall": 0.06386970207363746,
    "f1": 0.039767966491888455,
    "auc": 0.08322110349013467
  }
}