{
  "dataset": "US9809623B2",
  "target": "SIF",
  "model": "rf",
  "n_folds": 5,
  "metrics": {
    "accuracy": [
      0.8333333333333334,
      0.8,
      0.8,
      0.6,
      0.8
    ],
    "precision": [
      0.0,
      0.0,
      0.0,
      0.0,
      0.0
    ],
    "recall": [
      0.0,
      0.0,
      0.0,
      0.0,
      0.0
    ],
    "f1": [
      0.0,
      0.0,
      0.0,
      0.0,
      0.0
    ],
    "auc": [
      1.0,
      0.125,
      0.125,
      0.5,
      0.375
    ]
  },
  "mean_metrics": {
    "accuracy": 0.7666666666666668,
    "precision": 0.0,
    "recall": 0.0,
    "f1": 0.0,
    "auc": 0.425
  },
  "std_metrics": {
    "accuracy": 0.0843274042711568,
    "precision": 0.0,
    "recall": 0.0,
    "f1": 0.0,
    "auc": 0.3221024681681281
  }
}