{
  "dataset": "US9809623B2",
  "target": "SIF",
  "model": "lr",
  "n_folds": 5,
  "metrics": {
    "accuracy": [
      0.6666666666666666,
      0.6,
      0.8,
      0.6,
      0.8
    ],
    "precision": [
      0.3333333333333333,
      0.0,
      0.0,
      0.0,
      0.0
    ],
    "recall": [
      1.0,
      0.0,
      0.0,
      0.0,
      0.0
    ],
    "f1": [
      0.5,
      0.0,
      0.0,
      0.0,
      0.0
    ],
    "auc": [
      1.0,
      0.5,
      0.25,
      0.25,
      0.25
    ]
  },
  "mean_metrics": {
    "accuracy": 0.6933333333333334,
    "precision": 0.06666666666666667,
    "recall": 0.2,
    "f1": 0.1,
    "auc": 0.45
  },
  "std_metrics": {
    "accuracy": 0.09043106644167027,
    "precision": 0.13333333333333333,
    "recall": 0.4000000000000001,
    "f1": 0.20000000000000004,
    "auc": 0.2915475947422651
  }
}