{
  "dataset": "WO2017011820A2",
  "target": "SIF",
  "model": "xgb",
  "n_folds": 5,
  "metrics": {
    "accuracy": [
      0.75,
      0.65625,
      0.75,
      0.8709677419354839,
      0.6451612903225806
    ],
    "precision": [
      0.8333333333333334,
      0.68,
      0.7307692307692307,
      0.9411764705882353,
      0.7222222222222222
    ],
    "recall": [
      0.75,
      0.85,
      0.95,
      0.8421052631578947,
      0.6842105263157895
    ],
    "f1": [
      0.7894736842105263,
      0.7555555555555555,
      0.8260869565217391,
      0.8888888888888888,
      0.7027027027027027
    ],
    "auc": [
      0.8208333333333333,
      0.6708333333333334,
      0.8458333333333333,
      0.9517543859649124,
      0.6973684210526315
    ]
  },
  "mean_metrics": {
    "accuracy": 0.7344758064516129,
    "precision": 0.7815002513826043,
    "recall": 0.8152631578947368,
    "f1": 0.7925415575758825,
    "auc": 0.7973245614035087
  },
  "std_metrics": {
    "accuracy": 0.08149651429252312,
    "precision": 0.09441714419390285,
    "recall": 0.09112105734358408,
    "f1": 0.06301824827608689,
    "auc": 0.10270890399415186
  }
}