{
  "dataset": "WO2017011820A2",
  "target": "SGF",
  "model": "xgb",
  "n_folds": 5,
  "metrics": {
    "accuracy": [
      0.6521739130434783,
      0.9130434782608695,
      0.6956521739130435,
      0.8181818181818182,
      0.8181818181818182
    ],
    "precision": [
      0.8,
      0.9285714285714286,
      0.7333333333333333,
      0.8571428571428571,
      0.8125
    ],
    "recall": [
      0.5714285714285714,
      0.9285714285714286,
      0.7857142857142857,
      0.8571428571428571,
      0.9285714285714286
    ],
    "f1": [
      0.6666666666666666,
      0.9285714285714286,
      0.7586206896551724,
      0.8571428571428571,
      0.8666666666666667
    ],
    "auc": [
      0.6785714285714286,
      0.9523809523809524,
      0.8174603174603174,
      0.875,
      0.8660714285714286
    ]
  },
  "mean_metrics": {
    "accuracy": 0.7794466403162056,
    "precision": 0.8263095238095239,
    "recall": 0.8142857142857143,
    "f1": 0.8155336617405583,
    "auc": 0.8378968253968255
  },
  "std_metrics": {
    "accuracy": 0.09388163060429106,
    "precision": 0.06470804833461119,
    "recall": 0.13248026422136722,
    "f1": 0.09222138003611995,
    "auc": 0.0906413835852111
  }
}