{
  "dataset": "WO2017011820A2",
  "target": "SGF",
  "model": "rf",
  "n_folds": 5,
  "metrics": {
    "accuracy": [
      0.7391304347826086,
      0.8260869565217391,
      0.8260869565217391,
      0.9090909090909091,
      0.7727272727272727
    ],
    "precision": [
      0.8333333333333334,
      0.8125,
      0.8125,
      0.875,
      0.7647058823529411
    ],
    "recall": [
      0.7142857142857143,
      0.9285714285714286,
      0.9285714285714286,
      1.0,
      0.9285714285714286
    ],
    "f1": [
      0.7692307692307693,
      0.8666666666666667,
      0.8666666666666667,
      0.9333333333333333,
      0.8387096774193549
    ],
    "auc": [
      0.7738095238095238,
      0.9444444444444444,
      0.9206349206349207,
      0.9732142857142857,
      0.8392857142857142
    ]
  },
  "mean_metrics": {
    "accuracy": 0.8146245059288537,
    "precision": 0.8196078431372549,
    "recall": 0.9,
    "f1": 0.8549214226633582,
    "auc": 0.8902777777777778
  },
  "std_metrics": {
    "accuracy": 0.05769126415974368,
    "precision": 0.03569859461973139,
    "recall": 0.09689042833036098,
    "f1": 0.0529717623227153,
    "auc": 0.07334724667023505
  }
}