{
  "dataset": "WO2017011820A2",
  "target": "SIF",
  "model": "lr",
  "n_folds": 5,
  "metrics": {
    "accuracy": [
      0.7666666666666667,
      0.7,
      0.8333333333333334,
      0.8,
      0.8666666666666667
    ],
    "precision": [
      0.9230769230769231,
      0.7142857142857143,
      0.8421052631578947,
      0.8421052631578947,
      0.8947368421052632
    ],
    "recall": [
      0.6666666666666666,
      0.8333333333333334,
      0.8888888888888888,
      0.8421052631578947,
      0.8947368421052632
    ],
    "f1": [
      0.7741935483870968,
      0.7692307692307693,
      0.8648648648648649,
      0.8421052631578947,
      0.8947368421052632
    ],
    "auc": [
      0.8425925925925926,
      0.7916666666666667,
      0.8564814814814814,
      0.7990430622009569,
      0.9282296650717703
    ]
  },
  "mean_metrics": {
    "accuracy": 0.7933333333333334,
    "precision": 0.843262001156738,
    "recall": 0.8251461988304094,
    "f1": 0.8290262575491777,
    "auc": 0.8436026936026936
  },
  "std_metrics": {
    "accuracy": 0.05734883511361753,
    "precision": 0.07163468387929654,
    "recall": 0.08291729532054318,
    "f1": 0.04971010662236325,
    "auc": 0.049013303144888505
  }
}