{
  "dataset": "WO2017011820A2",
  "target": "SIF",
  "model": "rf",
  "n_folds": 5,
  "metrics": {
    "accuracy": [
      0.7333333333333333,
      0.7333333333333333,
      0.7,
      0.7,
      0.8333333333333334
    ],
    "precision": [
      0.8125,
      0.75,
      0.7142857142857143,
      0.7777777777777778,
      0.8888888888888888
    ],
    "recall": [
      0.7222222222222222,
      0.8333333333333334,
      0.8333333333333334,
      0.7368421052631579,
      0.8421052631578947
    ],
    "f1": [
      0.7647058823529411,
      0.7894736842105263,
      0.7692307692307693,
      0.7567567567567568,
      0.8648648648648649
    ],
    "auc": [
      0.7962962962962964,
      0.7361111111111112,
      0.8356481481481481,
      0.7464114832535885,
      0.8588516746411483
    ]
  },
  "mean_metrics": {
    "accuracy": 0.74,
    "precision": 0.7886904761904762,
    "recall": 0.7935672514619883,
    "f1": 0.7890063914831718,
    "auc": 0.7946637426900585
  },
  "std_metrics": {
    "accuracy": 0.04898979485566359,
    "precision": 0.05959651644167522,
    "recall": 0.0525860751961786,
    "f1": 0.0394369249960983,
    "auc": 0.04808153187187865
  }
}