{
  "dataset": "WO2017011820A2",
  "target": "SGF",
  "model": "rf",
  "n_folds": 5,
  "metrics": {
    "accuracy": [
      0.7619047619047619,
      0.9047619047619048,
      0.7142857142857143,
      0.9047619047619048,
      0.8095238095238095
    ],
    "precision": [
      0.75,
      1.0,
      0.7058823529411765,
      1.0,
      0.8461538461538461
    ],
    "recall": [
      0.9230769230769231,
      0.8461538461538461,
      0.9230769230769231,
      0.8461538461538461,
      0.8461538461538461
    ],
    "f1": [
      0.8275862068965517,
      0.9166666666666666,
      0.8,
      0.9166666666666666,
      0.8461538461538461
    ],
    "auc": [
      0.8461538461538461,
      0.8942307692307693,
      0.9134615384615384,
      0.9519230769230769,
      0.9086538461538461
    ]
  },
  "mean_metrics": {
    "accuracy": 0.819047619047619,
    "precision": 0.8604072398190045,
    "recall": 0.876923076923077,
    "f1": 0.8614146772767463,
    "auc": 0.9028846153846153
  },
  "std_metrics": {
    "accuracy": 0.0761904761904762,
    "precision": 0.12267284613143083,
    "recall": 0.03768445758127969,
    "f1": 0.04744383125954313,
    "auc": 0.03418536314352148
  }
}