{
  "dataset": "WO2017011820A2",
  "target": "SIF",
  "model": "lr",
  "n_folds": 5,
  "metrics": {
    "accuracy": [
      0.7333333333333333,
      0.7,
      0.8,
      0.8,
      0.8333333333333334
    ],
    "precision": [
      0.9166666666666666,
      0.7142857142857143,
      0.8,
      0.8421052631578947,
      0.85
    ],
    "recall": [
      0.6111111111111112,
      0.8333333333333334,
      0.8888888888888888,
      0.8421052631578947,
      0.8947368421052632
    ],
    "f1": [
      0.7333333333333333,
      0.7692307692307693,
      0.8421052631578947,
      0.8421052631578947,
      0.8717948717948718
    ],
    "auc": [
      0.8101851851851852,
      0.7592592592592593,
      0.8657407407407407,
      0.7751196172248804,
      0.9043062200956937
    ]
  },
  "mean_metrics": {
    "accuracy": 0.7733333333333333,
    "precision": 0.8246115288220551,
    "recall": 0.8140350877192983,
    "f1": 0.8117139001349528,
    "auc": 0.8229222045011518
  },
  "std_metrics": {
    "accuracy": 0.0489897948556636,
    "precision": 0.06663672608617954,
    "recall": 0.1043593426827924,
    "f1": 0.05177899711649426,
    "auc": 0.05469382899052997
  }
}