{
  "dataset": "WO2017011820A2",
  "target": "SGF",
  "model": "lr",
  "n_folds": 5,
  "metrics": {
    "accuracy": [
      0.7142857142857143,
      0.7619047619047619,
      0.7142857142857143,
      0.7619047619047619,
      0.7619047619047619
    ],
    "precision": [
      0.8181818181818182,
      0.9,
      0.7333333333333333,
      0.9,
      0.8333333333333334
    ],
    "recall": [
      0.6923076923076923,
      0.6923076923076923,
      0.8461538461538461,
      0.6923076923076923,
      0.7692307692307693
    ],
    "f1": [
      0.75,
      0.782608695652174,
      0.7857142857142857,
      0.782608695652174,
      0.8
    ],
    "auc": [
      0.75,
      0.7692307692307692,
      0.8076923076923077,
      0.8557692307692308,
      0.9038461538461539
    ]
  },
  "mean_metrics": {
    "accuracy": 0.7428571428571429,
    "precision": 0.8369696969696969,
    "recall": 0.7384615384615385,
    "f1": 0.7801863354037266,
    "auc": 0.8173076923076923
  },
  "std_metrics": {
    "accuracy": 0.023328473740792145,
    "precision": 0.061728990916418126,
    "recall": 0.06153846153846155,
    "f1": 0.016407864229219013,
    "auc": 0.05639568576390456
  }
}