{
  "dataset": "WO2017011820A2",
  "target": "SIF",
  "model": "rf",
  "n_folds": 5,
  "metrics": {
    "accuracy": [
      0.6333333333333333,
      0.6666666666666666,
      0.6666666666666666,
      0.7,
      0.6333333333333333
    ],
    "precision": [
      0.7058823529411765,
      0.6818181818181818,
      0.7,
      0.75,
      0.7
    ],
    "recall": [
      0.6666666666666666,
      0.8333333333333334,
      0.7777777777777778,
      0.7894736842105263,
      0.7368421052631579
    ],
    "f1": [
      0.6857142857142857,
      0.75,
      0.7368421052631579,
      0.7692307692307693,
      0.717948717948718
    ],
    "auc": [
      0.7083333333333334,
      0.6898148148148148,
      0.6805555555555556,
      0.6913875598086124,
      0.7057416267942584
    ]
  },
  "mean_metrics": {
    "accuracy": 0.6599999999999999,
    "precision": 0.7075401069518718,
    "recall": 0.7608187134502924,
    "f1": 0.7319471756313861,
    "auc": 0.695166578061315
  },
  "std_metrics": {
    "accuracy": 0.02494438257849294,
    "precision": 0.022719658995209186,
    "recall": 0.05622556885016103,
    "f1": 0.02854248791905904,
    "auc": 0.01040768396485991
  }
}