{
  "dataset": "WO2017011820A2",
  "target": "SGF",
  "model": "rf",
  "n_folds": 5,
  "metrics": {
    "accuracy": [
      0.7619047619047619,
      0.8571428571428571,
      0.6190476190476191,
      0.6666666666666666,
      0.7619047619047619
    ],
    "precision": [
      0.75,
      0.9166666666666666,
      0.6470588235294118,
      0.7142857142857143,
      0.7857142857142857
    ],
    "recall": [
      0.9230769230769231,
      0.8461538461538461,
      0.8461538461538461,
      0.7692307692307693,
      0.8461538461538461
    ],
    "f1": [
      0.8275862068965517,
      0.88,
      0.7333333333333333,
      0.7407407407407407,
      0.8148148148148148
    ],
    "auc": [
      0.8317307692307692,
      0.9038461538461539,
      0.7019230769230769,
      0.8269230769230769,
      0.9038461538461539
    ]
  },
  "mean_metrics": {
    "accuracy": 0.7333333333333333,
    "precision": 0.7627450980392156,
    "recall": 0.8461538461538461,
    "f1": 0.799295019157088,
    "auc": 0.8336538461538462
  },
  "std_metrics": {
    "accuracy": 0.08302664654363186,
    "precision": 0.08956952202500995,
    "recall": 0.04865042554105199,
    "f1": 0.05537887108165498,
    "auc": 0.07383213007866336
  }
}