{
  "dataset": "WO2017011820A2",
  "target": "SGF",
  "model": "rf",
  "n_folds": 5,
  "metrics": {
    "accuracy": [
      0.8095238095238095,
      0.9047619047619048,
      0.7619047619047619,
      0.9047619047619048,
      0.8095238095238095
    ],
    "precision": [
      0.8,
      1.0,
      0.75,
      1.0,
      0.8
    ],
    "recall": [
      0.9230769230769231,
      0.8461538461538461,
      0.9230769230769231,
      0.8461538461538461,
      0.9230769230769231
    ],
    "f1": [
      0.8571428571428571,
      0.9166666666666666,
      0.8275862068965517,
      0.9166666666666666,
      0.8571428571428571
    ],
    "auc": [
      0.826923076923077,
      0.875,
      0.9038461538461539,
      0.9663461538461539,
      0.9230769230769231
    ]
  },
  "mean_metrics": {
    "accuracy": 0.8380952380952381,
    "precision": 0.8699999999999999,
    "recall": 0.8923076923076924,
    "f1": 0.8750410509031198,
    "auc": 0.8990384615384615
  },
  "std_metrics": {
    "accuracy": 0.057142857142857155,
    "precision": 0.10770329614269006,
    "recall": 0.03768445758127969,
    "f1": 0.03565960368494412,
    "auc": 0.04671137615958122
  }
}