{
  "dataset": "WO2017011820A2",
  "target": "SIF",
  "model": "lr",
  "n_folds": 5,
  "metrics": {
    "accuracy": [
      0.5666666666666667,
      0.6666666666666666,
      0.7666666666666667,
      0.6333333333333333,
      0.7
    ],
    "precision": [
      0.6666666666666666,
      0.7222222222222222,
      0.8235294117647058,
      0.75,
      0.7777777777777778
    ],
    "recall": [
      0.5555555555555556,
      0.7222222222222222,
      0.7777777777777778,
      0.631578947368421,
      0.7368421052631579
    ],
    "f1": [
      0.6060606060606061,
      0.7222222222222222,
      0.8,
      0.6857142857142857,
      0.7567567567567568
    ],
    "auc": [
      0.6574074074074073,
      0.7268518518518519,
      0.7731481481481481,
      0.6650717703349281,
      0.7799043062200955
    ]
  },
  "mean_metrics": {
    "accuracy": 0.6666666666666666,
    "precision": 0.7480392156862745,
    "recall": 0.684795321637427,
    "f1": 0.7141507741507743,
    "auc": 0.7204766967924863
  },
  "std_metrics": {
    "accuracy": 0.06666666666666668,
    "precision": 0.05267827890094087,
    "recall": 0.08036202753825443,
    "f1": 0.06594334829088087,
    "auc": 0.05175713726922991
  }
}