{
  "dataset": "WO2017011820A2",
  "target": "SGF",
  "model": "lr",
  "n_folds": 5,
  "metrics": {
    "accuracy": [
      0.8095238095238095,
      0.8095238095238095,
      0.7619047619047619,
      0.8571428571428571,
      0.8095238095238095
    ],
    "precision": [
      0.9090909090909091,
      0.9090909090909091,
      0.75,
      1.0,
      0.8461538461538461
    ],
    "recall": [
      0.7692307692307693,
      0.7692307692307693,
      0.9230769230769231,
      0.7692307692307693,
      0.8461538461538461
    ],
    "f1": [
      0.8333333333333334,
      0.8333333333333334,
      0.8275862068965517,
      0.8695652173913043,
      0.8461538461538461
    ],
    "auc": [
      0.8076923076923077,
      0.8365384615384616,
      0.7980769230769231,
      0.9711538461538461,
      0.8557692307692308
    ]
  },
  "mean_metrics": {
    "accuracy": 0.8095238095238095,
    "precision": 0.8828671328671328,
    "recall": 0.8153846153846154,
    "f1": 0.8419943874216738,
    "auc": 0.853846153846154
  },
  "std_metrics": {
    "accuracy": 0.030116930096841705,
    "precision": 0.08257968498276028,
    "recall": 0.061538461538461535,
    "f1": 0.015067017913613468,
    "auc": 0.06213651700539811
  }
}