{
  "dataset": "WO2017011820A2",
  "target": "SIF",
  "model": "rf",
  "n_folds": 5,
  "metrics": {
    "accuracy": [
      0.90625,
      0.6875,
      0.75,
      0.9032258064516129,
      0.6774193548387096
    ],
    "precision": [
      0.9473684210526315,
      0.7083333333333334,
      0.75,
      0.9444444444444444,
      0.7647058823529411
    ],
    "recall": [
      0.9,
      0.85,
      0.9,
      0.8947368421052632,
      0.6842105263157895
    ],
    "f1": [
      0.9230769230769231,
      0.7727272727272727,
      0.8181818181818182,
      0.918918918918919,
      0.7222222222222222
    ],
    "auc": [
      0.8458333333333333,
      0.6541666666666667,
      0.8041666666666667,
      0.9342105263157895,
      0.7017543859649122
    ]
  },
  "mean_metrics": {
    "accuracy": 0.7848790322580645,
    "precision": 0.8229704162366701,
    "recall": 0.8457894736842105,
    "f1": 0.831025431025431,
    "auc": 0.7880263157894737
  },
  "std_metrics": {
    "accuracy": 0.10097888478140443,
    "precision": 0.10207046728828344,
    "recall": 0.08294442954986067,
    "f1": 0.07949907458668563,
    "auc": 0.10033268375747983
  }
}