{
  "dataset": "WO2017011820A2",
  "target": "SIF",
  "model": "lr",
  "n_folds": 5,
  "metrics": {
    "accuracy": [
      0.71875,
      0.71875,
      0.71875,
      0.8709677419354839,
      0.7741935483870968
    ],
    "precision": [
      0.8235294117647058,
      0.7619047619047619,
      0.7619047619047619,
      0.9411764705882353,
      0.8
    ],
    "recall": [
      0.7,
      0.8,
      0.8,
      0.8421052631578947,
      0.8421052631578947
    ],
    "f1": [
      0.7567567567567568,
      0.7804878048780488,
      0.7804878048780488,
      0.8888888888888888,
      0.8205128205128205
    ],
    "auc": [
      0.7875000000000001,
      0.7583333333333333,
      0.7625,
      0.9166666666666666,
      0.7631578947368421
    ]
  },
  "mean_metrics": {
    "accuracy": 0.7602822580645162,
    "precision": 0.8177030812324929,
    "recall": 0.7968421052631578,
    "f1": 0.8054268151829127,
    "auc": 0.7976315789473685
  },
  "std_metrics": {
    "accuracy": 0.059362590438763845,
    "precision": 0.06606046922507966,
    "recall": 0.05195352707053923,
    "f1": 0.04648911348110102,
    "auc": 0.06039704603874444
  }
}