{
  "dataset": "WO2017011820A2",
  "target": "SIF",
  "model": "xgb",
  "n_folds": 5,
  "metrics": {
    "accuracy": [
      0.8,
      0.6333333333333333,
      0.7666666666666667,
      0.8333333333333334,
      0.8333333333333334
    ],
    "precision": [
      0.875,
      0.6666666666666666,
      0.7619047619047619,
      0.85,
      0.85
    ],
    "recall": [
      0.7777777777777778,
      0.7777777777777778,
      0.8888888888888888,
      0.8947368421052632,
      0.8947368421052632
    ],
    "f1": [
      0.8235294117647058,
      0.717948717948718,
      0.8205128205128205,
      0.8717948717948718,
      0.8717948717948718
    ],
    "auc": [
      0.8240740740740741,
      0.75,
      0.8379629629629628,
      0.770334928229665,
      0.8038277511961722
    ]
  },
  "mean_metrics": {
    "accuracy": 0.7733333333333334,
    "precision": 0.8007142857142856,
    "recall": 0.8467836257309942,
    "f1": 0.8211161387631976,
    "auc": 0.7972399432925747
  },
  "std_metrics": {
    "accuracy": 0.07423685817106698,
    "precision": 0.07726768266604415,
    "recall": 0.056383489090965834,
    "f1": 0.05618962993363524,
    "auc": 0.032794286687376516
  }
}