{
  "dataset": "WO2017011820A2",
  "target": "SGF",
  "model": "lr",
  "n_folds": 5,
  "metrics": {
    "accuracy": [
      0.7142857142857143,
      0.8095238095238095,
      0.7142857142857143,
      0.8571428571428571,
      0.8095238095238095
    ],
    "precision": [
      0.8181818181818182,
      0.9090909090909091,
      0.7333333333333333,
      1.0,
      0.8
    ],
    "recall": [
      0.6923076923076923,
      0.7692307692307693,
      0.8461538461538461,
      0.7692307692307693,
      0.9230769230769231
    ],
    "f1": [
      0.75,
      0.8333333333333334,
      0.7857142857142857,
      0.8695652173913043,
      0.8571428571428571
    ],
    "auc": [
      0.8173076923076923,
      0.8461538461538461,
      0.8269230769230769,
      1.0,
      0.8365384615384616
    ]
  },
  "mean_metrics": {
    "accuracy": 0.7809523809523811,
    "precision": 0.8521212121212122,
    "recall": 0.8,
    "f1": 0.819151138716356,
    "auc": 0.8653846153846153
  },
  "std_metrics": {
    "accuracy": 0.05714285714285712,
    "precision": 0.09283614127935326,
    "recall": 0.07844645405527362,
    "f1": 0.04491322247678741,
    "auc": 0.06799103665255266
  }
}