{
  "dataset": "WO2017011820A2",
  "target": "SGF",
  "model": "lr",
  "n_folds": 5,
  "metrics": {
    "accuracy": [
      0.6521739130434783,
      0.782608695652174,
      0.7391304347826086,
      0.8181818181818182,
      0.7727272727272727
    ],
    "precision": [
      0.7142857142857143,
      0.8,
      0.7857142857142857,
      0.8571428571428571,
      0.8
    ],
    "recall": [
      0.7142857142857143,
      0.8571428571428571,
      0.7857142857142857,
      0.8571428571428571,
      0.8571428571428571
    ],
    "f1": [
      0.7142857142857143,
      0.8275862068965517,
      0.7857142857142857,
      0.8571428571428571,
      0.8275862068965517
    ],
    "auc": [
      0.7261904761904762,
      0.9523809523809524,
      0.8095238095238095,
      0.8482142857142857,
      0.8660714285714286
    ]
  },
  "mean_metrics": {
    "accuracy": 0.7529644268774703,
    "precision": 0.7914285714285715,
    "recall": 0.8142857142857143,
    "f1": 0.8024630541871922,
    "auc": 0.8404761904761905
  },
  "std_metrics": {
    "accuracy": 0.05634317685756669,
    "precision": 0.0457142857142857,
    "recall": 0.05714285714285711,
    "f1": 0.04961449581089327,
    "auc": 0.07383352144445565
  }
}