{
  "dataset": "WO2017011820A2",
  "target": "SGF",
  "model": "xgb",
  "n_folds": 5,
  "metrics": {
    "accuracy": [
      0.8095238095238095,
      0.9047619047619048,
      0.6190476190476191,
      0.7142857142857143,
      0.7142857142857143
    ],
    "precision": [
      0.8,
      1.0,
      0.6470588235294118,
      0.8181818181818182,
      0.7692307692307693
    ],
    "recall": [
      0.9230769230769231,
      0.8461538461538461,
      0.8461538461538461,
      0.6923076923076923,
      0.7692307692307693
    ],
    "f1": [
      0.8571428571428571,
      0.9166666666666666,
      0.7333333333333333,
      0.75,
      0.7692307692307693
    ],
    "auc": [
      0.8653846153846154,
      0.8942307692307693,
      0.7596153846153846,
      0.875,
      0.8269230769230769
    ]
  },
  "mean_metrics": {
    "accuracy": 0.7523809523809525,
    "precision": 0.8068942821883999,
    "recall": 0.8153846153846154,
    "f1": 0.8052747252747252,
    "auc": 0.8442307692307691
  },
  "std_metrics": {
    "accuracy": 0.09712418121129114,
    "precision": 0.11351711051666882,
    "recall": 0.07844645405527362,
    "f1": 0.07018332224469796,
    "auc": 0.04765196805139952
  }
}