{
  "dataset": "WO2017011820A2",
  "target": "SGF",
  "model": "xgb",
  "n_folds": 5,
  "metrics": {
    "accuracy": [
      0.7619047619047619,
      0.8571428571428571,
      0.6190476190476191,
      0.7619047619047619,
      0.7619047619047619
    ],
    "precision": [
      0.75,
      0.9166666666666666,
      0.631578947368421,
      0.75,
      0.7857142857142857
    ],
    "recall": [
      0.9230769230769231,
      0.8461538461538461,
      0.9230769230769231,
      0.9230769230769231,
      0.8461538461538461
    ],
    "f1": [
      0.8275862068965517,
      0.88,
      0.75,
      0.8275862068965517,
      0.8148148148148148
    ],
    "auc": [
      0.8653846153846154,
      0.9326923076923077,
      0.6923076923076923,
      0.7980769230769231,
      0.875
    ]
  },
  "mean_metrics": {
    "accuracy": 0.7523809523809524,
    "precision": 0.7667919799498746,
    "recall": 0.8923076923076924,
    "f1": 0.8199974457215836,
    "auc": 0.8326923076923076
  },
  "std_metrics": {
    "accuracy": 0.07619047619047617,
    "precision": 0.09128743696155088,
    "recall": 0.03768445758127969,
    "f1": 0.041573999525995935,
    "auc": 0.08217638699700576
  }
}