{
  "dataset": "WO2017011820A2",
  "target": "SIF",
  "model": "xgb",
  "n_folds": 5,
  "metrics": {
    "accuracy": [
      0.6666666666666666,
      0.6333333333333333,
      0.7333333333333333,
      0.6666666666666666,
      0.7333333333333333
    ],
    "precision": [
      0.7857142857142857,
      0.6666666666666666,
      0.7272727272727273,
      0.7368421052631579,
      0.7619047619047619
    ],
    "recall": [
      0.6111111111111112,
      0.7777777777777778,
      0.8888888888888888,
      0.7368421052631579,
      0.8421052631578947
    ],
    "f1": [
      0.6875,
      0.717948717948718,
      0.8,
      0.7368421052631579,
      0.8
    ],
    "auc": [
      0.6805555555555556,
      0.6018518518518519,
      0.6504629629629629,
      0.7081339712918661,
      0.69377990430622
    ]
  },
  "mean_metrics": {
    "accuracy": 0.6866666666666666,
    "precision": 0.7356801093643199,
    "recall": 0.7713450292397661,
    "f1": 0.7484581646423752,
    "auc": 0.6669568491936912
  },
  "std_metrics": {
    "accuracy": 0.039999999999999994,
    "precision": 0.04006504907015991,
    "recall": 0.09563504606671168,
    "f1": 0.04493279113005679,
    "auc": 0.037711179897868714
  }
}