{
  "dataset": "WO2017011820A2",
  "target": "SIF",
  "model": "xgb",
  "n_folds": 5,
  "metrics": {
    "accuracy": [
      0.8666666666666667,
      0.6333333333333333,
      0.8,
      0.8,
      0.7666666666666667
    ],
    "precision": [
      1.0,
      0.6666666666666666,
      0.8,
      0.8421052631578947,
      0.8333333333333334
    ],
    "recall": [
      0.7777777777777778,
      0.7777777777777778,
      0.8888888888888888,
      0.8421052631578947,
      0.7894736842105263
    ],
    "f1": [
      0.875,
      0.717948717948718,
      0.8421052631578947,
      0.8421052631578947,
      0.8108108108108109
    ],
    "auc": [
      0.7962962962962963,
      0.7175925925925926,
      0.8472222222222222,
      0.7942583732057417,
      0.8421052631578947
    ]
  },
  "mean_metrics": {
    "accuracy": 0.7733333333333332,
    "precision": 0.828421052631579,
    "recall": 0.8152046783625732,
    "f1": 0.8175940110150636,
    "auc": 0.7994949494949495
  },
  "std_metrics": {
    "accuracy": 0.07717224601860152,
    "precision": 0.10641706715658872,
    "recall": 0.04385575031404132,
    "f1": 0.053800086932729786,
    "auc": 0.046560027001961775
  }
}