{
  "dataset": "WO2017011820A2",
  "target": "SIF",
  "model": "rf",
  "n_folds": 5,
  "metrics": {
    "accuracy": [
      0.8333333333333334,
      0.6666666666666666,
      0.8,
      0.7333333333333333,
      0.8333333333333334
    ],
    "precision": [
      1.0,
      0.7,
      0.8,
      0.7894736842105263,
      0.8888888888888888
    ],
    "recall": [
      0.7222222222222222,
      0.7777777777777778,
      0.8888888888888888,
      0.7894736842105263,
      0.8421052631578947
    ],
    "f1": [
      0.8387096774193549,
      0.7368421052631579,
      0.8421052631578947,
      0.7894736842105263,
      0.8648648648648649
    ],
    "auc": [
      0.8148148148148148,
      0.7453703703703703,
      0.8611111111111112,
      0.7416267942583732,
      0.8612440191387559
    ]
  },
  "mean_metrics": {
    "accuracy": 0.7733333333333333,
    "precision": 0.835672514619883,
    "recall": 0.804093567251462,
    "f1": 0.8143991189831598,
    "auc": 0.804833421938685
  },
  "std_metrics": {
    "accuracy": 0.06463573143221775,
    "precision": 0.1016360136914786,
    "recall": 0.056998797338064094,
    "f1": 0.045916865876662494,
    "auc": 0.052877016298838425
  }
}