{
  "dataset": "WO2017011820A2",
  "target": "SGF",
  "model": "xgb",
  "n_folds": 5,
  "metrics": {
    "accuracy": [
      0.8095238095238095,
      0.9047619047619048,
      0.7142857142857143,
      0.7619047619047619,
      0.7619047619047619
    ],
    "precision": [
      0.8,
      1.0,
      0.7058823529411765,
      0.8333333333333334,
      0.7857142857142857
    ],
    "recall": [
      0.9230769230769231,
      0.8461538461538461,
      0.9230769230769231,
      0.7692307692307693,
      0.8461538461538461
    ],
    "f1": [
      0.8571428571428571,
      0.9166666666666666,
      0.8,
      0.8,
      0.8148148148148148
    ],
    "auc": [
      0.8461538461538463,
      0.9134615384615384,
      0.8173076923076923,
      0.875,
      0.8557692307692308
    ]
  },
  "mean_metrics": {
    "accuracy": 0.7904761904761906,
    "precision": 0.8249859943977592,
    "recall": 0.8615384615384615,
    "f1": 0.8377248677248677,
    "auc": 0.8615384615384615
  },
  "std_metrics": {
    "accuracy": 0.06459361888690732,
    "precision": 0.09700703546797952,
    "recall": 0.057563959796522186,
    "f1": 0.04467676744632159,
    "auc": 0.031948553318915655
  }
}