dataset,total_samples,monomer_rate,dimer_rate,cyclic_rate,disulfide_rate,sif_valid_rate,sgf_valid_rate,sif_mean,sif_std,sgf_mean,sgf_std
US20140294902A1,5,100.0,0.0,100.0,100.0,100.0,0.0,236.6,169.65494393031992,0.0,0.0
US9624268,130,100.0,0.0,100.0,41.53846153846154,100.0,69.23076923076923,246.23076923076923,157.4076098384783,249.0,162.9230879411192
US9809623B2,80,40.0,60.0,95.0,95.0,100.0,20.0,252.5,295.1359695230812,279.9375,127.87518328432613
WO2017011820A2,159,94.9685534591195,5.031446540880504,99.37106918238993,45.28301886792453,100.0,71.69811320754717,260.5660377358491,155.01018865255224,257.63157894736844,158.23306788628634
sif_sgf_second,558,36.200716845878134,63.799283154121866,100.0,21.68458781362007,100.0,100.0,111.7921146953405,53.6513762274885,92.55376344086021,57.68243849843094
