{
  "sif_pvalue": 0.4529995043747741,
  "sif_significant": 0,
  "sgf_pvalue": 0.930331631973143,
  "sgf_significant": 0
}