{
  "dataset": "US20140294902A1",
  "target": "SIF",
  "model": "xgb",
  "n_folds": 2,
  "metrics": {
    "accuracy": [
      0.3333333333333333,
      0.5
    ],
    "precision": [
      0.0,
      0.5
    ],
    "recall": [
      0.0,
      1.0
    ],
    "f1": [
      0.0,
      0.6666666666666666
    ],
    "auc": [
      0.5,
      0.5
    ]
  },
  "mean_metrics": {
    "accuracy": 0.41666666666666663,
    "precision": 0.25,
    "recall": 0.5,
    "f1": 0.3333333333333333,
    "auc": 0.5
  },
  "std_metrics": {
    "accuracy": 0.08333333333333334,
    "precision": 0.25,
    "recall": 0.5,
    "f1": 0.3333333333333333,
    "auc": 0.0
  }
}