{
  "dataset": "US9624268",
  "target": "SGF",
  "model": "rf",
  "n_folds": 5,
  "metrics": {
    "accuracy": [
      0.6666666666666666,
      0.7222222222222222,
      0.8333333333333334,
      0.6666666666666666,
      0.6111111111111112
    ],
    "precision": [
      0.7777777777777778,
      0.75,
      0.8181818181818182,
      0.6666666666666666,
      0.6666666666666666
    ],
    "recall": [
      0.6363636363636364,
      0.8181818181818182,
      0.9,
      0.8,
      0.6
    ],
    "f1": [
      0.7,
      0.782608695652174,
      0.8571428571428571,
      0.7272727272727273,
      0.631578947368421
    ],
    "auc": [
      0.8571428571428572,
      0.8181818181818182,
      0.85,
      0.6875,
      0.775
    ]
  },
  "mean_metrics": {
    "accuracy": 0.7,
    "precision": 0.7358585858585858,
    "recall": 0.7509090909090909,
    "f1": 0.7397206454872359,
    "auc": 0.7975649350649351
  },
  "std_metrics": {
    "accuracy": 0.07535922203472521,
    "precision": 0.06051339717474815,
    "recall": 0.11406827011896818,
    "f1": 0.07622947967140588,
    "auc": 0.06220528422675323
  }
}