{
  "dataset": "US9624268",
  "target": "SIF",
  "model": "lr",
  "n_folds": 5,
  "metrics": {
    "accuracy": [
      0.7307692307692307,
      0.6153846153846154,
      0.38461538461538464,
      0.6153846153846154,
      0.4230769230769231
    ],
    "precision": [
      0.7857142857142857,
      0.6470588235294118,
      0.46153846153846156,
      0.631578947368421,
      0.5333333333333333
    ],
    "recall": [
      0.7333333333333333,
      0.7333333333333333,
      0.4,
      0.8,
      0.5
    ],
    "f1": [
      0.7586206896551724,
      0.6875,
      0.42857142857142855,
      0.7058823529411765,
      0.5161290322580645
    ],
    "auc": [
      0.7636363636363637,
      0.7757575757575758,
      0.4727272727272727,
      0.6787878787878788,
      0.375
    ]
  },
  "mean_metrics": {
    "accuracy": 0.5538461538461539,
    "precision": 0.6118447702967826,
    "recall": 0.6333333333333334,
    "f1": 0.6193407006851684,
    "auc": 0.6131818181818182
  },
  "std_metrics": {
    "accuracy": 0.13008872711759817,
    "precision": 0.11010550201320549,
    "recall": 0.15491933384829668,
    "f1": 0.1253631737537668,
    "auc": 0.16113948010264345
  }
}