{
  "dataset": "US9624268",
  "target": "SGF",
  "model": "lr",
  "n_folds": 5,
  "metrics": {
    "accuracy": [
      0.7222222222222222,
      0.7222222222222222,
      0.7222222222222222,
      0.6111111111111112,
      0.8333333333333334
    ],
    "precision": [
      0.8,
      0.875,
      0.7777777777777778,
      0.6,
      0.7692307692307693
    ],
    "recall": [
      0.7272727272727273,
      0.6363636363636364,
      0.7,
      0.9,
      1.0
    ],
    "f1": [
      0.7619047619047619,
      0.7368421052631579,
      0.7368421052631579,
      0.72,
      0.8695652173913043
    ],
    "auc": [
      0.8051948051948051,
      0.8441558441558441,
      0.8,
      0.75,
      0.925
    ]
  },
  "mean_metrics": {
    "accuracy": 0.7222222222222222,
    "precision": 0.7644017094017095,
    "recall": 0.7927272727272727,
    "f1": 0.7650308379644764,
    "auc": 0.8248701298701299
  },
  "std_metrics": {
    "accuracy": 0.07027283689263066,
    "precision": 0.09025450820321643,
    "recall": 0.1355002973373579,
    "f1": 0.053952190880591396,
    "auc": 0.05832513656279177
  }
}