{
  "dataset": "US9624268",
  "target": "SGF",
  "model": "xgb",
  "n_folds": 5,
  "metrics": {
    "accuracy": [
      0.5555555555555556,
      0.7222222222222222,
      0.7222222222222222,
      0.6111111111111112,
      0.6111111111111112
    ],
    "precision": [
      0.6666666666666666,
      0.7142857142857143,
      0.7777777777777778,
      0.6363636363636364,
      0.6153846153846154
    ],
    "recall": [
      0.5454545454545454,
      0.9090909090909091,
      0.7,
      0.7,
      0.8
    ],
    "f1": [
      0.6,
      0.8,
      0.7368421052631579,
      0.6666666666666666,
      0.6956521739130435
    ],
    "auc": [
      0.7402597402597403,
      0.7467532467532467,
      0.7875,
      0.6,
      0.725
    ]
  },
  "mean_metrics": {
    "accuracy": 0.6444444444444445,
    "precision": 0.682095682095682,
    "recall": 0.7309090909090908,
    "f1": 0.6998321891685736,
    "auc": 0.7199025974025974
  },
  "std_metrics": {
    "accuracy": 0.06666666666666665,
    "precision": 0.05825993915580093,
    "recall": 0.12068674018382614,
    "f1": 0.06706297729841619,
    "auc": 0.06341513360531909
  }
}