{
  "dataset": "US9624268",
  "target": "SIF",
  "model": "rf",
  "n_folds": 5,
  "metrics": {
    "accuracy": [
      0.6538461538461539,
      0.5769230769230769,
      0.6538461538461539,
      0.7307692307692307,
      0.6153846153846154
    ],
    "precision": [
      0.6875,
      0.6428571428571429,
      0.7142857142857143,
      0.75,
      0.6666666666666666
    ],
    "recall": [
      0.7333333333333333,
      0.6,
      0.6666666666666666,
      0.8,
      0.75
    ],
    "f1": [
      0.7096774193548387,
      0.6206896551724138,
      0.6896551724137931,
      0.7741935483870968,
      0.7058823529411765
    ],
    "auc": [
      0.7969696969696969,
      0.6606060606060606,
      0.6545454545454545,
      0.8484848484848485,
      0.65
    ]
  },
  "mean_metrics": {
    "accuracy": 0.6461538461538462,
    "precision": 0.6922619047619047,
    "recall": 0.71,
    "f1": 0.7000196296538638,
    "auc": 0.7221212121212122
  },
  "std_metrics": {
    "accuracy": 0.051024996774698454,
    "precision": 0.03724878058848099,
    "recall": 0.06960204339273703,
    "f1": 0.049051159969168645,
    "auc": 0.08381184927545467
  }
}