{
  "dataset": "US9624268",
  "target": "SIF",
  "model": "xgb",
  "n_folds": 5,
  "metrics": {
    "accuracy": [
      0.5769230769230769,
      0.6538461538461539,
      0.5769230769230769,
      0.7307692307692307,
      0.6923076923076923
    ],
    "precision": [
      0.6,
      0.75,
      0.6111111111111112,
      0.7222222222222222,
      0.7222222222222222
    ],
    "recall": [
      0.8,
      0.6,
      0.7333333333333333,
      0.8666666666666667,
      0.8125
    ],
    "f1": [
      0.6857142857142857,
      0.6666666666666666,
      0.6666666666666666,
      0.7878787878787878,
      0.7647058823529411
    ],
    "auc": [
      0.5151515151515151,
      0.6545454545454545,
      0.6545454545454545,
      0.6909090909090909,
      0.675
    ]
  },
  "mean_metrics": {
    "accuracy": 0.6461538461538462,
    "precision": 0.6811111111111112,
    "recall": 0.7625,
    "f1": 0.7143264578558697,
    "auc": 0.6380303030303031
  },
  "std_metrics": {
    "accuracy": 0.06153846153846154,
    "precision": 0.06261779023824608,
    "recall": 0.09166666666666669,
    "f1": 0.05159379701381339,
    "auc": 0.06294064135557889
  }
}