{
  "dataset": "US9809623B2",
  "target": "SIF",
  "model": "lr",
  "n_folds": 5,
  "metrics": {
    "accuracy": [
      0.5,
      0.6,
      0.8,
      0.6,
      1.0
    ],
    "precision": [
      0.0,
      0.0,
      0.0,
      0.0,
      1.0
    ],
    "recall": [
      0.0,
      0.0,
      0.0,
      0.0,
      1.0
    ],
    "f1": [
      0.0,
      0.0,
      0.0,
      0.0,
      1.0
    ],
    "auc": [
      0.19999999999999996,
      0.5,
      0.25,
      0.0,
      1.0
    ]
  },
  "mean_metrics": {
    "accuracy": 0.7,
    "precision": 0.2,
    "recall": 0.2,
    "f1": 0.2,
    "auc": 0.39
  },
  "std_metrics": {
    "accuracy": 0.17888543819998318,
    "precision": 0.4,
    "recall": 0.4,
    "f1": 0.4,
    "auc": 0.3440930106817051
  }
}