{
  "dataset": "US9809623B2",
  "target": "SIF",
  "model": "rf",
  "n_folds": 5,
  "metrics": {
    "accuracy": [
      0.8333333333333334,
      0.8,
      0.8,
      0.8,
      0.8
    ],
    "precision": [
      0.0,
      0.0,
      0.0,
      0.0,
      0.0
    ],
    "recall": [
      0.0,
      0.0,
      0.0,
      0.0,
      0.0
    ],
    "f1": [
      0.0,
      0.0,
      0.0,
      0.0,
      0.0
    ],
    "auc": [
      0.3,
      0.75,
      0.25,
      1.0,
      0.75
    ]
  },
  "mean_metrics": {
    "accuracy": 0.8066666666666666,
    "precision": 0.0,
    "recall": 0.0,
    "f1": 0.0,
    "auc": 0.61
  },
  "std_metrics": {
    "accuracy": 0.01333333333333333,
    "precision": 0.0,
    "recall": 0.0,
    "f1": 0.0,
    "auc": 0.28879058156387305
  }
}