{
  "dataset": "US9809623B2",
  "target": "SIF",
  "model": "xgb",
  "n_folds": 5,
  "metrics": {
    "accuracy": [
      0.8333333333333334,
      0.6,
      1.0,
      0.6,
      0.6
    ],
    "precision": [
      0.0,
      0.0,
      1.0,
      0.0,
      0.0
    ],
    "recall": [
      0.0,
      0.0,
      1.0,
      0.0,
      0.0
    ],
    "f1": [
      0.0,
      0.0,
      1.0,
      0.0,
      0.0
    ],
    "auc": [
      0.4,
      0.25,
      1.0,
      0.75,
      0.5
    ]
  },
  "mean_metrics": {
    "accuracy": 0.7266666666666668,
    "precision": 0.2,
    "recall": 0.2,
    "f1": 0.2,
    "auc": 0.58
  },
  "std_metrics": {
    "accuracy": 0.16384274303259347,
    "precision": 0.4000000000000001,
    "recall": 0.4000000000000001,
    "f1": 0.4000000000000001,
    "auc": 0.26570660511172844
  }
}