{
  "dataset": "WO2017011820A2",
  "target": "SIF",
  "model": "lr",
  "n_folds": 5,
  "metrics": {
    "accuracy": [
      0.8,
      0.6666666666666666,
      0.8666666666666667,
      0.7333333333333333,
      0.7
    ],
    "precision": [
      0.8333333333333334,
      0.75,
      0.85,
      0.7619047619047619,
      0.7777777777777778
    ],
    "recall": [
      0.8333333333333334,
      0.6666666666666666,
      0.9444444444444444,
      0.8421052631578947,
      0.7368421052631579
    ],
    "f1": [
      0.8333333333333334,
      0.7058823529411765,
      0.8947368421052632,
      0.8,
      0.7567567567567568
    ],
    "auc": [
      0.875,
      0.7731481481481481,
      0.912037037037037,
      0.854066985645933,
      0.7057416267942583
    ]
  },
  "mean_metrics": {
    "accuracy": 0.7533333333333333,
    "precision": 0.7946031746031746,
    "recall": 0.8046783625730993,
    "f1": 0.798141857027306,
    "auc": 0.8239987595250753
  },
  "std_metrics": {
    "accuracy": 0.07180219742846009,
    "precision": 0.039775763513272056,
    "recall": 0.09529472586781684,
    "f1": 0.06449345154469155,
    "auc": 0.07460093454968326
  }
}