{
  "dataset": "WO2017011820A2",
  "target": "SGF",
  "model": "lr",
  "n_folds": 5,
  "metrics": {
    "accuracy": [
      0.8095238095238095,
      0.8095238095238095,
      0.7142857142857143,
      0.8571428571428571,
      0.8095238095238095
    ],
    "precision": [
      0.8,
      0.8461538461538461,
      0.8888888888888888,
      0.9166666666666666,
      1.0
    ],
    "recall": [
      0.9230769230769231,
      0.8461538461538461,
      0.6153846153846154,
      0.8461538461538461,
      0.6923076923076923
    ],
    "f1": [
      0.8571428571428571,
      0.8461538461538461,
      0.7272727272727273,
      0.88,
      0.8181818181818182
    ],
    "auc": [
      0.8557692307692308,
      0.8846153846153847,
      0.8461538461538461,
      0.9230769230769231,
      0.7884615384615384
    ]
  },
  "mean_metrics": {
    "accuracy": 0.8,
    "precision": 0.8903418803418802,
    "recall": 0.7846153846153847,
    "f1": 0.8257502497502497,
    "auc": 0.8596153846153847
  },
  "std_metrics": {
    "accuracy": 0.04665694748158433,
    "precision": 0.06757846768797308,
    "recall": 0.113053372743839,
    "f1": 0.05310356209706555,
    "auc": 0.04452244962611628
  }
}