{
  "dataset": "WO2017011820A2",
  "target": "SIF",
  "model": "rf",
  "n_folds": 5,
  "metrics": {
    "accuracy": [
      0.6666666666666666,
      0.6666666666666666,
      0.6666666666666666,
      0.7666666666666667,
      0.9
    ],
    "precision": [
      0.75,
      0.6428571428571429,
      0.7857142857142857,
      0.7727272727272727,
      1.0
    ],
    "recall": [
      0.6666666666666666,
      1.0,
      0.6111111111111112,
      0.8947368421052632,
      0.8421052631578947
    ],
    "f1": [
      0.7058823529411765,
      0.782608695652174,
      0.6875,
      0.8292682926829268,
      0.9142857142857143
    ],
    "auc": [
      0.6944444444444444,
      0.6875,
      0.787037037037037,
      0.7727272727272727,
      0.9425837320574163
    ]
  },
  "mean_metrics": {
    "accuracy": 0.7333333333333333,
    "precision": 0.7902597402597402,
    "recall": 0.8029239766081873,
    "f1": 0.7839090111123983,
    "auc": 0.7768584972532342
  },
  "std_metrics": {
    "accuracy": 0.09189365834726818,
    "precision": 0.11633348403407112,
    "recall": 0.1443343094105513,
    "f1": 0.08299409230092555,
    "auc": 0.09204622781064078
  }
}