{
  "dataset": "WO2017011820A2",
  "target": "SIF",
  "model": "xgb",
  "n_folds": 5,
  "metrics": {
    "accuracy": [
      0.8333333333333334,
      0.6666666666666666,
      0.6666666666666666,
      0.7,
      0.8333333333333334
    ],
    "precision": [
      0.8095238095238095,
      0.7,
      0.7222222222222222,
      0.7777777777777778,
      0.8888888888888888
    ],
    "recall": [
      0.9444444444444444,
      0.7777777777777778,
      0.7222222222222222,
      0.7368421052631579,
      0.8421052631578947
    ],
    "f1": [
      0.8717948717948718,
      0.7368421052631579,
      0.7222222222222222,
      0.7567567567567568,
      0.8648648648648649
    ],
    "auc": [
      0.8078703703703703,
      0.5925925925925926,
      0.7037037037037037,
      0.7751196172248803,
      0.8947368421052632
    ]
  },
  "mean_metrics": {
    "accuracy": 0.74,
    "precision": 0.7796825396825396,
    "recall": 0.8046783625730995,
    "f1": 0.7904961641803748,
    "auc": 0.754804625199362
  },
  "std_metrics": {
    "accuracy": 0.07717224601860154,
    "precision": 0.0670390206126736,
    "recall": 0.08131389165298401,
    "f1": 0.06452692508307059,
    "auc": 0.10171897093450807
  }
}