{
  "dataset": "WO2017011820A2",
  "target": "SGF",
  "model": "xgb",
  "n_folds": 5,
  "metrics": {
    "accuracy": [
      0.6190476190476191,
      0.8095238095238095,
      0.7619047619047619,
      0.6666666666666666,
      0.8095238095238095
    ],
    "precision": [
      0.6470588235294118,
      0.8461538461538461,
      0.8333333333333334,
      0.7142857142857143,
      0.8461538461538461
    ],
    "recall": [
      0.8461538461538461,
      0.8461538461538461,
      0.7692307692307693,
      0.7692307692307693,
      0.8461538461538461
    ],
    "f1": [
      0.7333333333333333,
      0.8461538461538461,
      0.8,
      0.7407407407407407,
      0.8461538461538461
    ],
    "auc": [
      0.8653846153846154,
      0.8605769230769231,
      0.8653846153846154,
      0.7596153846153846,
      0.9230769230769231
    ]
  },
  "mean_metrics": {
    "accuracy": 0.7333333333333334,
    "precision": 0.7773971126912305,
    "recall": 0.8153846153846154,
    "f1": 0.7932763532763534,
    "auc": 0.8548076923076924
  },
  "std_metrics": {
    "accuracy": 0.0773717943298663,
    "precision": 0.08192063940540262,
    "recall": 0.03768445758127963,
    "f1": 0.04897024026010967,
    "auc": 0.052875873403336646
  }
}