{
  "dataset": "WO2017011820A2",
  "target": "SGF",
  "model": "rf",
  "n_folds": 5,
  "metrics": {
    "accuracy": [
      0.9047619047619048,
      0.9047619047619048,
      0.7142857142857143,
      0.7619047619047619,
      0.7142857142857143
    ],
    "precision": [
      0.8666666666666667,
      0.8666666666666667,
      0.7692307692307693,
      0.8333333333333334,
      0.7692307692307693
    ],
    "recall": [
      1.0,
      1.0,
      0.7692307692307693,
      0.7692307692307693,
      0.7692307692307693
    ],
    "f1": [
      0.9285714285714286,
      0.9285714285714286,
      0.7692307692307693,
      0.8,
      0.7692307692307693
    ],
    "auc": [
      1.0,
      0.9807692307692308,
      0.8846153846153846,
      0.8509615384615384,
      0.7644230769230769
    ]
  },
  "mean_metrics": {
    "accuracy": 0.8,
    "precision": 0.8210256410256411,
    "recall": 0.8615384615384615,
    "f1": 0.8391208791208792,
    "auc": 0.8961538461538462
  },
  "std_metrics": {
    "accuracy": 0.08728715609439695,
    "precision": 0.044007052211128064,
    "recall": 0.11305337274383898,
    "f1": 0.07389519564640734,
    "auc": 0.08657050688728754
  }
}