id,SMILES,SIF_class,SGF_class,Unnamed: 4,Unnamed: 5,Unnamed: 6,Unnamed: 7,Unnamed: 8,Unnamed: 9,Unnamed: 10,Unnamed: 11,Unnamed: 12,Unnamed: 13,Unnamed: 14,Unnamed: 15,Unnamed: 16,Unnamed: 17,Unnamed: 18,Unnamed: 19,is_monomer,is_dimer,is_cyclic,has_disulfide_bond,SIF_minutes,SGF_minutes
271,[H][C@](NC(=O)[C@H](CC(C)(C)C)NC(=O)[C@H](CC1=CNC=N1)NC(=O)[C@@]([H])(NC(C)=O)[C@@H](C)CC)([C@@H](C)O)C(=O)N[C@H]1CCSCC2(CC2)CSCC[C@H](NC(=O)[C@H](CC2=CNC3=C2C=CC=C3)NC(=O)[C@H](CC(O)=O)NC(=O)[C@H](CC2=CNC3=C2C=CC=C3)NC(=O)[C@H](CCCCCCCC)NC(=O)[C@H](CC(O)=O)NC(=O)[C@H](C)NC(=O)[C@@H]2CC3CCCCC3N2C1=O)C(=O)N[C@@H](CCCCNC(=O)CCOCCOCCOCCOCCOCCOCCOCCOCCOCCOCCOCCOCCOCCOCCOCCOCCOCCOCCOCCOCCOCCC(=O)NCCCC[C@H](NC(=O)[C@@H]1CCSCC2(CC2)CSCC[C@H](NC(=O)[C@@]([H])(NC(=O)[C@H](CC(C)(C)C)NC(=O)[C@H](CC2=CNC=N2)NC(=O)[C@@]([H])(NC(C)=O)[C@@H](C)CC)[C@@H](C)O)C(=O)N2C3CCCCC3C[C@H]2C(=O)N[C@@H](C)C(=O)N[C@@H](CC(O)=O)C(=O)N[C@@H](CCCCCCCC)C(=O)N[C@@H](CC2=CNC3=C2C=CC=C3)C(=O)N[C@@H](CC(O)=O)C(=O)N[C@@H](CC2=CNC3=C2C=CC=C3)C(=O)N1)C(=O)N[C@H](CCCNC(N)=N)C(N)=O)C(=O)N[C@H](CCCNC(N)=N)C(N)=O,4,4,,,,,,,,,,,,,,,,,False,True,True,False,150,150
366,[H]C[C@@H]1NC(=O)[C@@H]2C[C@]3([H])CCCC[C@]3([H])N2C(=O)[C@H](CCSCCCSCC[C@H](NC(=O)[C@H](CC2=CNC3=CC=CC=C23)NC(=O)[C@H](CC(O)=O)NC(=O)[C@H](CC2=CNC3=CC=CC=C23)NC(=O)[C@H](CCCCCCCC)NC(=O)[C@H](CC(O)=O)NC1=O)C(=O)N[C@@H](CCCCNC(=O)CCOCCOCCOCCOCCOCCOCCOCCOCCOCCOCCOCCOCCOCCOCCOCCOCCOCCOCCOCCOCCOCCC(=O)NCCCC[C@H](NC(=O)[C@@H]1CCSCCCSCC[C@H](NC(=O)[C@@H](NC(=O)[C@@H](NC(=O)[C@H](CCCNC(C)=O)NC(=O)[C@@H](NC(=O)C[H])[C@@H](C)CC)C(C)C)[C@@H](C)O)C(=O)N2[C@@H](C[C@]3([H])CCCC[C@]23[H])C(=O)N[C@@H](C[H])C(=O)N[C@@H](CC(O)=O)C(=O)N[C@@H](CCCCCCCC)C(=O)N[C@@H](CC2=CNC3=CC=CC=C23)C(=O)N[C@@H](CC(O)=O)C(=O)N[C@@H](CC2=CNC3=CC=CC=C23)C(=O)N1)C(=O)N[C@H](CCCNC(N)=N)C(N)=O)C(=O)N[C@H](CCCNC(N)=N)C(N)=O)NC(=O)[C@@H](NC(=O)[C@@H](NC(=O)[C@H](CCCNC(C)=O)NC(=O)[C@H](NC(=O)C[H])[C@@H](C)CC)C(C)C)[C@@H](C)O,4,1,,,,,,,,,,,,,,,,,False,True,True,False,150,30
68,[H][C@](NC(=O)[C@H](CC(C)(C)C)NC(=O)[C@@]([H])(NC(=O)[C@@]([H])(NC(C)=O)[C@@H](C)CC)[C@@H](C)O)([C@@H](C)O)C(=O)N[C@H]1CCCSSCCC[C@H](NC(=O)[C@H](CC2=CNC3=C2C=CC=C3)NC(=O)[C@H](CC(O)=O)NC(=O)[C@H](CC2=CNC3=C2C=CC=C3)NC(=O)[C@H](CCCCCCCC)NC(=O)[C@H](CC(O)=O)NC(=O)[C@H](C)NC(=O)[C@@H]2CCCN2C1=O)C(=O)N[C@@H](CCCCNC(=O)CCOCCOCCOCCOCCOCCOCCOCCOCCOCCOCCOCCOCCOCCOCCOCCOCCOCCOCCOCCOCCOCCC(=O)NCCCC[C@H](NC(=O)[C@@H]1CCCSSCCC[C@H](NC(=O)[C@@]([H])(NC(=O)[C@H](CC(C)(C)C)NC(=O)[C@@]([H])(NC(=O)[C@@]([H])(NC(C)=O)[C@@H](C)CC)[C@@H](C)O)[C@@H](C)O)C(=O)N2CCC[C@H]2C(=O)N[C@@H](C)C(=O)N[C@@H](CC(O)=O)C(=O)N[C@@H](CCCCCCCC)C(=O)N[C@@H](CC2=CNC3=C2C=CC=C3)C(=O)N[C@@H](CC(O)=O)C(=O)N[C@@H](CC2=CNC3=C2C=CC=C3)C(=O)N1)C(=O)N[C@H](CCCNC(N)=N)C(N)=O)C(=O)N[C@H](CCCNC(N)=N)C(N)=O,4,4,,,,,,,,,,,,,,,,,False,True,True,True,150,150
386,[H]NC(=O)C[C@H](NC(=O)[C@@H]1CCCSSCCC[C@H](NC(=O)[C@@]([H])(NC(=O)[C@@H](NC(=O)[C@H](CCCC[N+](C)(C)C)NC(=O)[C@@]([H])(NC(=O)[C@H](CCC(O)=O)NC(C)=O)[C@@H](C)CC)C(C)C)[C@@H](C)O[H])C(=O)N2C3CCCCC3C[C@H]2C(=O)N[C@@H](C)C(=O)N[C@@H](CC(O)=O)C(=O)N[C@@H](CCCCCCCC)C(=O)N[C@@H](CC2=CN([H])C3=C2C=CC=C3)C(=O)N[C@@H](CC(O)=O)C(=O)N[C@@H](CC2=CN([H])C3=C2C=CC=C3)C(=O)N1)C(=O)N[C@H](CCCN=C(N)N[H])C(N)=O,1,1,,,,,,,,,,,,,,,,,True,False,True,True,30,30
453,[H]C[C@@H]1NC(=O)[C@@H]2C[C@]3([H])CCCC[C@]3([H])N2C(=O)[C@H](CCSCCCSCC[C@H](NC(=O)[C@H](CC2=CNC3=CC=CC=C23)NC(=O)[C@H](CC(O)=O)NC(=O)[C@H](CC2=CNC3=CC=CC=C23)NC(=O)[C@H](CCCCCCCC)NC(=O)[C@H](CC(O)=O)NC1=O)C(=O)N[C@@H](CC(N)=O)C(=O)N[C@H](CCCNC(N)=N)C(N)=O)NC(=O)[C@H](CCC(O)=O)NC(=O)[C@@H](NC(=O)[C@H](CC1=CN=CN1)NC(=O)[C@@H](NC(=O)[C@@H](NC(=O)C[H])C(C)(C)C)[C@@H](C)CC)C(C)(C)C,4,1,,,,,,,,,,,,,,,,,True,False,True,False,150,30
379,[H]C[C@@H]1NC(=O)[C@@H]2C[C@]3([H])CCCC[C@]3([H])N2C(=O)[C@H](CCSCCCSCC[C@H](NC(=O)[C@H](CC2=CNC3=CC=CC=C23)NC(=O)[C@H](CC(O)=O)NC(=O)[C@H](CC2=CNC3=CC=CC=C23)NC(=O)[C@H](CCCCCCCC)NC(=O)[C@H](CC(O)=O)NC1=O)C(=O)N[C@@H](CC(N)=O)C(=O)N[C@H](CCCNC(N)=N)C(N)=O)NC(=O)[C@@H](NC(=O)[C@@H](NC(=O)[C@H](CC1=CN=CN1)NC(=O)[C@@H](NC(=O)[C@H](CCC(O)=O)NC(=O)C[H])[C@@H](C)CC)C(C)(C)C)[C@@H](C)O,1,1,,,,,,,,,,,,,,,,,True,False,True,False,30,30
349,[H]NC(N)=NCCC[C@@H](NC(=O)[C@H](CCCCNC(=O)CCOCCOCCOCCOCCOCCOCCOCCOCCOCCOCCOCCOCCOCCOCCOCCOCCOCCOCCOCCOCCOCCC(=O)NCCCC[C@H](NC(=O)[C@@H]1CCCNC(=O)CSCC[C@H](NC(=O)[C@@]([H])(NC(=O)[C@H](CC(C)(C)C)NC(=O)[C@H](CC2=CN([H])C=N2)NC(=O)[C@@]([H])(NC(C)=O)[C@@H](C)CC)[C@@H](C)O[H])C(=O)N2C3CCCCC3C[C@H]2C(=O)N[C@@H](C)C(=O)N[C@@H](CC(O)=O)C(=O)N[C@@H](CCCCCCCC)C(=O)N[C@@H](CC2=CN([H])C3=C2C=CC=C3)C(=O)N[C@@H](CC(O)=O)C(=O)N[C@@H](CC2=CN([H])C3=C2C=CC=C3)C(=O)N1)C(=O)N[C@H](CCCN=C(N)N[H])C(N)=O)NC(=O)[C@@H]1CCCNC(=O)CSCC[C@H](NC(=O)[C@@]([H])(NC(=O)[C@H](CC(C)(C)C)NC(=O)[C@H](CC2=CN([H])C=N2)NC(=O)[C@@]([H])(NC(C)=O)[C@@H](C)CC)[C@@H](C)O[H])C(=O)N2C3CCCCC3C[C@H]2C(=O)N[C@@H](C)C(=O)N[C@@H](CC(O)=O)C(=O)N[C@@H](CCCCCCCC)C(=O)N[C@@H](CC2=CN([H])C3=C2C=CC=C3)C(=O)N[C@@H](CC(O)=O)C(=O)N[C@@H](CC2=CN([H])C3=C2C=CC=C3)C(=O)N1)C(N)=O,1,4,,,,,,,,,,,,,,,,,False,True,True,False,30,150
451,[H]C[C@@H]1NC(=O)[C@@H]2C[C@]3([H])CCCC[C@]3([H])N2C(=O)[C@H](CCSCCCSCC[C@H](NC(=O)[C@H](CC2=CNC3=CC=CC=C23)NC(=O)[C@H](CC(O)=O)NC(=O)[C@H](CC2=CNC3=CC=CC=C23)NC(=O)[C@H](CCCCCCCC)NC(=O)[C@H](CC(O)=O)NC1=O)C(=O)N[C@@H](CC(N)=O)C(=O)N[C@H](CCCNC(N)=N)C(N)=O)NC(=O)[C@@H](NC(=O)[C@@H](NC(=O)[C@H](CC1=CN=CN1)NC(=O)[C@@H](NC(=O)[C@@H](NC(=O)C[H])C(C)(C)C)[C@@H](C)CC)C(C)(C)C)[C@@H](C)O,4,1,,,,,,,,,,,,,,,,,True,False,True,False,150,30
445,[H]C[C@@H]1NC(=O)[C@@H]2C[C@]3([H])CCCC[C@]3([H])N2C(=O)[C@H](CCSCCCSCC[C@H](NC(=O)[C@H](CC2=CNC3=CC=CC=C23)NC(=O)[C@H](CC(O)=O)NC(=O)[C@H](CC2=CNC3=CC=CC=C23)NC(=O)[C@H](CCCCCCCC)NC(=O)[C@H](CC(O)=O)NC1=O)C(=O)N[C@@H](CC(N)=O)C(=O)N[C@H](CCCNC(N)=N)C(N)=O)NC(=O)[C@@H](NC(=O)[C@@H](NC(=O)[C@H](CC1=CN=CN1)NC(=O)[C@@H](NC(=O)[C@H](CC1=CN=CN1)NC(=O)C[H])[C@@H](C)CC)C(C)(C)C)[C@@H](C)O,4,2,,,,,,,,,,,,,,,,,True,False,True,False,150,75
149,[H]NC(N)=NCCC[C@@H](NC(=O)[C@H](CCCCNC(=O)CCOCCOCCOCCOCCOCCOCCOCCOCCOCCOCCOCCOCCOCCOCCOCCOCCOCCOCCOCCOCCOCCC(=O)NCCCC[C@H](NC(=O)[C@@H]1CCCSSCCC[C@H](NC(=O)[C@@]([H])(NC(=O)[C@H](CCCCCC)NC(=O)[C@H](CC2=CN([H])C=N2)NC(=O)[C@@]([H])(NC(C)=O)[C@@H](C)CC)[C@@H](C)O[H])C(=O)N2CCC[C@H]2C(=O)N[C@@H](C)C(=O)N[C@@H](CC(O)=O)C(=O)N[C@@H](CCCCCCCC)C(=O)N[C@@H](CC2=CN([H])C3=C2C=CC=C3)C(=O)N[C@@H](CC(O)=O)C(=O)N[C@@H](CC2=CN([H])C3=C2C=CC=C3)C(=O)N1)C(=O)N[C@H](CCCN=C(N)N[H])C(N)=O)NC(=O)[C@@H]1CCCSSCCC[C@H](NC(=O)[C@@]([H])(NC(=O)[C@H](CCCCCC)NC(=O)[C@H](CC2=CN([H])C=N2)NC(=O)[C@@]([H])(NC(C)=O)[C@@H](C)CC)[C@@H](C)O[H])C(=O)N2CCC[C@H]2C(=O)N[C@@H](C)C(=O)N[C@@H](CC(O)=O)C(=O)N[C@@H](CCCCCCCC)C(=O)N[C@@H](CC2=CN([H])C3=C2C=CC=C3)C(=O)N[C@@H](CC(O)=O)C(=O)N[C@@H](CC2=CN([H])C3=C2C=CC=C3)C(=O)N1)C(N)=O,4,1,,,,,,,,,,,,,,,,,False,True,True,True,150,30
506,[H]C[C@@H]1NC(=O)[C@@H]2C[C@]3([H])CCCC[C@]3([H])N2C(=O)[C@H](CCSCCCSCC[C@H](NC(=O)[C@H](CC2=CNC3=CC=CC=C23)NC(=O)[C@H](CC(O)=O)NC(=O)[C@H](CC2=CNC3=CC=CC=C23)NC(=O)[C@H](CCCCCCCC)NC(=O)[C@H](CC(O)=O)NC1=O)C(=O)N[C@@H](CC(N)=O)C(=O)N[C@H](CCCNC(N)=N)C(N)=O)NC(=O)[C@@H](NC(=O)[C@@H](NC(=O)[C@H](CC1=CN=CN1)NC(=O)[C@@H](NC(=O)[C@@H](CC1=CN=CN1)NC(=O)C[H])[C@@H](C)CC)C(C)(C)C)[C@@H](C)O,4,2,,,,,,,,,,,,,,,,,True,False,True,False,150,75
203,[H]NC(N)=NCCC[C@@H](NC(=O)[C@H](CCCCNC(=O)CCOCCOCCOCCOCCOCCOCCOCCOCCOCCOCCOCCOCCOCCOCCOCCOCCOCCOCCOCCOCCOCCC(=O)NCCCC[C@H](NC(=O)[C@@H]1CCCSSCCC[C@H](NC(=O)[C@@]([H])(NC(=O)[C@@H](NC(=O)[C@H](CC2=CN([H])C=N2)NC(=O)[C@@]([H])(NC(C)=O)[C@@H](C)CC)C(C)C)[C@@H](C)O[H])C(=O)N2C3CCCCC3C[C@H]2C(=O)N[C@@H](C)C(=O)N[C@@H](CC(O)=O)C(=O)N[C@@H](CCCCCCCC)C(=O)N[C@@H](CC2=CN([H])C3=C2C=CC=C3)C(=O)N[C@@H](CC(O)=O)C(=O)N[C@@H](CC2=CN([H])C3=C2C=CC=C3)C(=O)N1)C(=O)N[C@H](CCCN=C(N)N[H])C(N)=O)NC(=O)[C@@H]1CCCSSCCC[C@H](NC(=O)[C@@]([H])(NC(=O)[C@@H](NC(=O)[C@H](CC2=CN([H])C=N2)NC(=O)[C@@]([H])(NC(C)=O)[C@@H](C)CC)C(C)C)[C@@H](C)O[H])C(=O)N2C3CCCCC3C[C@H]2C(=O)N[C@@H](C)C(=O)N[C@@H](CC(O)=O)C(=O)N[C@@H](CCCCCCCC)C(=O)N[C@@H](CC2=CN([H])C3=C2C=CC=C3)C(=O)N[C@@H](CC(O)=O)C(=O)N[C@@H](CC2=CN([H])C3=C2C=CC=C3)C(=O)N1)C(N)=O,4,1,,,,,,,,,,,,,,,,,False,True,True,True,150,30
361,[H]C[C@@H]1NC(=O)[C@@H]2C[C@]3([H])CCCC[C@]3([H])N2C(=O)[C@H](CCCCNC(=O)CSC[C@H](NC(=O)[C@H](CC2=CNC3=CC=CC=C23)NC(=O)[C@H](CC(O)=O)NC(=O)[C@H](CC2=CNC3=CC(=CC=C23)C(N)=O)NC(=O)[C@H](CCCCCCCC)NC(=O)[C@H](CC(O)=O)NC1=O)C(=O)N[C@@H](CCCCNC(=O)CCOCCOCCOCCOCCOCCOCCOCCOCCOCCOCCOCCOCCOCCOCCOCCOCCOCCOCCOCCOCCOCCC(=O)NCCCC[C@H](NC(=O)[C@@H]1CSCC(=O)NCCCC[C@H](NC(=O)[C@@H](NC(=O)[C@H](CC(C)(C)C)NC(=O)[C@H](CCC(N)=O)NC(=O)[C@@H](NC(=O)C[H])[C@@H](C)CC)[C@@H](C)O)C(=O)N2[C@@H](C[C@]3([H])CCCC[C@]23[H])C(=O)N[C@@H](C[H])C(=O)N[C@@H](CC(O)=O)C(=O)N[C@@H](CCCCCCCC)C(=O)N[C@@H](CC2=CNC3=CC(=CC=C23)C(N)=O)C(=O)N[C@@H](CC(O)=O)C(=O)N[C@@H](CC2=CNC3=CC=CC=C23)C(=O)N1)C(=O)N[C@H](CCCNC(N)=N)C(N)=O)C(=O)N[C@H](CCCNC(N)=N)C(N)=O)NC(=O)[C@@H](NC(=O)[C@H](CC(C)(C)C)NC(=O)[C@H](CCC(N)=O)NC(=O)[C@@H](NC(=O)C[H])[C@@H](C)CC)[C@@H](C)O,1,3,,,,,,,,,,,,,,,,,False,True,True,False,30,105
426,[H]C[C@@H]1NC(=O)[C@@H]2C[C@]3([H])CCCC[C@]3([H])N2C(=O)[C@H](CCC\C=C/CCC[C@H](NC(=O)[C@H](CC2=CNC3=CC=CC=C23)NC(=O)[C@H](CC(O)=O)NC(=O)[C@H](CC2=CNC3=CC=CC=C23)NC(=O)[C@H](CCCCCCCC)NC(=O)[C@H](CC(O)=O)NC1=O)C(=O)N[C@@H](CCCCNC(=O)CCOCCOCCOCCOCCOCCOCCOCCOCCOCCOCCOCCOCCOCCOCCOCCOCCOCCOCCOCCOCCOCCC(=O)NCCCC[C@H](NC(=O)[C@@H]1CCC\C=C/CCC[C@H](NC(=O)[C@H](CCC(O)=O)NC(=O)[C@@H](NC(=O)[C@H](CCCC[N+](C)(C)C)NC(=O)[C@@H](NC(=O)C[H])[C@@H](C)CC)C(C)C)C(=O)N2[C@@H](C[C@]3([H])CCCC[C@]23[H])C(=O)N[C@@H](C[H])C(=O)N[C@@H](CC(O)=O)C(=O)N[C@@H](CCCCCCCC)C(=O)N[C@@H](CC2=CNC3=CC=CC=C23)C(=O)N[C@@H](CC(O)=O)C(=O)N[C@@H](CC2=CNC3=CC=CC=C23)C(=O)N1)C(=O)N[C@H](CCCNC(N)=N)C(N)=O)C(=O)N[C@H](CCCNC(N)=N)C(N)=O)NC(=O)[C@H](CCC(O)=O)NC(=O)[C@@H](NC(=O)[C@H](CCCC[N+](C)(C)C)NC(=O)[C@@H](NC(=O)C[H])[C@@H](C)CC)C(C)C,4,4,,,,,,,,,,,,,,,,,False,True,True,False,150,150
114,[H]NC(N)=NCCC[C@@H](NC(=O)[C@H](CCCCNC(=O)CCOCCOCCOCCOCCOCCOCCOCCOCCOCCOCCOCCOCCOCCOCCOCCOCCOCCOCCOCCOCCOCCC(=O)NCCCC[C@H](NC(=O)[C@H](CC1CCCCC1)NC(=O)[C@H](CC1=CN([H])C2=C1C=CC=C2)NC(=O)[C@H](CC(O)=O)NC(=O)[C@H](CC1=CN([H])C2=C1C=CC=C2)NC(=O)[C@H](CCCCCCCC)NC(=O)C(C[C@H](NC(=O)[C@H](C)NC(=O)[C@@H]1CCCN1C(=O)[C@@H](NC(=O)[C@@]([H])(NC(=O)[C@H](CC(C)(C)C)NC(=O)[C@H](CC1=CN([H])C=N1)NC(=O)[C@@]([H])(NC(C)=O)[C@@H](C)CC)[C@@H](C)O[H])C1CCCCC1)C(O)=O)C(O)=O)C(=O)N[C@H](CCCN=C(N)N[H])C(N)=O)NC(=O)[C@H](CC1CCCCC1)NC(=O)[C@H](CC1=CN([H])C2=C1C=CC=C2)NC(=O)[C@H](CC(O)=O)NC(=O)[C@H](CC1=CN([H])C2=C1C=CC=C2)NC(=O)[C@H](CCCCCCCC)NC(=O)C(C[C@H](NC(=O)[C@H](C)NC(=O)[C@@H]1CCCN1C(=O)[C@@H](NC(=O)[C@@]([H])(NC(=O)[C@H](CC(C)(C)C)NC(=O)[C@H](CC1=CN([H])C=N1)NC(=O)[C@@]([H])(NC(C)=O)[C@@H](C)CC)[C@@H](C)O[H])C1CCCCC1)C(O)=O)C(O)=O)C(N)=O,4,1,,,,,,,,,,,,,,,,,False,True,True,False,150,30
328,[H]NC(=O)C[C@H](NC(=O)[C@@H]1CCSC\C=C\CSCC[C@H](NC(=O)[C@@]([H])(NC(=O)[C@H](CC(C)(C)C)NC(=O)[C@H](CC2=CN=CC=C2)NC(=O)[C@@]([H])(NC(C)=O)[C@@H](C)CC)[C@@H](C)O[H])C(=O)N2C3CCCCC3C[C@H]2C(=O)N[C@@H](C)C(=O)N[C@@H](CC(C(O)=O)C(=O)N[C@@H](CCCCCCCC)C(=O)N[C@@H](CC2=CN([H])C3=C2C=CC=C3)C(=O)N[C@@H](CC(O)=O)C(=O)N[C@@H](CC2=CN([H])C3=C2C=CC=C3)C(=O)N1)C(O)=O)C(=O)N[C@H](CCCN=C(N)N[H])C(N)=O,4,1,,,,,,,,,,,,,,,,,True,False,True,False,150,30
554,[H]C[C@@H]1NC(=O)[C@@H]2C[C@]3([H])CCCC[C@]3([H])N2C(=O)[C@H](CCCSSCCC[C@H](NC(=O)[C@H](CC2=CNC3=CC=CC=C23)NC(=O)[C@H](CC(O)=O)NC(=O)[C@H](CC2=CNC3=CC=CC=C23)NC(=O)[C@H](CCCCCCCC)NC(=O)[C@H](CC(O)=O)NC1=O)C(=O)N[C@@H](CCCCNC(=O)CCOCCOCCOCCOCCOCCOCCOCCOCCOCCOCCOCCOCCOCCOCCOCCOCCOCCOCCOCCOCCOCCC(=O)NCCCC[C@H](NC(=O)[C@@H]1CCCSSCCC[C@H](NC(=O)[C@@H](NC(=O)[C@@H](NC(=O)[C@H](CCCC[N+](C)(C)C)NC(=O)[C@@H](NC(=O)[C@H](CCC(O)=O)NC(=O)C[H])[C@@H](C)CC)C(C)C)[C@@H](C)O)C(=O)N2[C@@H](C[C@]3([H])CCCC[C@]23[H])C(=O)N[C@@H](C[H])C(=O)N[C@@H](CC(O)=O)C(=O)N[C@@H](CCCCCCCC)C(=O)N[C@@H](CC2=CNC3=CC=CC=C23)C(=O)N[C@@H](CC(O)=O)C(=O)N[C@@H](CC2=CNC3=CC=CC=C23)C(=O)N1)C(=O)N[C@H](CCCNC(N)=N)C(N)=O)C(=O)N[C@H](CCCNC(N)=N)C(N)=O)NC(=O)[C@@H](NC(=O)[C@@H](NC(=O)[C@H](CCCC[N+](C)(C)C)NC(=O)[C@@H](NC(=O)[C@H](CCC(O)=O)NC(=O)C[H])[C@@H](C)CC)C(C)C)[C@@H](C)O,4,1,,,,,,,,,,,,,,,,,False,True,True,True,150,30
326,[H]NC(=O)C[C@H](NC(=O)[C@@H]1CCCSSCCC[C@H](NC(=O)[C@@]([H])(NC(=O)[C@H](CC(C)(C)C)NC(=O)[C@H](CC2=CN([H])C=N2)NC(=O)[C@@]([H])(NC(C)=O)[C@@H](C)CC)[C@@H](C)O[H])C(=O)N2C3CCCCC3C[C@H]2C(=O)N[C@@H](CC2=CN([H])C=N2)C(=O)N[C@@H](CC(C(O)=O)C(=O)N[C@@H](CCCCCCCC)C(=O)N[C@@H](CC2=CN([H])C3=C2C=CC=C3)C(=O)N[C@@H](CCC(O)=O)C(=O)N[C@@H](CC2=CN([H])C3=C2C=CC=C3)C(=O)N1)C(O)=O)C(=O)N[C@H](CCCN=C(N)N[H])C(N)=O,4,1,,,,,,,,,,,,,,,,,True,False,True,True,150,30
502,[H]C[C@@H]1NC(=O)[C@@H]2C[C@]3([H])CCCC[C@]3([H])N2C(=O)[C@H](CCSCCCSCC[C@H](NC(=O)[C@H](CC2=CNC3=CC=CC=C23)NC(=O)[C@H](CC(O)=O)NC(=O)[C@H](CC2=CNC3=C2C=CC=C3C2=CC=CC=C2)NC(=O)[C@H](CCCCCCCC)NC(=O)[C@H](CC(O)=O)NC1=O)C(=O)N[C@@H](CC(N)=O)C(=O)N[C@H](CCCNC(N)=N)C(N)=O)NC(=O)[C@@H](NC(=O)[C@@H](NC(=O)[C@H](CC1=CN=CN1)NC(=O)[C@@H](NC(=O)[C@H](CC1=CN=CN1)NC(=O)C[H])[C@@H](C)CC)C(C)(C)C)[C@@H](C)O,4,4,,,,,,,,,,,,,,,,,True,False,True,False,150,150
391,[H]CC(=O)NCCCC[C@@H]1NC(=O)[C@@H]2CC3CCCCC3N2C(=O)[C@H](CCCSSCCC[C@H](NC(=O)[C@H](CC2=CN([H])C3=C2C=CC=C3)NC(=O)[C@H](CC(O)=O)NC(=O)[C@H](CC2=CN([H])C3=C2C=CC=C3)NC(=O)[C@H](CCCCCCCC)NC(=O)[C@H](CC(O)=O)NC1=O)C(=O)N[C@@H](CCCCNC(=O)CCOCCOCCOCCOCCOCCOCCOCCOCCOCCOCCOCCOCCOCCOCCOCCOCCOCCOCCOCCOCCOCCC(=O)NCCCC[C@H](NC(=O)[C@@H]1CCCSSCCC[C@H](NC(=O)[C@@]([H])(NC(=O)[C@@H](NC(=O)[C@H](CCCC[N+](C)(C)C)NC(=O)[C@@]([H])(NC(C)=O)[C@@H](C)CC)C(C)C)[C@@H](C)O[H])C(=O)N2C3CCCCC3C[C@H]2C(=O)N[C@@H](CCCCNC(=O)C[H])C(=O)N[C@@H](CC(O)=O)C(=O)N[C@@H](CCCCCCCC)C(=O)N[C@@H](CC2=CN([H])C3=C2C=CC=C3)C(=O)N[C@@H](CC(O)=O)C(=O)N[C@@H](CC2=CN([H])C3=C2C=CC=C3)C(=O)N1)C(=O)N[C@H](CCCN=C(N)N[H])C(N)=O)C(=O)N[C@H](CCCN=C(N)N[H])C(N)=O)NC(=O)[C@@]([H])(NC(=O)[C@@H](NC(=O)[C@H](CCCC[N+](C)(C)C)NC(=O)[C@@]([H])(NC(C)=O)[C@@H](C)CC)C(C)C)[C@@H](C)O[H],4,4,,,,,,,,,,,,,,,,,False,True,True,True,150,150
120,[H]CC(=O)N[C@@H]([C@@H](C)CC)C(=O)N[C@@H](CC1=CN=CN1)C(=O)N[C@@H](CC(C)(C)C)C(=O)N[C@@H]([C@@H](C)O)C(=O)N[C@@H]([C@@H](C)CC)C(=O)N1CC([H])C[C@H]1C(=O)N[C@H]1CSCC(=O)NCCCC[C@@H]2NC(=O)[C@H](CC3=CNC4=CC=CC=C34)NC(=O)[C@H](CCC\C=C/CCC[C@H](NC(=O)[C@H](CC3=CNC4=CC=CC=C34)NC2=O)C(=O)N[C@@H](CCCCN[H])C(=O)N[C@H](CCCNC(N)=N)C(N)=O)NC(=O)[C@H](CC(O)=O)NC1=O,1,1,,,,,,,,,,,,,,,,,True,False,True,False,30,30
49,[H]C[C@H](NC(=O)[C@@H]1CC([H])CN1C(=O)[C@@H](NC(=O)[C@@H](NC(=O)[C@@H](NC(=O)[C@H](CC1=CN=CN1)NC(=O)[C@@H](NC(=O)C[H])[C@@H](C)CC)C(C)C)[C@@H](C)O)[C@@H](C)CC)C(=O)N[C@@H](CC(O)=O)C(=O)N[C@H]1CCC\C=C\CCC[C@H](NC(=O)[C@H](CC2=CNC3=CC=CC=C23)NC(=O)[C@H](CC(O)=O)NC(=O)[C@H](CC2=CNC3=CC=CC=C23)NC1=O)C(=O)N[C@@H](CC(N)=O)C(=O)N[C@H](CCCNC(N)=N)C(N)=O,1,1,,,,,,,,,,,,,,,,,True,False,True,False,30,30
202,[H]NC(N)=NCCC[C@@H](NC(=O)[C@H](CCCCNC(=O)CCOCCOCCOCCOCCOCCOCCOCCOCCOCCOCCOCCOCCOCCOCCOCCOCCOCCOCCOCCOCCOCCC(=O)NCCCC[C@H](NC(=O)[C@@H]1CCCSSCCC[C@H](NC(=O)[C@@]([H])(NC(=O)[C@@H](NC(=O)[C@H](CC2=CN([H])C=N2)NC(=O)[C@@]([H])(NC(C)=O)[C@@H](C)CC)C(C)C)[C@@H](C)O[H])C(=O)N2C3CCCCC3C[C@H]2C(=O)N[C@@H](C)C(=O)N[C@@H](CC(C(O)=O)C(=O)N[C@@H](CCCCCCCC)C(=O)N[C@@H](CC2=CN([H])C3=C2C=CC=C3)C(=O)N[C@@H](CC(O)=O)C(=O)N[C@@H](CC2=CN([H])C3=C2C=CC=C3)C(=O)N1)C(O)=O)C(=O)N[C@H](CCCN=C(N)N[H])C(N)=O)NC(=O)[C@@H]1CCCSSCCC[C@H](NC(=O)[C@@]([H])(NC(=O)[C@@H](NC(=O)[C@H](CC2=CN([H])C=N2)NC(=O)[C@@]([H])(NC(C)=O)[C@@H](C)CC)C(C)C)[C@@H](C)O[H])C(=O)N2C3CCCCC3C[C@H]2C(=O)N[C@@H](C)C(=O)N[C@@H](CC(C(O)=O)C(=O)N[C@@H](CCCCCCCC)C(=O)N[C@@H](CC2=CN([H])C3=C2C=CC=C3)C(=O)N[C@@H](CC(O)=O)C(=O)N[C@@H](CC2=CN([H])C3=C2C=CC=C3)C(=O)N1)C(O)=O)C(N)=O,4,1,,,,,,,,,,,,,,,,,False,True,True,True,150,30
422,[H]C[C@@H]1NC(=O)[C@@H]2C[C@]3([H])CCCC[C@]3([H])N2C(=O)[C@H](CCSCCCSCC[C@H](NC(=O)[C@H](CC2=CNC3=CC=CC=C23)NC(=O)[C@H](CC(O)=O)NC(=O)[C@H](CC2=CNC3=CC=CC=C23)NC(=O)[C@H](CCCCCCCC)NC(=O)[C@H](CC(C(O)=O)C(O)=O)NC1=O)C(=O)N[C@@H](CCCCNC(=O)CCOCCOCCOCCOCCOCCOCCOCCOCCOCCOCCOCCOCCOCCOCCOCCOCCOCCOCCOCCOCCOCCC(=O)NCCCC[C@H](NC(=O)[C@@H]1CCSCCCSCC[C@H](NC(=O)[C@H](CC(N)=O)NC(=O)[C@@H](NC(=O)[C@H](CCC(N)=O)NC(=O)[C@@H](NC(=O)C[H])[C@@H](C)CC)C(C)(C)C)C(=O)N2[C@@H](C[C@]3([H])CCCC[C@]23[H])C(=O)N[C@@H](C[H])C(=O)N[C@@H](CC(C(O)=O)C(O)=O)C(=O)N[C@@H](CCCCCCCC)C(=O)N[C@@H](CC2=CNC3=CC=CC=C23)C(=O)N[C@@H](CC(O)=O)C(=O)N[C@@H](CC2=CNC3=CC=CC=C23)C(=O)N1)C(=O)N[C@H](CCCNC(N)=N)C(N)=O)C(=O)N[C@H](CCCNC(N)=N)C(N)=O)NC(=O)[C@H](CC(N)=O)NC(=O)[C@@H](NC(=O)[C@H](CCC(N)=O)NC(=O)[C@@H](NC(=O)C[H])[C@@H](C)CC)C(C)(C)C,4,1,,,,,,,,,,,,,,,,,False,True,True,False,150,30
254,[H]NC(N)=NCCC[C@@H](NC(=O)[C@H](CCCCNC(=O)CCOCCOCCOCCOCCOCCOCCOCCOCCOCCOCCOCCOCCOCCOCCOCCOCCOCCOCCOCCOCCOCCC(=O)NCCCC[C@H](NC(=O)[C@@H]1CSCC2=CC=CC(CSC[C@H](NC(=O)[C@@]([H])(NC(=O)[C@H](CC(C)(C)C)NC(=O)[C@H](CC3=CN([H])C=N3)NC(=O)[C@@]([H])(NC(C)=O)[C@@H](C)CC)[C@@H](C)O[H])C(=O)N3C4CCCCC4C[C@H]3C(=O)N[C@@H](C)C(=O)N[C@@H](CC(O)=O)C(=O)N[C@@H](CCCCCCCC)C(=O)N[C@@H](CC3=CN([H])C4=C3C=CC=C4)C(=O)N[C@@H](CC(O)=O)C(=O)N[C@@H](CC3=CN([H])C4=C3C=CC=C4)C(=O)N1)=C2)C(=O)N[C@H](CCCN=C(N)N[H])C(N)=O)NC(=O)[C@@H]1CSCC2=CC=CC(CSC[C@H](NC(=O)[C@@]([H])(NC(=O)[C@H](CC(C)(C)C)NC(=O)[C@H](CC3=CN([H])C=N3)NC(=O)[C@@]([H])(NC(C)=O)[C@@H](C)CC)[C@@H](C)O[H])C(=O)N3C4CCCCC4C[C@H]3C(=O)N[C@@H](C)C(=O)N[C@@H](CC(O)=O)C(=O)N[C@@H](CCCCCCCC)C(=O)N[C@@H](CC3=CN([H])C4=C3C=CC=C4)C(=O)N[C@@H](CC(O)=O)C(=O)N[C@@H](CC3=CN([H])C4=C3C=CC=C4)C(=O)N1)=C2)C(N)=O,3,1,,,,,,,,,,,,,,,,,False,True,True,False,105,30
50,[H]CC(=O)N[C@@H]([C@@H](C)CC)C(=O)N[C@@H]([C@@H](C)O)C(=O)N[C@@H](CC(C)(C)C)C(=O)N[C@@H]([C@@H](C)O)C(=O)N[C@@H]([C@@H](C)CC)C(=O)N1CC([H])C[C@H]1C(=O)N[C@@]1(C)CCC\C=C\CCC[C@](C)(NC(=O)[C@H](CC2=CNC3=CC=CC=C23)NC(=O)[C@H](CCCCCCCC)NC(=O)[C@H](CC(O)=O)NC1=O)C(=O)N[C@@H](CC1=CNC2=CC=CC=C12)C(=O)N[C@@H]([C@@H](C)CC)C(=O)N[C@@H](CC(N)=O)C(=O)N[C@H](CCCNC(N)=N)C(N)=O,4,4,,,,,,,,,,,,,,,,,True,False,True,False,150,150
18,[H]C[C@H](NC(=O)[C@@H]1CC([H])CN1C(=O)[C@@H](NC(=O)[C@@H](NC(=O)[C@@H](NC(=O)[C@@H](NC(=O)[C@@H](NC(=O)C[H])[C@@H](C)CC)[C@@H](C)O)C(C)C)[C@@H](C)O)[C@@H](C)CC)C(=O)N[C@@H](CC(O)=O)C(=O)N[C@@H](CC(C)C)C(=O)N[C@@H](CCCCNC(=O)COCCOCCNC(=O)COCCOCCNC(=O)CC[C@H](NC(=O)CCCCCCCCCCC)C(O)=O)C(=O)N[C@@H](CC(O)=O)C(=O)N[C@@H](CC1=CNC2=CC=CC=C12)C(=O)N[C@@H]([C@@H](C)CC)C(=O)N[C@@H](CCCCN[H])C(=O)N[C@H](CCCNC(N)=N)C(N)=O,1,1,,,,,,,,,,,,,,,,,True,False,True,False,30,30
406,[H]C[C@@H]1NC(=O)[C@@H]2C[C@]3([H])CCCC[C@]3([H])N2C(=O)[C@H](CCCCNC(=O)CSC[C@H](NC(=O)[C@H](CC2=CNC3=CC=CC=C23)NC(=O)[C@H](CC(O)=O)NC(=O)[C@H](CC2=CNC3=C2C(Cl)=CC=C3)NC(=O)[C@H](CCCCCCCC)NC(=O)[C@H](CC(O)=O)NC1=O)C(=O)N[C@@H](CCCCNC(=O)CCOCCOCCOCCOCCOCCOCCOCCOCCOCCOCCOCCOCCOCCOCCOCCOCCOCCOCCOCCOCCOCCC(=O)NCCCC[C@H](NC(=O)[C@@H]1CSCC(=O)NCCCC[C@H](NC(=O)[C@@H](NC(=O)[C@H](CC(C)(C)C)NC(=O)[C@H](CC2=CN=CN2)NC(=O)[C@@H](NC(=O)C[H])[C@@H](C)CC)[C@@H](C)O)C(=O)N2[C@@H](C[C@]3([H])CCCC[C@]23[H])C(=O)N[C@@H](C[H])C(=O)N[C@@H](CC(O)=O)C(=O)N[C@@H](CCCCCCCC)C(=O)N[C@@H](CC2=CNC3=C2C(Cl)=CC=C3)C(=O)N[C@@H](CC(O)=O)C(=O)N[C@@H](CC2=CNC3=CC=CC=C23)C(=O)N1)C(=O)N[C@H](CCCNC(N)=N)C(N)=O)C(=O)N[C@H](CCCNC(N)=N)C(N)=O)NC(=O)[C@@H](NC(=O)[C@H](CC(C)(C)C)NC(=O)[C@H](CC1=CN=CN1)NC(=O)[C@@H](NC(=O)C[H])[C@@H](C)CC)[C@@H](C)O,1,4,,,,,,,,,,,,,,,,,False,True,True,False,30,150
599,[H]C[C@@H]1NC(=O)[C@@H]2C[C@]3([H])CCCC[C@]3([H])N2C(=O)[C@H](CCSCCCSCC[C@H](NC(=O)[C@H](CC2=CNC3=CC=CC=C23)NC(=O)[C@H](CCC(O)=O)NC(=O)[C@H](CC2=CNC3=CC=CC=C23)NC(=O)[C@H](CCCCCCCCCC)NC(=O)[C@H](CC(O)=O)NC1=O)C(=O)N[C@@H](CC(N)=O)C(=O)N[C@H](CCCNC(N)=N)C(N)=O)NC(=O)[C@@H](NC(=O)[C@H](CC(C)(C)C)NC(=O)[C@H](CC1=CN=CN1)NC(=O)[C@@H](NC(=O)[C@H](CC1=CN=CN1)NC(C)=O)[C@@H](C)CC)[C@@H](C)O,4,4,,,,,,,,,,,,,,,,,True,False,True,False,150,150
209,[H][C@](NC(=O)[C@H](CC1CC1)NC(=O)[C@H](CCO)NC(=O)[C@@H](NC(C)=O)C1CCCCC1)([C@@H](C)O)C(=O)N[C@H]1CCCSSCCC[C@H](NC(=O)[C@H](CC2=CNC3=C2C=CC=C3)NC(=O)[C@H](CC(O)=O)NC(=O)[C@H](CC2=CNC3=C2C=CC=C3)NC(=O)[C@H](CCCCCCCC)NC(=O)[C@H](CC(O)=O)NC(=O)[C@H](C)NC(=O)[C@@H]2CC3CCCCC3N2C1=O)C(=O)N[C@@H](CCCCNC(=O)CCOCCOCCOCCOCCOCCOCCOCCOCCOCCOCCOCCOCCOCCOCCOCCOCCOCCOCCOCCOCCOCCC(=O)NCCCC[C@H](NC(=O)[C@@H]1CCCSSCCC[C@H](NC(=O)[C@@]([H])(NC(=O)[C@H](CC2CC2)NC(=O)[C@H](CCO)NC(=O)[C@@H](NC(C)=O)C2CCCCC2)[C@@H](C)O)C(=O)N2C3CCCCC3C[C@H]2C(=O)N[C@@H](C)C(=O)N[C@@H](CC(O)=O)C(=O)N[C@@H](CCCCCCCC)C(=O)N[C@@H](CC2=CNC3=C2C=CC=C3)C(=O)N[C@@H](CC(O)=O)C(=O)N[C@@H](CC2=CNC3=C2C=CC=C3)C(=O)N1)C(=O)N[C@H](CCCNC(N)=N)C(N)=O)C(=O)N[C@H](CCCNC(N)=N)C(N)=O,4,1,,,,,,,,,,,,,,,,,False,True,True,True,150,30
223,[H]NC(N)=NCCC[C@@H](NC(=O)[C@H](CCCCNC(=O)CCOCCOCCOCCOCCOCCOCCOCCOCCOCCOCCOCCOCCOCCOCCOCCOCCOCCOCCOCCOCCOCCC(=O)NCCCC[C@H](NC(=O)[C@@H]1CCCSSCCC[C@H](NC(=O)[C@@]([H])(NC(=O)[C@@H](NC(=O)[C@H](CC2=CC=C(NC(N)=N)C=C2)NC(=O)[C@@]([H])(NC(C)=O)[C@@H](C)CC)C(C)C)[C@@H](C)O[H])C(=O)N2C3CCCCC3C[C@H]2C(=O)N[C@@H](C)C(=O)N[C@@H](CC(O)=O)C(=O)N[C@@H](CCCCCCCC)C(=O)N[C@@H](CC2=CN([H])C3=C2C=CC=C3)C(=O)N[C@@H](CC(O)=O)C(=O)N[C@@H](CC2=CN([H])C3=C2C=CC=C3)C(=O)N1)C(=O)N[C@H](CCCN=C(N)N[H])C(N)=O)NC(=O)[C@@H]1CCCSSCCC[C@H](NC(=O)[C@@]([H])(NC(=O)[C@@H](NC(=O)[C@H](CC2=CC=C(NC(N)=N)C=C2)NC(=O)[C@@]([H])(NC(C)=O)[C@@H](C)CC)C(C)C)[C@@H](C)O[H])C(=O)N2C3CCCCC3C[C@H]2C(=O)N[C@@H](C)C(=O)N[C@@H](CC(O)=O)C(=O)N[C@@H](CCCCCCCC)C(=O)N[C@@H](CC2=CN([H])C3=C2C=CC=C3)C(=O)N[C@@H](CC(O)=O)C(=O)N[C@@H](CC2=CN([H])C3=C2C=CC=C3)C(=O)N1)C(N)=O,4,1,,,,,,,,,,,,,,,,,False,True,True,True,150,30
129,[H]C[C@@H]1NC(=O)[C@@H]2CC([H])CN2C(=O)[C@H](CCCCCCCCC[C@H](NC(=O)[C@H](CC2=CNC3=CC=CC=C23)NC(=O)[C@H](CC(O)=O)NC(=O)[C@H](CC2=CNC3=CC=CC=C23)NC(=O)[C@H](CCCCCCCC)NC(=O)[C@H](CC(O)=O)NC1=O)C(=O)N[C@@H](CCCCNC(=O)CCOCCOCCOCCOCCOCCOCCOCCOCCOCCOCCOCCOCCOCCOCCOCCOCCOCCOCCOCCOCCOCCC(=O)NCCCC[C@H](NC(=O)[C@@H]1CCCCCCCCC[C@H](NC(=O)[C@@H](NC(=O)[C@H](CC(C)(C)C)NC(=O)[C@@H](NC(=O)[C@@H](NC(=O)C[H])[C@@H](C)CC)[C@@H](C)O)[C@@H](C)O)C(=O)N2CC([H])C[C@H]2C(=O)N[C@@H](C[H])C(=O)N[C@@H](CC(O)=O)C(=O)N[C@@H](CCCCCCCC)C(=O)N[C@@H](CC2=CNC3=CC=CC=C23)C(=O)N[C@@H](CC(O)=O)C(=O)N[C@@H](CC2=CNC3=CC=CC=C23)C(=O)N1)C(=O)N[C@H](CCCNC(N)=N)C(N)=O)C(=O)N[C@H](CCCNC(N)=N)C(N)=O)NC(=O)[C@@H](NC(=O)[C@H](CC(C)(C)C)NC(=O)[C@@H](NC(=O)[C@@H](NC(=O)C[H])[C@@H](C)CC)[C@@H](C)O)[C@@H](C)O,4,4,,,,,,,,,,,,,,,,,False,True,True,False,150,150
230,[H]NC(N)=NCCC[C@@H](NC(=O)[C@H](CCCCNC(=O)CCOCCOCCOCCOCCOCCOCCOCCOCCOCCOCCOCCOCCOCCOCCOCCOCCOCCOCCOCCOCCOCCC(=O)NCCCC[C@H](NC(=O)[C@@H]1CCCSSCCC[C@H](NC(=O)[C@@]([H])(NC(=O)[C@H](CC(C)(C)C)NC(=O)[C@H](CC2=CN([H])C=N2)NC(=O)[C@H](CCCCNC(=O)COCCOCCNC(=O)COCCOCCNC(=O)CC[C@H](NC(=O)CCCCCCCCCCC)C(O)=O)NC(C)=O)[C@@H](C)O[H])C(=O)N2C3CCCCC3C[C@H]2C(=O)N[C@@H](C)C(=O)N[C@@H](CC(O)=O)C(=O)N[C@@H](CCCCCCCC)C(=O)N[C@@H](CC2=CN([H])C3=C2C=CC=C3)C(=O)N[C@@H](CC(O)=O)C(=O)N[C@@H](CC2=CN([H])C3=C2C=CC=C3)C(=O)N1)C(=O)N[C@H](CCCN=C(N)N[H])C(N)=O)NC(=O)[C@@H]1CCCSSCCC[C@H](NC(=O)[C@@]([H])(NC(=O)[C@H](CC(C)(C)C)NC(=O)[C@H](CC2=CN([H])C=N2)NC(=O)[C@H](CCCCNC(=O)COCCOCCNC(=O)COCCOCCNC(=O)CC[C@H](NC(=O)CCCCCCCCCCC)C(O)=O)NC(C)=O)[C@@H](C)O[H])C(=O)N2C3CCCCC3C[C@H]2C(=O)N[C@@H](C)C(=O)N[C@@H](CC(O)=O)C(=O)N[C@@H](CCCCCCCC)C(=O)N[C@@H](CC2=CN([H])C3=C2C=CC=C3)C(=O)N[C@@H](CC(O)=O)C(=O)N[C@@H](CC2=CN([H])C3=C2C=CC=C3)C(=O)N1)C(N)=O,4,4,,,,,,,,,,,,,,,,,False,True,True,True,150,150
159,[H]C[C@@H]1NC(=O)[C@@H]2CC([H])CN2C(=O)[C@H](CCCCNC(=O)CSC[C@H](NC(=O)[C@H](CC2=CNC3=CC=CC=C23)NC(=O)[C@H](CC(O)=O)NC(=O)[C@H](CC2=CNC3=CC=CC=C23)NC(=O)[C@H](CCCCCCCC)NC(=O)[C@H](CC(C(O)=O)C(O)=O)NC1=O)C(=O)N[C@@H](CCCCNC(=O)CCOCCOCCOCCOCCOCCOCCOCCOCCOCCOCCOCCOCCOCCOCCOCCOCCOCCOCCOCCOCCOCCC(=O)NCCCC[C@H](NC(=O)[C@@H]1CSCC(=O)NCCCC[C@H](NC(=O)[C@@H](NC(=O)[C@H](CC(C)(C)C)NC(=O)[C@H](CC2=CN=CN2)NC(=O)[C@@H](NC(=O)C[H])[C@@H](C)CC)[C@@H](C)O)C(=O)N2CC([H])C[C@H]2C(=O)N[C@@H](C[H])C(=O)N[C@@H](CC(C(O)=O)C(O)=O)C(=O)N[C@@H](CCCCCCCC)C(=O)N[C@@H](CC2=CNC3=CC=CC=C23)C(=O)N[C@@H](CC(O)=O)C(=O)N[C@@H](CC2=CNC3=CC=CC=C23)C(=O)N1)C(=O)N[C@H](CCCNC(N)=N)C(N)=O)C(=O)N[C@H](CCCNC(N)=N)C(N)=O)NC(=O)[C@@H](NC(=O)[C@H](CC(C)(C)C)NC(=O)[C@H](CC1=CN=CN1)NC(=O)[C@@H](NC(=O)C[H])[C@@H](C)CC)[C@@H](C)O,1,1,,,,,,,,,,,,,,,,,False,True,True,False,30,30
668,[H]C[C@@H]1NC(=O)[C@@H]2C[C@]3([H])CCCC[C@]3([H])N2C(=O)[C@H](CCCCCCCC[C@H](NC(=O)[C@H](CC2=CNC3=CC=CC=C23)NC(=O)[C@H](CCC(O)=O)NC(=O)[C@H](CC2=CC=CC3=CC=CC=C23)NC(=O)[C@H](CCCCCCCC)NC(=O)[C@H](CC(O)=O)NC1=O)C(=O)N[C@@H](CCCCNC(=O)CCOCCOCCOCCOCCOCCOCCOCCOCCOCCOCCOCCOCCOCCOCCOCCOCCOCCOCCOCCOCCOCCC(=O)NCCCC[C@H](NC(=O)[C@@H]1CCCCCCCC[C@H](NC(=O)[C@H](CCC(O)=O)NC(=O)[C@@H](NC(=O)[C@H](CCCC[N+](C)(C)C)NC(=O)[C@@H](NC(=O)[C@@H](CCC(O)=O)NC(=O)CC(C)C)[C@@H](C)CC)C(C)(C)C)C(=O)N2[C@@H](C[C@]3([H])CCCC[C@]23[H])C(=O)N[C@@H](C[H])C(=O)N[C@@H](CC(O)=O)C(=O)N[C@@H](CCCCCCCC)C(=O)N[C@@H](CC2=CC=CC3=CC=CC=C23)C(=O)N[C@@H](CCC(O)=O)C(=O)N[C@@H](CC2=CNC3=CC=CC=C23)C(=O)N1)C(=O)N[C@H](CCCNC(N)=N)C(N)=O)C(=O)N[C@H](CCCNC(N)=N)C(N)=O)NC(=O)[C@H](CCC(O)=O)NC(=O)[C@@H](NC(=O)[C@H](CCCC[N+](C)(C)C)NC(=O)[C@@H](NC(=O)[C@@H](CCC(O)=O)NC(=O)CC(C)C)[C@@H](C)CC)C(C)(C)C,4,4,,,,,,,,,,,,,,,,,False,True,True,False,150,150
585,[H]C[C@@H]1NC(=O)[C@@H]2C[C@]3([H])CCCC[C@]3([H])N2C(=O)[C@H](CCSCCCSCC[C@H](NC(=O)[C@H](CC2=CNC3=CC=CC=C23)NC(=O)[C@H](CCC(O)=O)NC(=O)[C@H](CC2=CNC3=CC=CC=C23)NC(=O)[C@H](CCCCCCCC)NC(=O)[C@H](CC(O)=O)NC1=O)C(=O)N[C@@H](CCCCNC(=O)CCOCCOCCOCCOCCNC(=O)CCOCCOCCOCCOCCNC(=O)CCOCCOCCC(=O)NCCOCCOCCOCCOCCC(=O)NCCOCCOCCOCCOCCC(=O)NCCCC[C@H](NC(=O)[C@@H]1CCSCCCSCC[C@H](NC(=O)[C@H](CCC(O)=O)NC(=O)[C@@H](NC(=O)[C@H](CCCC[N+](C)(C)C)NC(=O)[C@@H](NC(=O)C[H])[C@@H](C)CC)C(C)C)C(=O)N2[C@@H](C[C@]3([H])CCCC[C@]23[H])C(=O)N[C@@H](C[H])C(=O)N[C@@H](CC(O)=O)C(=O)N[C@@H](CCCCCCCC)C(=O)N[C@@H](CC2=CNC3=CC=CC=C23)C(=O)N[C@@H](CCC(O)=O)C(=O)N[C@@H](CC2=CNC3=CC=CC=C23)C(=O)N1)C(=O)N[C@H](CCCNC(N)=N)C(N)=O)C(=O)N[C@H](CCCNC(N)=N)C(N)=O)NC(=O)[C@H](CCC(O)=O)NC(=O)[C@@H](NC(=O)[C@H](CCCC[N+](C)(C)C)NC(=O)[C@@H](NC(=O)C[H])[C@@H](C)CC)C(C)C,4,4,,,,,,,,,,,,,,,,,False,True,True,False,150,150
578,[H]C[C@@H]1NC(=O)[C@@H]2C[C@]3([H])CCCC[C@]3([H])N2C(=O)[C@H](CCCC=CCCC[C@H](NC(=O)[C@H](CC2=CNC3=CC=CC=C23)NC(=O)[C@H](CC(O)=O)NC(=O)[C@H](CC2=CNC3=CC=CC=C23)NC(=O)[C@H](CCCCCCCC)NC(=O)[C@H](CC(O)=O)NC1=O)C(=O)N[C@@H](CCCCNC(=O)CCOCCOCCOCCOCCOCCOCCOCCOCCOCCOCCOCCOCCOCCOCCOCCOCCOCCOCCOCCOCCOCCC(=O)NCCCC[C@H](NC(=O)[C@@H]1CCCC=C\CCC[C@H](NC(=O)[C@H](CCC(O)=O)NC(=O)[C@@H](NC(=O)[C@H](CCC(N)=O)NC(=O)[C@@H](NC(=O)CN(C)C(=O)C[H])[C@@H](C)CC)C(C)C)C(=O)N2[C@@H](C[C@]3([H])CCCC[C@]23[H])C(=O)N[C@@H](C[H])C(=O)N[C@@H](CC(O)=O)C(=O)N[C@@H](CCCCCCCC)C(=O)N[C@@H](CC2=CNC3=CC=CC=C23)C(=O)N[C@@H](CC(O)=O)C(=O)N[C@@H](CC2=CNC3=CC=CC=C23)C(=O)N1)C(=O)N[C@H](CCCNC(N)=N)C(N)=O)C(=O)N[C@H](CCCNC(N)=N)C(N)=O)NC(=O)[C@H](CCC(O)=O)NC(=O)[C@@H](NC(=O)[C@H](CCC(N)=O)NC(=O)[C@@H](NC(=O)CN(C)C(=O)C[H])[C@@H](C)CC)C(C)C,2,1,,,,,,,,,,,,,,,,,False,True,True,False,75,30
308,[H]NC(N)=NCCCC(NC(=O)C(CCCCNC(=O)CCOCCOCCOCCOCCOCCOCCOCCOCCOCCOCCOCCOCCOCCOCCOCCOCCOCCOCCOCCOCCOCCC(=O)NCCCCC(NC(=O)C1CCCSSCCCC(NC(=O)C([H])(NC(=O)C(CC2=CC=C(Cl)C(Cl)=C2)NC(=O)C(CCO[H])NC(=O)C([H])(NC(C)=O)C(C)CC)C(C)O[H])C(=O)N2C3CCCCC3CC2C(=O)NC(C)C(=O)NC(CC(O)=O)C(=O)NC(CCCCCCCC)C(=O)NC(CC2=CN([H])C3=C2C=CC=C3)C(=O)NC(CC(O)=O)C(=O)NC(CC2=CN([H])C3=C2C=CC=C3)C(=O)N1)C(=O)NC(CCCN=C(N)N[H])C(N)=O)NC(=O)C1CCCSSCCCC(NC(=O)C([H])(NC(=O)C(CC2=CC=C(Cl)C(Cl)=C2)NC(=O)C(CCO[H])NC(=O)C([H])(NC(C)=O)C(C)CC)C(C)O[H])C(=O)N2C3CCCCC3CC2C(=O)NC(C)C(=O)NC(CC(O)=O)C(=O)NC(CCCCCCCC)C(=O)NC(CC2=CN([H])C3=C2C=CC=C3)C(=O)NC(CC(O)=O)C(=O)NC(CC2=CN([H])C3=C2C=CC=C3)C(=O)N1)C(N)=O,4,1,,,,,,,,,,,,,,,,,False,True,True,True,150,30
19,[H]C[C@H](NC(=O)[C@@H]1CC([H])CN1C(=O)[C@@H](NC(=O)[C@@H](NC(=O)[C@@H](NC(=O)[C@@H](NC(=O)[C@@H](NC(=O)C[H])[C@@H](C)CC)[C@@H](C)O)C(C)C)[C@@H](C)O)[C@@H](C)CC)C(=O)N[C@@H](CC(O)=O)C(=O)N[C@@H](CC(C)C)C(=O)N[C@@H](CC1=CNC2=CC=CC=C12)C(=O)N[C@@H](CCCCNC(=O)COCCOCCNC(=O)COCCOCCNC(=O)CC[C@H](NC(=O)CCCCCCCCCCC)C(O)=O)C(=O)N[C@@H](CC1=CNC2=CC=CC=C12)C(=O)N[C@@H]([C@@H](C)CC)C(=O)N[C@@H](CCCCN[H])C(=O)N[C@H](CCCNC(N)=N)C(N)=O,1,1,,,,,,,,,,,,,,,,,True,False,True,False,30,30
367,[H]C[C@@H]1NC(=O)[C@@H]2C[C@]3([H])CCCC[C@]3([H])N2C(=O)[C@H](CCSCCCSCC[C@H](NC(=O)[C@H](CC2=CNC3=CC=CC=C23)NC(=O)[C@H](CC(O)=O)NC(=O)[C@H](CC2=CNC3=CC=CC=C23)NC(=O)[C@H](CCCCCCCC)NC(=O)[C@H](CC(O)=O)NC1=O)C(=O)N[C@@H](CCCCNC(=O)CCOCCOCCOCCOCCOCCOCCOCCOCCOCCOCCOCCOCCOCCOCCOCCOCCOCCOCCOCCOCCOCCC(=O)NCCCC[C@H](NC(=O)[C@@H]1CCSCCCSCC[C@H](NC(=O)[C@@H](NC(=O)[C@@H](NC(=O)[C@H](CCCNC(=O)C(C)(C)C)NC(=O)[C@@H](NC(=O)C[H])[C@@H](C)CC)C(C)C)[C@@H](C)O)C(=O)N2[C@@H](C[C@]3([H])CCCC[C@]23[H])C(=O)N[C@@H](C[H])C(=O)N[C@@H](CC(O)=O)C(=O)N[C@@H](CCCCCCCC)C(=O)N[C@@H](CC2=CNC3=CC=CC=C23)C(=O)N[C@@H](CC(O)=O)C(=O)N[C@@H](CC2=CNC3=CC=CC=C23)C(=O)N1)C(=O)N[C@H](CCCNC(N)=N)C(N)=O)C(=O)N[C@H](CCCNC(N)=N)C(N)=O)NC(=O)[C@@H](NC(=O)[C@@H](NC(=O)[C@H](CCCNC(=O)C(C)(C)C)NC(=O)[C@@H](NC(=O)C[H])[C@@H](C)CC)C(C)C)[C@@H](C)O,4,1,,,,,,,,,,,,,,,,,False,True,True,False,150,30
119,[H]C[C@H](NC(=O)[C@@H]1CC([H])CN1C(=O)[C@@H](NC(=O)[C@@H](NC(=O)[C@H](CC(C)(C)C)NC(=O)[C@H](CC1=CN=CN1)NC(=O)[C@@H](NC(=O)C[H])[C@@H](C)CC)[C@@H](C)O)C1CCCCC1)C(=O)N[C@@H](CC(C(O)=O)C(O)=O)C(=O)N[C@H]1CCC\C=C\CCC[C@H](NC(=O)[C@H](CC2=CNC3=CC=CC=C23)NC(=O)[C@H](CC(O)=O)NC(=O)[C@H](CC2=CNC3=CC=CC=C23)NC1=O)C(=O)N[C@@H](CCCCNC(=O)CCOCCOCCOCCOCCOCCOCCOCCOCCOCCOCCOCCOCCOCCOCCOCCOCCOCCOCCOCCOCCOCCC(=O)NCCCC[C@H](NC(=O)[C@@H]1CCC\C=C\CCC[C@H](NC(=O)[C@H](CC(C(O)=O)C(O)=O)NC(=O)[C@H](C[H])NC(=O)[C@@H]2CC([H])CN2C(=O)[C@@H](NC(=O)[C@@H](NC(=O)[C@H](CC(C)(C)C)NC(=O)[C@H](CC2=CN=CN2)NC(=O)[C@@H](NC(=O)C[H])[C@@H](C)CC)[C@@H](C)O)C2CCCCC2)C(=O)N[C@@H](CC2=CNC3=CC=CC=C23)C(=O)N[C@@H](CC(O)=O)C(=O)N[C@@H](CC2=CNC3=CC=CC=C23)C(=O)N1)C(=O)N[C@H](CCCNC(N)=N)C(N)=O)C(=O)N[C@H](CCCNC(N)=N)C(N)=O,4,1,,,,,,,,,,,,,,,,,False,True,True,False,150,30
344,[H]NC(=O)C[C@H](NC(=O)[C@@H]1CSCC2=CC=C(CSC[C@H](NC(=O)[C@@]([H])(NC(=O)[C@H](CC(C)(C)C)NC(=O)[C@H](CC3=CN=CC=C3)NC(=O)[C@@]([H])(NC(C)=O)[C@@H](C)CC)[C@@H](C)O[H])C(=O)N3C4CCCCC4C[C@H]3C(=O)N[C@@H](CC3=CN([H])C=N3)C(=O)N[C@@H](CC(C(O)=O)C(=O)N[C@@H](CCCCCCCC)C(=O)N[C@@H](CC3=CN([H])C4=C3C=CC=C4)C(=O)N[C@@H](CCC(O)=O)C(=O)N[C@@H](CC3=CN([H])C4=C3C=CC=C4)C(=O)N1)C(O)=O)C=C2)C(=O)N[C@H](CCCN=C(N)N[H])C(N)=O,4,1,,,,,,,,,,,,,,,,,True,False,True,False,150,30
706,[H]C[C@@H]1NC(=O)[C@@H]2C[C@]3([H])CCCC[C@]3([H])N2C(=O)[C@H](CCSCCCSCC[C@H](NC(=O)[C@H](CC2=CNC3=CC=CC=C23)NC(=O)[C@H](CCC(O)=O)NC(=O)[C@H](CC2=CNC3=CC=CC=C23)NC(=O)[C@H](CCCCCCCC)NC(=O)[C@H](CC(O)=O)NC1=O)C(=O)N[C@@H](CC(N)=O)C(=O)N[C@H](CCCNC(N)=N)C(N)=O)NC(=O)[C@@H](NC(=O)[C@H](CC(C)(C)C)NC(=O)[C@H](CC1=CN=CN1)NC(=O)[C@@H](NC(=O)[C@H](CC(C(O)=O)C(O)=O)NC(=O)C[H])[C@@H](C)CC)[C@@H](C)O,1,4,,,,,,,,,,,,,,,,,True,False,True,False,30,150
370,[H]C[C@@H]1NC(=O)[C@@H]2C[C@]3([H])CCCC[C@]3([H])N2C(=O)[C@H](CCSCCCSCC[C@H](NC(=O)[C@H](CC2=CNC3=CC=CC=C23)NC(=O)[C@H](CC(O)=O)NC(=O)[C@H](CC2=CNC3=CC=CC=C23)NC(=O)[C@H](CCCCCCCC)NC(=O)[C@H](CC(O)=O)NC1=O)C(=O)N[C@@H](CCCCNC(=O)CCOCCOCCOCCOCCOCCOCCOCCOCCOCCOCCOCCOCCOCCOCCOCCOCCOCCOCCOCCOCCOCCC(=O)NCCCC[C@H](NC(=O)[C@@H]1CCSCCCSCC[C@H](NC(=O)[C@H](CC(N)=O)NC(=O)[C@@H](NC(=O)[C@H](CC2=CN=CN2)NC(=O)[C@@H](NC(=O)C[H])[C@@H](C)CC)C(C)(C)C)C(=O)N2[C@@H](C[C@]3([H])CCCC[C@]23[H])C(=O)N[C@@H](C[H])C(=O)N[C@@H](CC(O)=O)C(=O)N[C@@H](CCCCCCCC)C(=O)N[C@@H](CC2=CNC3=CC=CC=C23)C(=O)N[C@@H](CC(O)=O)C(=O)N[C@@H](CC2=CNC3=CC=CC=C23)C(=O)N1)C(=O)N[C@H](CCCNC(N)=N)C(N)=O)C(=O)N[C@H](CCCNC(N)=N)C(N)=O)NC(=O)[C@H](CC(N)=O)NC(=O)[C@@H](NC(=O)[C@H](CC1=CN=CN1)NC(=O)[C@@H](NC(=O)C[H])[C@@H](C)CC)C(C)(C)C,4,4,,,,,,,,,,,,,,,,,False,True,True,False,150,150
67,[H]NCCCC[C@H](NC(=O)[C@@H]1CCCSSCCC[C@H](NC(=O)[C@@]([H])(NC(=O)[C@H](CC(C)(C)C)NC(=O)[C@H](CC2=CNC=N2)NC(=O)[C@@]([H])(NC(C)=O)[C@@H](C)CC)[C@@H](C)O)C(=O)N2CCC[C@H]2C(=O)N[C@@H](C)C(=O)N[C@@H](CC(O)=O)C(=O)N[C@@H](CCCCCCCC)C(=O)N[C@@H](CC2=CNC3=C2C=CC=C3)C(=O)N[C@@H](CC(O)=O)C(=O)N[C@@H](CC2=CNC3=C2C=CC=C3)C(=O)N1)C(=O)N[C@H](CCCNC(N)=N)C(N)=O,1,1,,,,,,,,,,,,,,,,,True,False,True,True,30,30
130,[H][C@](NC(=O)[C@H](CC(C)(C)C)NC(=O)[C@H](CC1=CNC=N1)NC(=O)[C@@]([H])(NC(C)=O)[C@@H](C)CC)([C@@H](C)O)C(=O)N[C@H]1CCSC\C=C\CSC[C@H](NC(=O)[C@H](CC2=CNC3=C2C=CC=C3)NC(=O)[C@H](CC(O)=O)NC(=O)[C@H](CC2=CNC3=C2C=CC=C3)NC(=O)[C@H](CCCCCCCC)NC(=O)[C@H](CC(O)=O)NC(=O)[C@H](C)NC(=O)[C@@H]2CCCN2C1=O)C(=O)N[C@@H](CCCCNC(=O)CCOCCOCCOCCOCCOCCOCCOCCOCCOCCOCCOCCOCCOCCOCCOCCOCCOCCOCCOCCOCCOCCC(=O)NCCCC[C@H](NC(=O)[C@@H]1CSC\C=C\CSCC[C@H](NC(=O)[C@@]([H])(NC(=O)[C@H](CC(C)(C)C)NC(=O)[C@H](CC2=CNC=N2)NC(=O)[C@@]([H])(NC(C)=O)[C@@H](C)CC)[C@@H](C)O)C(=O)N2CCC[C@H]2C(=O)N[C@@H](C)C(=O)N[C@@H](CC(O)=O)C(=O)N[C@@H](CCCCCCCC)C(=O)N[C@@H](CC2=CNC3=C2C=CC=C3)C(=O)N[C@@H](CC(O)=O)C(=O)N[C@@H](CC2=CNC3=C2C=CC=C3)C(=O)N1)C(=O)N[C@H](CCCNC(N)=N)C(N)=O)C(=O)N[C@H](CCCNC(N)=N)C(N)=O,3,4,,,,,,,,,,,,,,,,,False,True,True,False,105,150
520,[H]C[C@@H]1NC(=O)[C@@H]2C[C@]3([H])CCCC[C@]3([H])N2C(=O)[C@H](CCCSSCCC[C@H](NC(=O)[C@H](CC2=CNC3=CC(Cl)=CC=C23)NC(=O)[C@H](CC(O)=O)NC(=O)[C@H](CC2=CNC3=CC=CC=C23)NC(=O)[C@H](CCCCCCCC)NC(=O)[C@H](CC(O)=O)NC1=O)C(=O)N[C@@H](CCCCNC(=O)CCOCCOCCOCCOCCOCCOCCOCCOCCOCCOCCOCCOCCOCCOCCOCCOCCOCCOCCOCCOCCOCCC(=O)NCCCC[C@H](NC(=O)[C@@H]1CCCSSCCC[C@H](NC(=O)[C@@H](NC(=O)[C@@H](NC(=O)[C@H](CCCC[N+](C)(C)C)NC(=O)[C@@H](NC(=O)C[H])[C@@H](C)CC)C(C)C)[C@@H](C)O)C(=O)N2[C@@H](C[C@]3([H])CCCC[C@]23[H])C(=O)N[C@@H](C[H])C(=O)N[C@@H](CC(O)=O)C(=O)N[C@@H](CCCCCCCC)C(=O)N[C@@H](CC2=CNC3=CC=CC=C23)C(=O)N[C@@H](CC(O)=O)C(=O)N[C@@H](CC2=CNC3=CC(Cl)=CC=C23)C(=O)N1)C(=O)N[C@H](CCCNC(N)=N)C(N)=O)C(=O)N[C@H](CCCNC(N)=N)C(N)=O)NC(=O)[C@@H](NC(=O)[C@@H](NC(=O)[C@H](CCCC[N+](C)(C)C)NC(=O)[C@@H](NC(=O)C[H])[C@@H](C)CC)C(C)C)[C@@H](C)O,4,4,,,,,,,,,,,,,,,,,False,True,True,True,150,150
398,[H]CC(=O)N[C@@H]([C@@H](C)CC)C(=O)N[C@@H](CCC(N)=O)C(=O)N[C@@H](C(C)C)C(=O)N[C@@H]([C@@H](C)O)C(=O)N[C@@H]([C@@H](C)CC)C(=O)N1[C@@H](C[C@]2([H])CCCC[C@]12[H])C(=O)N[C@@]1(C)CCC\C=C\CCC[C@](C)(NC(=O)[C@H](CC2=CNC3=CC=CC=C23)NC(=O)[C@H](CCCCCCCC)NC(=O)[C@H](CC(C(O)=O)C(O)=O)NC1=O)C(=O)N[C@@H](CC1=CNC2=CC=CC=C12)C(=O)N[C@@H]([C@@H](C)CC)C(=O)N[C@@H](CC(N)=O)C(=O)N[C@H](CCCNC(N)=N)C(N)=O,2,3,,,,,,,,,,,,,,,,,True,False,True,False,75,105
545,[H]C[C@@H]1NC(=O)[C@@H]2C[C@]3([H])CCCC[C@]3([H])N2C(=O)[C@H](CSCCCCCSC[C@H](NC(=O)[C@H](CC2=CNC3=CC(Cl)=CC=C23)NC(=O)[C@H](CC(O)=O)NC(=O)[C@H](CC2=CNC3=CC=CC=C23)NC(=O)[C@H](CCCCCCCC)NC(=O)[C@H](CC(O)=O)NC1=O)C(=O)N[C@@H](CCCCNC(=O)CCOCCOCCOCCOCCOCCOCCOCCOCCOCCOCCOCCOCCOCCOCCOCCOCCOCCOCCOCCOCCOCCC(=O)NCCCC[C@H](NC(=O)[C@@H]1CSCCCCCSC[C@H](NC(=O)[C@@H](NC(=O)[C@@H](NC(=O)[C@H](CC2=CC=CC=C2C(N)=O)NC(=O)[C@@H](NC(=O)C[H])[C@@H](C)CC)C(C)C)[C@@H](C)O)C(=O)N2[C@@H](C[C@]3([H])CCCC[C@]23[H])C(=O)N[C@@H](C[H])C(=O)N[C@@H](CC(O)=O)C(=O)N[C@@H](CCCCCCCC)C(=O)N[C@@H](CC2=CNC3=CC=CC=C23)C(=O)N[C@@H](CC(O)=O)C(=O)N[C@@H](CC2=CNC3=CC(Cl)=CC=C23)C(=O)N1)C(=O)N[C@H](CCCNC(N)=N)C(N)=O)C(=O)N[C@H](CCCNC(N)=N)C(N)=O)NC(=O)[C@@H](NC(=O)[C@@H](NC(=O)[C@H](CC1=CC=CC=C1C(N)=O)NC(=O)[C@@H](NC(=O)C[H])[C@@H](C)CC)C(C)C)[C@@H](C)O,4,4,,,,,,,,,,,,,,,,,False,True,True,False,150,150
582,[H]C[C@@H]1NC(=O)[C@@H]2C[C@]3([H])CCCC[C@]3([H])N2C(=O)[C@H](CCSCCCSCC[C@H](NC(=O)[C@H](CC2=CNC3=CC=CC=C23)NC(=O)[C@H](CC(O)=O)NC(=O)[C@H](CC2=CNC3=CC=CC=C23)NC(=O)[C@H](CCCCCCCC)NC(=O)[C@H](CC(O)=O)NC1=O)C(=O)N[C@@H](CCCCNC(=O)CCOCCOCCOCCOCCOCCOCCOCCOCCOCCOCCOCCOCCOCCOCCOCCOCCOCCOCCOCCOCCOCCC(=O)NCCCC[C@H](NC(=O)[C@@H]1CCSCCCSCC[C@H](NC(=O)[C@H](CCC(=O)OC)NC(=O)[C@@H](NC(=O)[C@H](CCCC[N+](C)(C)C)NC(=O)[C@@H](NC(=O)C[H])[C@@H](C)CC)C(C)(C)C)C(=O)N2[C@@H](C[C@]3([H])CCCC[C@]23[H])C(=O)N[C@@H](C[H])C(=O)N[C@@H](CC(O)=O)C(=O)N[C@@H](CCCCCCCC)C(=O)N[C@@H](CC2=CNC3=CC=CC=C23)C(=O)N[C@@H](CC(O)=O)C(=O)N[C@@H](CC2=CNC3=CC=CC=C23)C(=O)N1)C(=O)N[C@H](CCCNC(N)=N)C(N)=O)C(=O)N[C@H](CCCNC(N)=N)C(N)=O)NC(=O)[C@H](CCC(=O)OC)NC(=O)[C@@H](NC(=O)[C@H](CCCC[N+](C)(C)C)NC(=O)[C@@H](NC(=O)C[H])[C@@H](C)CC)C(C)(C)C,4,4,,,,,,,,,,,,,,,,,False,True,True,False,150,150
11,CC[C@H](C)[C@H](NC(C)=O)C(=O)N[C@@H](CC1=CN=CN1)C(=O)N[C@@H](C(C)C)C(=O)N[C@@H]([C@@H](C)O)C(=O)N[C@@H]([C@@H](C)CC)C(=O)N1CCC[C@H]1C(=O)N[C@H]1CSCC2=CC=C(CSC[C@H](NC(=O)[C@H](CC3=CNC4=CC=CC=C34)NC(=O)[C@H](CC(C)C)NC(=O)[C@H](CC(O)=O)NC1=O)C(=O)N[C@@H](CC1=CNC3=CC=CC=C13)C(=O)N[C@@H]([C@@H](C)CC)C(=O)N[C@@H](CC(N)=O)C(N)=O)C=C2,1,1,,,,,,,,,,,,,,,,,True,False,True,False,30,30
594,[H]C[C@@H]1NC(=O)[C@@H]2C[C@]3([H])CCCC[C@]3([H])N2C(=O)[C@H](CCSCCCSCC[C@H](NC(=O)[C@H](CC2=CNC3=CC=CC=C23)NC(=O)[C@H](CCC(O)=O)NC(=O)[C@H](CC2=CNC3=C2C=CC=C3C2=CC=CC=C2)NC(=O)[C@H](CCCCCCCC)NC(=O)[C@H](CC(O)=O)NC1=O)C(=O)N[C@@H](CC(N)=O)C(=O)N[C@H](CCCNC(N)=N)C(N)=O)NC(=O)[C@H](CC(N)=O)NC(=O)[C@H](CCCCCCCC)NC(=O)[C@H](CC1=CN=CN1)NC(=O)[C@@H](NC(=O)[C@H](CC1=CN=CN1)NC(=O)C[H])[C@@H](C)CC,4,2,,,,,,,,,,,,,,,,,True,False,True,False,150,75
486,[H]CC(=O)NCCCC[C@H](NC(=O)[C@@H]1CCC\C=C/CCC[C@H](NC(=O)[C@@]([H])(NC(=O)[C@H](CC(C)(C)C)NC(=O)[C@H](CC2=CN([H])C=N2)NC(=O)[C@@]([H])(NC(=O)[C@@H](CCC(O)=O)NC(=O)C[H])[C@@H](C)CC)[C@@H](C)O[H])C(=O)N2[C@@H](C[C@]3([H])CCCC[C@]23[H])C(=O)N[C@@H](C)C(=O)N[C@@H](CC(O)=O)C(=O)N[C@@H](CCCCCCCC)C(=O)N[C@@H](CC2=CN([H])C3=C2C=CC=C3)C(=O)N[C@@H](CC(O)=O)C(=O)N[C@@H](CC2=CN([H])C3=C2C=CC=C3)C(=O)N1)C(=O)N[C@H](CCCNC(N)=N)C(N)=O,1,4,,,,,,,,,,,,,,,,,True,False,True,False,30,150
575,[H]C[C@@H]1NC(=O)[C@@H]2C[C@]3([H])CCCC[C@]3([H])N2C(=O)[C@H](CCSCCCCSC[C@H](NC(=O)[C@H](CC2=CNC3=CC=CC=C23)NC(=O)[C@H](CC(O)=O)NC(=O)[C@H](CC2=CNC3=CC=CC=C23)NC(=O)[C@H](CCCCCCCC)NC(=O)[C@H](CC(O)=O)NC1=O)C(=O)N[C@@H](CCCCNC(=O)CCOCCOCCOCCOCCOCCOCCOCCOCCOCCOCCOCCOCCOCCOCCOCCOCCOCCOCCOCCOCCOCCC(=O)NCCCC[C@H](NC(=O)[C@@H]1CSCCCCSCC[C@H](NC(=O)[C@H](CC(N)=O)NC(=O)[C@@H](NC(=O)[C@H](CC2=CN=CN2)NC(=O)[C@@H](NC(=O)C[H])[C@@H](C)CC)C(C)(C)C)C(=O)N2[C@@H](C[C@]3([H])CCCC[C@]23[H])C(=O)N[C@@H](C[H])C(=O)N[C@@H](CC(O)=O)C(=O)N[C@@H](CCCCCCCC)C(=O)N[C@@H](CC2=CNC3=CC=CC=C23)C(=O)N[C@@H](CC(O)=O)C(=O)N[C@@H](CC2=CNC3=CC=CC=C23)C(=O)N1)C(=O)N[C@H](CCCNC(N)=N)C(N)=O)C(=O)N[C@H](CCCNC(N)=N)C(N)=O)NC(=O)[C@H](CC(N)=O)NC(=O)[C@@H](NC(=O)[C@H](CC1=CN=CN1)NC(=O)[C@@H](NC(=O)C[H])[C@@H](C)CC)C(C)(C)C,3,4,,,,,,,,,,,,,,,,,False,True,True,False,105,150
206,[H][C@](NC(=O)[C@H](CCCCCCCC)NC(=O)[C@H](CC1=CNC=N1)NC(=O)[C@@]([H])(NC(C)=O)[C@@H](C)CC)([C@@H](C)O)C(=O)N[C@H]1CCSC\C=C\CSC[C@H](NC(=O)[C@H](CC2=CNC3=C2C=CC=C3)NC(=O)[C@H](CC(O)=O)NC(=O)[C@H](CC2=CNC3=C2C=CC=C3C2=CC=CC=C2)NC(=O)[C@H](CCCCCCCC)NC(=O)C(C[C@H](NC(=O)[C@H](C)NC(=O)[C@@H]2CC3CCCCC3N2C1=O)C(O)=O)C(O)=O)C(=O)N[C@@H](CC(N)=O)C(=O)N[C@H](CCCNC(N)=N)C(N)=O,4,1,,,,,,,,,,,,,,,,,True,False,True,False,150,30
144,[H][C@](NC(=O)[C@H](CC(C)(C)C)NC(=O)[C@H](CC1=CNC=N1)NC(=O)[C@@]([H])(NC(C)=O)[C@@H](C)CC)([C@@H](C)O)C(=O)N[C@H]1CSC\C=C\CSC[C@H](NC(=O)[C@H](CC2=CNC3=C2C=CC=C3)NC(=O)[C@H](CC(O)=O)NC(=O)[C@H](CC2=CNC3=C2C=CC=C3)NC(=O)[C@H](CCCCCCCC)NC(=O)[C@H](CC(O)=O)NC(=O)[C@H](C)NC(=O)[C@@H]2CCCN2C1=O)C(=O)N[C@@H](CCCCNC(=O)CCOCCOCCOCCOCCOCCOCCOCCOCCOCCOCCOCCOCCOCCOCCOCCOCCOCCOCCOCCOCCOCCC(=O)NCCCC[C@H](NC(=O)[C@@H]1CSC\C=C\CSC[C@H](NC(=O)[C@@]([H])(NC(=O)[C@H](CC(C)(C)C)NC(=O)[C@H](CC2=CNC=N2)NC(=O)[C@@]([H])(NC(C)=O)[C@@H](C)CC)[C@@H](C)O)C(=O)N2CCC[C@H]2C(=O)N[C@@H](C)C(=O)N[C@@H](CC(O)=O)C(=O)N[C@@H](CCCCCCCC)C(=O)N[C@@H](CC2=CNC3=C2C=CC=C3)C(=O)N[C@@H](CC(O)=O)C(=O)N[C@@H](CC2=CNC3=C2C=CC=C3)C(=O)N1)C(=O)N[C@H](CCCNC(N)=N)C(N)=O)C(=O)N[C@H](CCCNC(N)=N)C(N)=O,1,1,,,,,,,,,,,,,,,,,False,True,True,False,30,30
212,[H][C@](NC(=O)[C@@H](NC(=O)[C@H](CC1=CNC=N1)NC(=O)[C@@]([H])(NC(C)=O)[C@@H](C)CC)C1CCCC1)([C@@H](C)O)C(=O)N[C@H]1CCCSSCCC[C@H](NC(=O)[C@H](CC2=CNC3=C2C=CC=C3)NC(=O)[C@H](CC(O)=O)NC(=O)[C@H](CC2=CNC3=C2C=CC=C3)NC(=O)[C@H](CCCCCCCC)NC(=O)[C@H](CC(O)=O)NC(=O)[C@H](C)NC(=O)[C@@H]2CC3CCCCC3N2C1=O)C(=O)N[C@@H](CCCCNC(=O)CCOCCOCCOCCOCCOCCOCCOCCOCCOCCOCCOCCOCCOCCOCCOCCOCCOCCOCCOCCOCCOCCC(=O)NCCCC[C@H](NC(=O)[C@@H]1CCCSSCCC[C@H](NC(=O)[C@@]([H])(NC(=O)[C@@H](NC(=O)[C@H](CC2=CNC=N2)NC(=O)[C@@]([H])(NC(C)=O)[C@@H](C)CC)C2CCCC2)[C@@H](C)O)C(=O)N2C3CCCCC3C[C@H]2C(=O)N[C@@H](C)C(=O)N[C@@H](CC(O)=O)C(=O)N[C@@H](CCCCCCCC)C(=O)N[C@@H](CC2=CNC3=C2C=CC=C3)C(=O)N[C@@H](CC(O)=O)C(=O)N[C@@H](CC2=CNC3=C2C=CC=C3)C(=O)N1)C(=O)N[C@H](CCCNC(N)=N)C(N)=O)C(=O)N[C@H](CCCNC(N)=N)C(N)=O,5,1,,,,,,,,,,,,,,,,,False,True,True,True,5,30
438,[H]C[C@@H]1NC(=O)[C@@H]2C[C@]3([H])CCCC[C@]3([H])N2C(=O)[C@H](CCSCCCSCC[C@H](NC(=O)[C@H](CC2=CNC3=CC=CC=C23)NC(=O)[C@H](CCC(O)=O)NC(=O)[C@H](CC2=CNC3=CC=CC=C23)NC(=O)[C@H](CCCCCCCC)NC(=O)[C@H](CC(O)=O)NC1=O)C(=O)N[C@@H](CCCCNC(=O)CCOCCOCCOCCOCCOCCOCCOCCOCCOCCOCCOCCOCCOCCOCCOCCOCCOCCOCCOCCOCCOCCC(=O)NCCCC[C@H](NC(=O)[C@@H]1CCSCCCSCC[C@H](NC(=O)[C@H](CCC(O)=O)NC(=O)[C@@H](NC(=O)[C@H](CCCC[N+](C)(C)C)NC(=O)[C@@H](NC(=O)C[H])[C@@H](C)CC)C(C)C)C(=O)N2[C@@H](C[C@]3([H])CCCC[C@]23[H])C(=O)N[C@@H](C[H])C(=O)N[C@@H](CC(O)=O)C(=O)N[C@@H](CCCCCCCC)C(=O)N[C@@H](CC2=CNC3=CC=CC=C23)C(=O)N[C@@H](CCC(O)=O)C(=O)N[C@@H](CC2=CNC3=CC=CC=C23)C(=O)N1)C(=O)N[C@H](CCCNC(N)=N)C(N)=O)C(=O)N[C@H](CCCNC(N)=N)C(N)=O)NC(=O)[C@H](CCC(O)=O)NC(=O)[C@@H](NC(=O)[C@H](CCCC[N+](C)(C)C)NC(=O)[C@@H](NC(=O)C[H])[C@@H](C)CC)C(C)C,4,4,,,,,,,,,,,,,,,,,False,True,True,False,150,150
413,[H]C[C@@H]1NC(=O)[C@@H]2C[C@]3([H])CCCC[C@]3([H])N2C(=O)[C@H](CCCCCCCC[C@H](NC(=O)[C@H](CC2=CNC3=CC=CC=C23)NC(=O)[C@H](CC(O)=O)NC(=O)[C@H](CC2=CNC3=CC=CC=C23)NC(=O)[C@H](CCCCCCCC)NC(=O)[C@H](CC(O)=O)NC1=O)C(=O)N[C@@H](CCCCNC(=O)CCOCCOCCOCCOCCOCCOCCOCCOCCOCCOCCOCCOCCOCCOCCOCCOCCOCCOCCOCCOCCOCCC(=O)NCCCC[C@H](NC(=O)[C@@H]1CCCCCCCC[C@H](NC(=O)[C@@H](NC(=O)[C@H](CC2CC2)NC(=O)[C@H](CCCC[N+](C)(C)C)NC(=O)[C@@H](NC(=O)C[H])[C@@H](C)CC)[C@@H](C)O)C(=O)N2[C@@H](C[C@]3([H])CCCC[C@]23[H])C(=O)N[C@@H](C[H])C(=O)N[C@@H](CC(O)=O)C(=O)N[C@@H](CCCCCCCC)C(=O)N[C@@H](CC2=CNC3=CC=CC=C23)C(=O)N[C@@H](CC(O)=O)C(=O)N[C@@H](CC2=CNC3=CC=CC=C23)C(=O)N1)C(=O)N[C@H](CCCNC(N)=N)C(N)=O)C(=O)N[C@H](CCCNC(N)=N)C(N)=O)NC(=O)[C@@H](NC(=O)[C@H](CC1CC1)NC(=O)[C@H](CCCC[N+](C)(C)C)NC(=O)[C@@H](NC(=O)C[H])[C@@H](C)CC)[C@@H](C)O,4,3,,,,,,,,,,,,,,,,,False,True,True,False,150,105
590,[H]C[C@@H]1NC(=O)[C@@H]2C[C@]3([H])CCCC[C@]3([H])N2C(=O)[C@H](CCCCCSCCC[C@H](NC(=O)[C@H](CC2=CNC3=CC=CC=C23)NC(=O)[C@H](CCC(O)=O)NC(=O)[C@H](CC2=CNC3=CC=CC=C23)NC(=O)[C@H](CCCCCCCC)NC(=O)[C@H](CC(O)=O)NC1=O)C(=O)N[C@@H](CC(N)=O)C(=O)N[C@H](CCCNC(N)=N)C(N)=O)NC(=O)[C@@H](NC(=O)[C@H](CC(C)(C)C)NC(=O)[C@H](CC1=CN=CN1)NC(=O)[C@@H](NC(=O)[C@H](CC1=CN=CN1)NC(=O)C[H])[C@@H](C)CC)[C@@H](C)O,4,4,,,,,,,,,,,,,,,,,True,False,True,False,150,150
544,[H]C[C@@H]1NC(=O)[C@@H]2C[C@]3([H])CCCC[C@]3([H])N2C(=O)[C@H](CCC\C=C/CCC[C@H](NC(=O)[C@H](CC2=CNC3=CC=CC=C23)NC(=O)[C@H](CC(O)=O)NC(=O)[C@H](CC2=CNC3=CC=CC=C23)NC(=O)[C@H](CCCCCCCC)NC(=O)[C@H](CC(O)=O)NC1=O)C(=O)N[C@@H](CCCCNC(=O)CCOCCOCCOCCOCCOCCOCCOCCOCCOCCOCCOCCOCCOCCOCCOCCOCCOCCOCCOCCOCCOCCC(=O)NCCCC[C@H](NC(=O)[C@@H]1CCC\C=C/CCC[C@H](NC(=O)[C@H](CCC(O)=O)NC(=O)[C@@H](NC(=O)[C@H](CCCC[N+](C)(C)C)NC(=O)[C@@H](NC(=O)CN(C)C(=O)C[H])[C@@H](C)CC)C(C)(C)C)C(=O)N2[C@@H](C[C@]3([H])CCCC[C@]23[H])C(=O)N[C@@H](C[H])C(=O)N[C@@H](CC(O)=O)C(=O)N[C@@H](CCCCCCCC)C(=O)N[C@@H](CC2=CNC3=CC=CC=C23)C(=O)N[C@@H](CC(O)=O)C(=O)N[C@@H](CC2=CNC3=CC=CC=C23)C(=O)N1)C(=O)N[C@H](CCCNC(N)=N)C(N)=O)C(=O)N[C@H](CCCNC(N)=N)C(N)=O)NC(=O)[C@H](CCC(O)=O)NC(=O)[C@@H](NC(=O)[C@H](CCCC[N+](C)(C)C)NC(=O)[C@@H](NC(=O)CN(C)C(=O)C[H])[C@@H](C)CC)C(C)(C)C,4,4,,,,,,,,,,,,,,,,,False,True,True,False,150,150
390,[H]NC(N)=NCCC[C@@H](NC(=O)[C@H](CCCCNC(=O)CCOCCOCCOCCOCCOCCOCCOCCOCCOCCOCCOCCOCCOCCOCCOCCOCCOCCOCCOCCOCCOCCC(=O)NCCCC[C@H](NC(=O)[C@@H]1CCCSSCCC[C@H](NC(=O)[C@@]([H])(NC(=O)[C@@H](NC(=O)[C@H](CCCC[N+](C)(C)C)NC(=O)[C@@]([H])(NC(C)=O)[C@@H](C)CC)C(C)C)[C@@H](C)O[H])C(=O)N2C3CCCCC3C[C@H]2C(=O)NC2(CCCC2)C(=O)N[C@@H](CC(O)=O)C(=O)N[C@@H](CCCCCCCC)C(=O)N[C@@H](CC2=CN([H])C3=C2C=CC=C3)C(=O)N[C@@H](CC(O)=O)C(=O)N[C@@H](CC2=CN([H])C3=C2C=CC=C3)C(=O)N1)C(=O)N[C@H](CCCN=C(N)N[H])C(N)=O)NC(=O)[C@@H]1CCCSSCCC[C@H](NC(=O)[C@@]([H])(NC(=O)[C@@H](NC(=O)[C@H](CCCC[N+](C)(C)C)NC(=O)[C@@]([H])(NC(C)=O)[C@@H](C)CC)C(C)C)[C@@H](C)O[H])C(=O)N2C3CCCCC3C[C@H]2C(=O)NC2(CCCC2)C(=O)N[C@@H](CC(O)=O)C(=O)N[C@@H](CCCCCCCC)C(=O)N[C@@H](CC2=CN([H])C3=C2C=CC=C3)C(=O)N[C@@H](CC(O)=O)C(=O)N[C@@H](CC2=CN([H])C3=C2C=CC=C3)C(=O)N1)C(N)=O,4,4,,,,,,,,,,,,,,,,,False,True,True,True,150,150
460,[H]C[C@@H]1NC(=O)[C@@H]2C[C@]3([H])CCCC[C@]3([H])N2C(=O)[C@H](CCCC=CCCC[C@H](NC(=O)[C@H](CC2=CNC3=CC=CC=C23)NC(=O)[C@H](CC(O)=O)NC(=O)[C@H](CC2=CNC3=CC=CC=C23)NC(=O)[C@H](CCCCCCCC)NC(=O)[C@H](CC(O)=O)NC1=O)C(=O)N[C@@H](CCCCNC(=O)CCOCCOCCOCCOCCOCCOCCOCCOCCOCCOCCOCCOCCOCCOCCOCCOCCOCCOCCOCCOCCOCCC(=O)NCCCC[C@H](NC(=O)[C@@H]1CCCC=C\CCC[C@H](NC(=O)[C@H](CCC(O)=O)NC(=O)[C@@H](NC(=O)[C@H](CCC(N)=O)NC(=O)[C@@H](NC(=O)[C@@H](NC(=O)C[H])C(C)(C)C)[C@@H](C)CC)C(C)C)C(=O)N2[C@@H](C[C@]3([H])CCCC[C@]23[H])C(=O)N[C@@H](C[H])C(=O)N[C@@H](CC(O)=O)C(=O)N[C@@H](CCCCCCCC)C(=O)N[C@@H](CC2=CNC3=CC=CC=C23)C(=O)N[C@@H](CC(O)=O)C(=O)N[C@@H](CC2=CNC3=CC=CC=C23)C(=O)N1)C(=O)N[C@H](CCCNC(N)=N)C(N)=O)C(=O)N[C@H](CCCNC(N)=N)C(N)=O)NC(=O)[C@H](CCC(O)=O)NC(=O)[C@@H](NC(=O)[C@H](CCC(N)=O)NC(=O)[C@@H](NC(=O)[C@@H](NC(=O)C[H])C(C)(C)C)[C@@H](C)CC)C(C)C,3,1,,,,,,,,,,,,,,,,,False,True,True,False,105,30
638,[H]C[C@@H]1NC(=O)[C@@H]2C[C@]3([H])CCCC[C@]3([H])N2C(=O)[C@H](CCSCCCSCC[C@H](NC(=O)[C@H](CC2=CNC3=CC=CC=C23)NC(=O)[C@H](CCC(O)=O)NC(=O)[C@H](CC2=CC=CC3=CC=CC=C23)NC(=O)[C@H](CCCCCCCC)NC(=O)[C@H](CC(O)=O)NC1=O)C(=O)N[C@@H](CCCCNC(=O)CCOCCOCCOCCOCCOCCOCCOCCOCCOCCOCCOCCOCCOCCOCCOCCOCCOCCOCCOCCOCCOCCC(=O)NCCCC[C@H](NC(=O)[C@@H]1CCSCCCSCC[C@H](NC(=O)[C@H](CCC(O)=O)NC(=O)[C@@H](NC(=O)[C@H](CCCC[N+](C)(C)C)NC(=O)[C@@H](NC(=O)[C@@H](CCC(O)=O)NC(=O)CC(C)C)[C@@H](C)CC)C(C)(C)C)C(=O)N2[C@@H](C[C@]3([H])CCCC[C@]23[H])C(=O)N[C@@H](C[H])C(=O)N[C@@H](CC(O)=O)C(=O)N[C@@H](CCCCCCCC)C(=O)N[C@@H](CC2=CC=CC3=CC=CC=C23)C(=O)N[C@@H](CCC(O)=O)C(=O)N[C@@H](CC2=CNC3=CC=CC=C23)C(=O)N1)C(=O)N[C@H](CCCNC(N)=N)C(N)=O)C(=O)N[C@H](CCCNC(N)=N)C(N)=O)NC(=O)[C@H](CCC(O)=O)NC(=O)[C@@H](NC(=O)[C@H](CCCC[N+](C)(C)C)NC(=O)[C@@H](NC(=O)[C@@H](CCC(O)=O)NC(=O)CC(C)C)[C@@H](C)CC)C(C)(C)C,4,4,,,,,,,,,,,,,,,,,False,True,True,False,150,150
113,[H]NC(N)=NCCC[C@@H](NC(=O)[C@H](CCCCNC(=O)CCOCCOCCOCCOCCOCCOCCOCCOCCOCCOCCOCCOCCOCCOCCOCCOCCOCCOCCOCCOCCOCCC(=O)NCCCC[C@H](NC(=O)[C@@H]1CCCSSCCC[C@H](NC(=O)[C@@]([H])(NC(=O)[C@H](CC(C)(C)C)NC(=O)[C@H](CC2=CN([H])C=N2)NC(=O)[C@@]([H])(NC(C)=O)[C@@H](C)CC)[C@@H](C)O[H])C(=O)N2CCC[C@H]2C(=O)N[C@@H](C)C(=O)N[C@@H](CC(C(O)=O)C(=O)N[C@@H](CCCCCCCC)C(=O)N[C@@H](CC2=CN([H])C3=C2C=CC=C3)C(=O)N[C@@H](CC(O)=O)C(=O)N[C@@H](CC2=CN([H])C3=C2C=CC=C3)C(=O)N1)C(O)=O)C(=O)N[C@H](CCCN=C(N)N[H])C(N)=O)NC(=O)[C@@H]1CCCSSCCC[C@H](NC(=O)[C@@]([H])(NC(=O)[C@H](CC(C)(C)C)NC(=O)[C@H](CC2=CN([H])C=N2)NC(=O)[C@@]([H])(NC(C)=O)[C@@H](C)CC)[C@@H](C)O[H])C(=O)N2CCC[C@H]2C(=O)N[C@@H](C)C(=O)N[C@@H](CC(C(O)=O)C(=O)N[C@@H](CCCCCCCC)C(=O)N[C@@H](CC2=CN([H])C3=C2C=CC=C3)C(=O)N[C@@H](CC(O)=O)C(=O)N[C@@H](CC2=CN([H])C3=C2C=CC=C3)C(=O)N1)C(O)=O)C(N)=O,4,4,,,,,,,,,,,,,,,,,False,True,True,True,150,150
688,[H]C[C@@H]1NC(=O)[C@@H]2C[C@]3([H])CCCC[C@]3([H])N2C(=O)[C@H](CCSCCCSCC[C@H](NC(=O)[C@H](CC2=CNC3=CC=CC=C23)NC(=O)[C@H](CCC(O)=O)NC(=O)[C@H](CC2=CNC3=CC=CC=C23)NC(=O)[C@H](CCCCCCCC)NC(=O)[C@H](CC(O)=O)NC1=O)C(=O)N[C@@H](CC(N)=O)C(=O)N[C@H](CCC(N)=O)C(=O)N[C@H](CCC(O)=O)C(N)=O)NC(=O)[C@@H](NC(=O)[C@H](CC(C)(C)C)NC(=O)[C@H](CC1=CN=CN1)NC(=O)[C@@H](NC(=O)[C@@H](CC1=CN=CN1)NC(=O)CC(C)C)[C@@H](C)CC)[C@@H](C)O,4,4,,,,,,,,,,,,,,,,,True,False,True,False,150,150
275,[H]C[C@@H]1NC(=O)[C@@H]2C[C@]3([H])CCCC[C@]3([H])N2C(=O)[C@H](CCCCCCCC[C@H](NC(=O)[C@H](CC2=CNC3=CC=CC=C23)NC(=O)[C@H](CC(O)=O)NC(=O)[C@H](CC2=CNC3=CC=CC=C23)NC(=O)[C@H](CCCCCCCC)NC(=O)[C@H](CC(O)=O)NC1=O)C(=O)N[C@@H](CCCCNC(=O)CCOCCOCCOCCOCCOCCOCCOCCOCCOCCOCCOCCOCCOCCOCCOCCOCCOCCOCCOCCOCCOCCC(=O)NCCCC[C@H](NC(=O)[C@@H]1CCCCCCCC[C@H](NC(=O)[C@@H](NC(=O)[C@@H](NC(=O)[C@H](CC2=CN=CN2)NC(=O)[C@@H](NC(=O)C[H])[C@@H](C)CC)C(C)C)[C@@H](C)O)C(=O)N2[C@@H](C[C@]3([H])CCCC[C@]23[H])C(=O)N[C@@H](C[H])C(=O)N[C@@H](CC(O)=O)C(=O)N[C@@H](CCCCCCCC)C(=O)N[C@@H](CC2=CNC3=CC=CC=C23)C(=O)N[C@@H](CC(O)=O)C(=O)N[C@@H](CC2=CNC3=CC=CC=C23)C(=O)N1)C(=O)N[C@H](CCCNC(N)=N)C(N)=O)C(=O)N[C@H](CCCNC(N)=N)C(N)=O)NC(=O)[C@@H](NC(=O)[C@@H](NC(=O)[C@H](CC1=CN=CN1)NC(=O)[C@@H](NC(=O)C[H])[C@@H](C)CC)C(C)C)[C@@H](C)O,4,1,,,,,,,,,,,,,,,,,False,True,True,False,150,30
673,[H]C[C@@H]1NC(=O)[C@@H]2C[C@]3([H])CCCC[C@]3([H])N2C(=O)[C@H](CCSCCCSCC[C@H](NC(=O)[C@H](CC2=CNC3=CC=CC=C23)NC(=O)[C@H](CCC(O)=O)NC(=O)[C@H](CC2=CNC3=CC=CC=C23)NC(=O)[C@H](CCCCCCCC)NC(=O)[C@H](CC(O)=O)NC1=O)C(=O)N[C@@H](CC(N)=O)C(=O)N[C@H](CCCNC(N)=N)C(N)=O)NC(=O)[C@@H](NC(=O)[C@H](CC(C)(C)C)NC(=O)[C@H](CC1=CN=CN1)NC(=O)[C@H](CC1=CC=CC=C1)NC(=O)[C@H](CCC1=CN=CN1)NC(=O)C[H])[C@@H](C)O,4,4,,,,,,,,,,,,,,,,,True,False,True,False,150,150
675,[H]CC(=O)NCCCC[C@@H]1NC(=O)[C@@H]2CC3CCCCC3N2C(=O)[C@H](CCSCCCSCC[C@H](NC(=O)[C@H](CC2=CN([H])C3=C2C=CC=C3)NC(=O)[C@H](CCC(O)=O)NC(=O)[C@H](CC2=CN([H])C3=C2C=CC=C3)NC(=O)[C@H](CCCCCCCC)NC(=O)[C@H](CC(O)=O)NC1=O)C(=O)N[C@@H](CC(=O)N[H])C(=O)N[C@H](CCCN=C(N)N[H])C(N)=O)NC(=O)[C@@]([H])(NC(=O)[C@H](CC(C)(C)C)NC(=O)[C@H](CC1=CN([H])C=N1)NC(=O)[C@@H](NC(=O)[C@H](CC1=CN([H])C=N1)NC(=O)CC(C)C)C(C)(C)C)[C@@H](C)O[H],4,4,,,,,,,,,,,,,,,,,True,False,True,False,150,150
369,[H]C[C@@H]1NC(=O)[C@@H]2C[C@]3([H])CCCC[C@]3([H])N2C(=O)[C@H](CCSCCCSCC[C@H](NC(=O)[C@H](CC2=CNC3=CC=CC=C23)NC(=O)[C@H](CC(O)=O)NC(=O)[C@H](CC2=CNC3=CC=CC=C23)NC(=O)[C@H](CCCCCCCC)NC(=O)[C@H](CC(O)=O)NC1=O)C(=O)N[C@@H](CCCCNC(=O)CCOCCOCCOCCOCCOCCOCCOCCOCCOCCOCCOCCOCCOCCOCCOCCOCCOCCOCCOCCOCCOCCC(=O)NCCCC[C@H](NC(=O)[C@@H]1CCSCCCSCC[C@H](NC(=O)[C@H](CCC(O)=O)NC(=O)[C@@H](NC(=O)[C@H](CC2=CN=CN2)NC(=O)[C@@H](NC(=O)C[H])[C@@H](C)CC)C(C)(C)C)C(=O)N2[C@@H](C[C@]3([H])CCCC[C@]23[H])C(=O)N[C@@H](C[H])C(=O)N[C@@H](CC(O)=O)C(=O)N[C@@H](CCCCCCCC)C(=O)N[C@@H](CC2=CNC3=CC=CC=C23)C(=O)N[C@@H](CC(O)=O)C(=O)N[C@@H](CC2=CNC3=CC=CC=C23)C(=O)N1)C(=O)N[C@H](CCCNC(N)=N)C(N)=O)C(=O)N[C@H](CCCNC(N)=N)C(N)=O)NC(=O)[C@H](CCC(O)=O)NC(=O)[C@@H](NC(=O)[C@H](CC1=CN=CN1)NC(=O)[C@@H](NC(=O)C[H])[C@@H](C)CC)C(C)(C)C,4,1,,,,,,,,,,,,,,,,,False,True,True,False,150,30
629,[H]C[C@@H]1NC(=O)[C@@H]2C[C@]3([H])CCCC[C@]3([H])N2C(=O)[C@H](CCC\C=C/CCC[C@](C)(NC(=O)[C@H](CC2=CNC3=CC=CC=C23)NC(=O)[C@H](CCC(O)=O)NC(=O)[C@H](CC2=CC=CC3=CC=CC=C23)NC(=O)[C@H](CCCCCCCC)NC(=O)[C@H](CC(O)=O)NC1=O)C(=O)N[C@@H](CCCCNC(=O)CCOCCOCCOCCOCCOCCOCCOCCOCCOCCOCCOCCOCCOCCOCCOCCOCCOCCOCCOCCOCCOCCC(=O)NCCCC[C@H](NC(=O)[C@]1(C)CCC\C=C/CCC[C@H](NC(=O)[C@H](CCC(O)=O)NC(=O)[C@@H](NC(=O)[C@H](CCCC[N+](C)(C)C)NC(=O)[C@@H](NC(=O)C[H])[C@@H](C)CC)C(C)(C)C)C(=O)N2[C@@H](C[C@]3([H])CCCC[C@]23[H])C(=O)N[C@@H](C[H])C(=O)N[C@@H](CC(O)=O)C(=O)N[C@@H](CCCCCCCC)C(=O)N[C@@H](CC2=CC=CC3=CC=CC=C23)C(=O)N[C@@H](CCC(O)=O)C(=O)N[C@@H](CC2=CNC3=CC=CC=C23)C(=O)N1)C(=O)N[C@H](CCCNC(N)=N)C(N)=O)C(=O)N[C@H](CCCNC(N)=N)C(N)=O)NC(=O)[C@H](CCC(O)=O)NC(=O)[C@@H](NC(=O)[C@H](CCCC[N+](C)(C)C)NC(=O)[C@@H](NC(=O)C[H])[C@@H](C)CC)C(C)(C)C,4,4,,,,,,,,,,,,,,,,,False,True,True,False,150,150
378,[H]C[C@@H]1NC(=O)[C@@H]2C[C@]3([H])CCCC[C@]3([H])N2C(=O)[C@H](CCCCNC(=O)CSC[C@](C)(NC(=O)[C@H](CC2=CNC3=CC=CC=C23)NC(=O)[C@H](CC(O)=O)NC(=O)[C@H](CC2=CNC3=CC=CC=C23)NC(=O)[C@H](CCCCCCCC)NC(=O)[C@H](CC(C(O)=O)C(O)=O)NC1=O)C(=O)N[C@@H](CCCCNC(=O)CCOCCOCCOCCOCCOCCOCCOCCOCCOCCOCCOCCOCCOCCOCCOCCOCCOCCOCCOCCOCCOCCC(=O)NCCCC[C@H](NC(=O)[C@]1(C)CSCC(=O)NCCCC[C@H](NC(=O)[C@@H](NC(=O)[C@H](CC(C)(C)C)NC(=O)[C@H](CC2=CN=CN2)NC(=O)[C@@H](NC(=O)C[H])[C@@H](C)CC)[C@@H](C)O)C(=O)N2[C@@H](C[C@]3([H])CCCC[C@]23[H])C(=O)N[C@@H](C[H])C(=O)N[C@@H](CC(C(O)=O)C(O)=O)C(=O)N[C@@H](CCCCCCCC)C(=O)N[C@@H](CC2=CNC3=CC=CC=C23)C(=O)N[C@@H](CC(O)=O)C(=O)N[C@@H](CC2=CNC3=CC=CC=C23)C(=O)N1)C(=O)N[C@H](CCCNC(N)=N)C(N)=O)C(=O)N[C@H](CCCNC(N)=N)C(N)=O)NC(=O)[C@@H](NC(=O)[C@H](CC(C)(C)C)NC(=O)[C@H](CC1=CN=CN1)NC(=O)[C@@H](NC(=O)C[H])[C@@H](C)CC)[C@@H](C)O,4,4,,,,,,,,,,,,,,,,,False,True,True,False,150,150
210,[H]C[C@@H]1NC(=O)[C@@H]2C[C@]3([H])CCCC[C@]3([H])N2C(=O)[C@H](CCCSSCCC[C@H](NC(=O)[C@H](CC2=CNC3=CC=CC=C23)NC(=O)[C@H](CC(O)=O)NC(=O)[C@H](CC2=CNC3=CC=CC=C23)NC(=O)[C@H](CCCCCCCC)NC(=O)[C@H](CC(C(O)=O)C(O)=O)NC1=O)C(=O)N[C@@H](CCCCNC(=O)CCOCCOCCOCCOCCOCCOCCOCCOCCOCCOCCOCCOCCOCCOCCOCCOCCOCCOCCOCCOCCOCCC(=O)NCCCC[C@H](NC(=O)[C@@H]1CCCSSCCC[C@H](NC(=O)[C@@H](NC(=O)[C@H](CC(C)(C)C)NC(=O)[C@H](CCO)NC(=O)[C@@H](NC(=O)C[H])[C@@H](C)CC)[C@@H](C)O)C(=O)N2[C@@H](C[C@]3([H])CCCC[C@]23[H])C(=O)N[C@@H](C[H])C(=O)N[C@@H](CC(C(O)=O)C(O)=O)C(=O)N[C@@H](CCCCCCCC)C(=O)N[C@@H](CC2=CNC3=CC=CC=C23)C(=O)N[C@@H](CC(O)=O)C(=O)N[C@@H](CC2=CNC3=CC=CC=C23)C(=O)N1)C(=O)N[C@H](CCCNC(N)=N)C(N)=O)C(=O)N[C@H](CCCNC(N)=N)C(N)=O)NC(=O)[C@@H](NC(=O)[C@H](CC(C)(C)C)NC(=O)[C@H](CCO)NC(=O)[C@@H](NC(=O)C[H])[C@@H](C)CC)[C@@H](C)O,5,1,,,,,,,,,,,,,,,,,False,True,True,True,5,30
405,[H]C[C@@H]1NC(=O)[C@@H]2C[C@]3([H])CCCC[C@]3([H])N2C(=O)[C@H](CCCCNC(=O)CSC[C@H](NC(=O)[C@H](CC2=CNC3=CC=CC=C23)NC(=O)[C@H](CC(O)=O)NC(=O)[C@H](CC2=CNC3=CC=CC=C23)NC(=O)[C@H](CCCCCCCC)NC(=O)[C@H](CC(O)=O)NC1=O)C(=O)N[C@@H](CCCCNC(=O)CCOCCOCCOCCOCCOCCOCCOCCOCCOCCOCCOCCOCCOCCOCCOCCOCCOCCOCCOCCOCCOCCC(=O)NCCCC[C@H](NC(=O)[C@@H]1CSCC(=O)NCCCC[C@H](NC(=O)[C@H](CC2=CC=C(C=C2)C(O)=O)NC(=O)[C@H](CC(C)(C)C)NC(=O)[C@H](CC2=CN=CN2)NC(=O)[C@@H](NC(=O)C[H])[C@@H](C)CC)C(=O)N2[C@@H](C[C@]3([H])CCCC[C@]23[H])C(=O)N[C@@H](C[H])C(=O)N[C@@H](CC(O)=O)C(=O)N[C@@H](CCCCCCCC)C(=O)N[C@@H](CC2=CNC3=CC=CC=C23)C(=O)N[C@@H](CC(O)=O)C(=O)N[C@@H](CC2=CNC3=CC=CC=C23)C(=O)N1)C(=O)N[C@H](CCCNC(N)=N)C(N)=O)C(=O)N[C@H](CCCNC(N)=N)C(N)=O)NC(=O)[C@H](CC1=CC=C(C=C1)C(O)=O)NC(=O)[C@H](CC(C)(C)C)NC(=O)[C@H](CC1=CN=CN1)NC(=O)[C@@H](NC(=O)C[H])[C@@H](C)CC,1,4,,,,,,,,,,,,,,,,,False,True,True,False,30,150
601,[H]C[C@@H]1NC(=O)[C@@H]2C[C@]3([H])CCCC[C@]3([H])N2C(=O)[C@H](CCSCCCSCC[C@H](NC(=O)[C@H](CC2=CNC3=CC=CC=C23)NC(=O)[C@H](CCC(O)=O)NC(=O)[C@H](CC2=CNC3=CC=CC=C23)NC(=O)[C@H](CCCCCCCC)NC(=O)[C@H](CC(O)=O)NC1=O)C(=O)N[C@@H](CCC(N)=O)C(=O)N[C@H](CCCNC(N)=N)C(N)=O)NC(=O)[C@@H](NC(=O)[C@H](CC(C)(C)C)NC(=O)[C@H](CC1=CN=CN1)NC(=O)[C@@H](NC(=O)[C@@H](CC1=CN=CN1)NC(=O)C[H])C(C)C)[C@@H](C)O,4,4,,,,,,,,,,,,,,,,,True,False,True,False,150,150
222,[H]NC(N)=NCCC[C@@H](NC(=O)[C@H](CCCCNC(=O)CCOCCOCCOCCOCCOCCOCCOCCOCCOCCOCCOCCOCCOCCOCCOCCOCCOCCOCCOCCOCCOCCC(=O)NCCCC[C@H](NC(=O)[C@@H]1CCCSSCCC[C@H](NC(=O)[C@@]([H])(NC(=O)[C@@H](NC(=O)[C@H](CC2=NC=CC=C2)NC(=O)[C@@]([H])(NC(C)=O)[C@@H](C)CC)C(C)C)[C@@H](C)O[H])C(=O)N2C3CCCCC3C[C@H]2C(=O)N[C@@H](C)C(=O)N[C@@H](CC(O)=O)C(=O)N[C@@H](CCCCCCCC)C(=O)N[C@@H](CC2=CN([H])C3=C2C=CC=C3)C(=O)N[C@@H](CC(O)=O)C(=O)N[C@@H](CC2=CN([H])C3=C2C=CC=C3)C(=O)N1)C(=O)N[C@H](CCCN=C(N)N[H])C(N)=O)NC(=O)[C@@H]1CCCSSCCC[C@H](NC(=O)[C@@]([H])(NC(=O)[C@@H](NC(=O)[C@H](CC2=NC=CC=C2)NC(=O)[C@@]([H])(NC(C)=O)[C@@H](C)CC)C(C)C)[C@@H](C)O[H])C(=O)N2C3CCCCC3C[C@H]2C(=O)N[C@@H](C)C(=O)N[C@@H](CC(O)=O)C(=O)N[C@@H](CCCCCCCC)C(=O)N[C@@H](CC2=CN([H])C3=C2C=CC=C3)C(=O)N[C@@H](CC(O)=O)C(=O)N[C@@H](CC2=CN([H])C3=C2C=CC=C3)C(=O)N1)C(N)=O,1,1,,,,,,,,,,,,,,,,,False,True,True,True,30,30
592,[H]C[C@@H]1NC(=O)[C@@H]2C[C@]3([H])CCCC[C@]3([H])N2C(=O)[C@H](CCSCCCSCC[C@H](NC(=O)[C@H](CC2=CNC3=CC=CC=C23)NC(=O)[C@H](CCC(O)=O)NC(=O)[C@H](CC2=CNC3=CC=CC=C23)NC(=O)[C@H](CCCCCCCC)NC(=O)[C@H](CC(O)=O)NC1=O)C(=O)N[C@@H](CC(N)=O)C(=O)N[C@H](CCCNC(N)=N)C(N)=O)NC(=O)[C@@H](NC(=O)[C@H](CC(C)(C)C)NC(=O)[C@H](CC1=CN=CN1)NC(=O)[C@@H](NC(=O)[C@@H](CC1=CC=CN=C1)NC(=O)C[H])[C@@H](C)CC)[C@@H](C)O,4,4,,,,,,,,,,,,,,,,,True,False,True,False,150,150
229,[H]NC(N)=NCCC[C@@H](NC(=O)[C@H](CCCCNC(=O)CCOCCOCCOCCOCCOCCOCCOCCOCCOCCOCCOCCOCCOCCOCCOCCOCCOCCOCCOCCOCCOCCC(=O)NCCCC[C@H](NC(=O)[C@@H]1CCCSSCCC[C@H](NC(=O)[C@@]([H])(NC(=O)[C@H](CC(C)(C)C)NC(=O)[C@H](CC2=CN([H])C=N2)NC(=O)[C@@]([H])(NC(C)=O)[C@@H](C)CC)[C@@H](C)O[H])C(=O)N2C3CCCCC3C[C@H]2C(=O)N[C@@H](CC2=CN([H])C=N2)C(=O)N[C@@H](CC(O)=O)C(=O)N[C@@H](CCCCCCCC)C(=O)N[C@@H](CC2=CN([H])C3=C2C=CC=C3)C(=O)N[C@@H](CCC(O)=O)C(=O)N[C@@H](CC2=CN([H])C3=C2C=CC=C3)C(=O)N1)C(=O)N[C@H](CCCN=C(N)N[H])C(N)=O)NC(=O)[C@@H]1CCCSSCCC[C@H](NC(=O)[C@@]([H])(NC(=O)[C@H](CC(C)(C)C)NC(=O)[C@H](CC2=CN([H])C=N2)NC(=O)[C@@]([H])(NC(C)=O)[C@@H](C)CC)[C@@H](C)O[H])C(=O)N2C3CCCCC3C[C@H]2C(=O)N[C@@H](CC2=CN([H])C=N2)C(=O)N[C@@H](CC(O)=O)C(=O)N[C@@H](CCCCCCCC)C(=O)N[C@@H](CC2=CN([H])C3=C2C=CC=C3)C(=O)N[C@@H](CCC(O)=O)C(=O)N[C@@H](CC2=CN([H])C3=C2C=CC=C3)C(=O)N1)C(N)=O,4,3,,,,,,,,,,,,,,,,,False,True,True,True,150,105
288,[H]C[C@@H]1NC(=O)[C@@H]2C[C@]3([H])CCCC[C@]3([H])N2C(=O)[C@H](CCSCC(=O)CSC[C@H](NC(=O)[C@H](CC2=CNC3=CC=CC=C23)NC(=O)[C@H](CC(O)=O)NC(=O)[C@H](CC2=CNC3=CC=CC=C23)NC(=O)[C@H](CCCCCCCC)NC(=O)[C@H](CC(O)=O)NC1=O)C(=O)N[C@@H](CCCCNC(=O)CCOCCOCCOCCOCCOCCOCCOCCOCCOCCOCCOCCOCCOCCOCCOCCOCCOCCOCCOCCOCCOCCC(=O)NCCCC[C@H](NC(=O)[C@@H]1CSCC(=O)CSCC[C@H](NC(=O)[C@@H](NC(=O)[C@H](CC(C)(C)C)NC(=O)[C@H](CC2=CN=CN2)NC(=O)[C@@H](NC(=O)C[H])[C@@H](C)CC)[C@@H](C)O)C(=O)N2[C@@H](C[C@]3([H])CCCC[C@]23[H])C(=O)N[C@@H](C[H])C(=O)N[C@@H](CC(O)=O)C(=O)N[C@@H](CCCCCCCC)C(=O)N[C@@H](CC2=CNC3=CC=CC=C23)C(=O)N[C@@H](CC(O)=O)C(=O)N[C@@H](CC2=CNC3=CC=CC=C23)C(=O)N1)C(=O)N[C@H](CCCNC(N)=N)C(N)=O)C(=O)N[C@H](CCCNC(N)=N)C(N)=O)NC(=O)[C@@H](NC(=O)[C@H](CC(C)(C)C)NC(=O)[C@H](CC1=CN=CN1)NC(=O)[C@@H](NC(=O)C[H])[C@@H](C)CC)[C@@H](C)O,1,1,,,,,,,,,,,,,,,,,False,True,True,False,30,30
338,[H][C@](NC(=O)[C@@H](NC(=O)[C@H](CC1=CNC=N1)NC(=O)[C@@]([H])(NC(C)=O)[C@@H](C)CC)C(C)(C)C)([C@@H](C)O)C(=O)N[C@H]1CCSCCCSCC[C@H](NC(=O)[C@H](CC2=CNC3=C2C=CC=C3)NC(=O)[C@H](CC(O)=O)NC(=O)[C@H](CC2=CNC3=C2C=CC=C3C2=CC=CC=C2)NC(=O)[C@H](CCCCCCCC)NC(=O)[C@H](CC(O)=O)NC(=O)[C@H](C)NC(=O)[C@@H]2CC3CCCCC3N2C1=O)C(=O)N[C@@H](CC(N)=O)C(=O)N[C@H](CCCNC(N)=N)C(N)=O,2,4,,,,,,,,,,,,,,,,,True,False,True,False,75,150
37,[H]NC(N)=NCCC[C@@H](NC(=O)[C@H](CCCCNC(=O)CCOCCOCCOCCOCCOCCOCCOCCOCCOCCOCCOCCOCCOCCOCCOCCOCCOCCOCCOCCOCCOCCC(=O)NCCCC[C@H](NC(=O)[C@@H]1CCCSSCC[C@H](NC(=O)[C@H](CC(O)=O)NC(=O)[C@H](C)NC(=O)[C@@H]2CCCN2C(=O)[C@@]([H])(NC(=O)[C@@]([H])(NC(=O)[C@@H](NC(=O)[C@H](CC2=CN([H])C=N2)NC(=O)[C@@]([H])(NC(C)=O)[C@@H](C)CC)C(C)C)[C@@H](C)O[H])[C@@H](C)CC)C(=O)N[C@@H](CC2=CN([H])C3=C2C=CC=C3)C(=O)N[C@@H](CC(O)=O)C(=O)N[C@@H](CC2=CN([H])C3=C2C=CC=C3)C(=O)N1)C(=O)N[C@H](CCCN=C(N)N[H])C(N)=O)NC(=O)[C@@H]1CCCSSCC[C@H](NC(=O)[C@H](CC(O)=O)NC(=O)[C@H](C)NC(=O)[C@@H]2CCCN2C(=O)[C@@]([H])(NC(=O)[C@@]([H])(NC(=O)[C@@H](NC(=O)[C@H](CC2=CN([H])C=N2)NC(=O)[C@@]([H])(NC(C)=O)[C@@H](C)CC)C(C)C)[C@@H](C)O[H])[C@@H](C)CC)C(=O)N[C@@H](CC2=CN([H])C3=C2C=CC=C3)C(=O)N[C@@H](CC(O)=O)C(=O)N[C@@H](CC2=CN([H])C3=C2C=CC=C3)C(=O)N1)C(N)=O,1,1,,,,,,,,,,,,,,,,,False,True,True,True,30,30
360,[H]C[C@@H]1NC(=O)[C@@H]2C[C@]3([H])CCCC[C@]3([H])N2C(=O)[C@H](CCCCNC(=O)CSC[C@H](NC(=O)[C@H](CC2=CNC3=CC=CC=C23)NC(=O)[C@H](CC(O)=O)NC(=O)[C@H](CC2=CNC3=CC=C(C=C23)C(N)=O)NC(=O)[C@H](CCCCCCCC)NC(=O)[C@H](CC(O)=O)NC1=O)C(=O)N[C@@H](CCCCNC(=O)CCOCCOCCOCCOCCOCCOCCOCCOCCOCCOCCOCCOCCOCCOCCOCCOCCOCCOCCOCCOCCOCCC(=O)NCCCC[C@H](NC(=O)[C@@H]1CSCC(=O)NCCCC[C@H](NC(=O)[C@@H](NC(=O)[C@H](CC(C)(C)C)NC(=O)[C@H](CCC(N)=O)NC(=O)[C@@H](NC(=O)C[H])[C@@H](C)CC)[C@@H](C)O)C(=O)N2[C@@H](C[C@]3([H])CCCC[C@]23[H])C(=O)N[C@@H](C[H])C(=O)N[C@@H](CC(O)=O)C(=O)N[C@@H](CCCCCCCC)C(=O)N[C@@H](CC2=CNC3=CC=C(C=C23)C(N)=O)C(=O)N[C@@H](CC(O)=O)C(=O)N[C@@H](CC2=CNC3=CC=CC=C23)C(=O)N1)C(=O)N[C@H](CCCNC(N)=N)C(N)=O)C(=O)N[C@H](CCCNC(N)=N)C(N)=O)NC(=O)[C@@H](NC(=O)[C@H](CC(C)(C)C)NC(=O)[C@H](CCC(N)=O)NC(=O)[C@@H](NC(=O)C[H])[C@@H](C)CC)[C@@H](C)O,1,2,,,,,,,,,,,,,,,,,False,True,True,False,30,75
344,[H]NC(=O)C[C@H](NC(=O)[C@@H]1CSCC2=CC=CC(CSC[C@H](NC(=O)[C@@]([H])(NC(=O)[C@H](CC(C)(C)C)NC(=O)[C@H](CC3=CN=CC=C3)NC(=O)[C@@]([H])(NC(C)=O)[C@@H](C)CC)[C@@H](C)O[H])C(=O)N3C4CCCCC4C[C@H]3C(=O)N[C@@H](CC3=CN([H])C=N3)C(=O)N[C@@H](CC(C(O)=O)C(=O)N[C@@H](CCCCCCCC)C(=O)N[C@@H](CC3=CN([H])C4=C3C=CC=C4)C(=O)N[C@@H](CCC(O)=O)C(=O)N[C@@H](CC3=CN([H])C4=C3C=CC=C4)C(=O)N1)C(O)=O)=C2)C(=O)N[C@H](CCCN=C(N)N[H])C(N)=O,4,1,,,,,,,,,,,,,,,,,True,False,True,False,150,30
51,[H]CC(=O)N[C@@H]([C@@H](C)CC)C(=O)N[C@@H]([C@@H](C)O)C(=O)N[C@@H](C(C)C)C(=O)N[C@@H]([C@@H](C)O)C(=O)N[C@@H]([C@@H](C)CC)C(=O)N1CC([H])C[C@H]1C(=O)N[C@H]1CSCC2=CC=C(CSC[C@H](NC(=O)[C@H](CC3=CNC4=CC=CC=C34)NC(=O)[C@H](CC(C)C)NC(=O)[C@H](CC(O)=O)NC1=O)C(=O)N[C@@H](CC1=CNC3=CC=CC=C13)C(=O)N[C@@H]([C@@H](C)CC)C(=O)N[C@@H](CCCCNC(=O)CCOCCOCCOCCOCCOCCOCCOCCOCCOCCOCCOCCOCCOCCOCCOCCOCCOCCOCCOCCOCCOCCC(=O)NCCCC[C@H](NC(=O)[C@@H](NC(=O)[C@H](CC1=CNC3=CC=CC=C13)NC(=O)[C@@H]1CSCC3=CC=C(CSC[C@H](NC(=O)[C@@H]4CC([H])CN4C(=O)[C@@H](NC(=O)[C@@H](NC(=O)[C@@H](NC(=O)[C@@H](NC(=O)[C@@H](NC(=O)C[H])[C@@H](C)CC)[C@@H](C)O)C(C)C)[C@@H](C)O)[C@@H](C)CC)C(=O)N[C@@H](CC(O)=O)C(=O)N[C@@H](CC(C)C)C(=O)N[C@@H](CC4=CNC5=CC=CC=C45)C(=O)N1)C=C3)[C@@H](C)CC)C(=O)N[C@H](CCCNC(N)=N)C(N)=O)C(=O)N[C@H](CCCNC(N)=N)C(N)=O)C=C2,3,1,,,,,,,,,,,,,,,,,False,True,True,False,105,30
233,[H]NC(=O)C[C@H](NC(=O)[C@H](CC(C)(C)C)NC(=O)[C@H](CC1=CN([H])C=N1)NC(=O)[C@@]([H])(NC(C)=O)[C@@H](C)CC)C(=O)N[C@H]1CCCCNC(=O)CSC[C@H](NC(=O)[C@H](CC2=CN([H])C3=C2C=CC=C3)NC(=O)[C@H](CC(O)=O)NC(=O)[C@H](CC2=CN([H])C3=C2C=CC=C3)NC(=O)[C@H](CCCCCCCC)NC(=O)C(C[C@H](NC(=O)[C@H](C)NC(=O)[C@@H]2CC3CCCCC3N2C1=O)C(O)=O)C(O)=O)C(=O)N[C@@H](CCCCNC(=O)CCOCCOCCOCCOCCOCCOCCOCCOCCOCCOCCOCCOCCOCCOCCOCCOCCOCCOCCOCCOCCOCCC(=O)NCCCC[C@H](NC(=O)[C@@H]1CSCC(=O)NCCCC[C@H](NC(=O)[C@H](CC(=O)N[H])NC(=O)[C@H](CC(C)(C)C)NC(=O)[C@H](CC2=CN([H])C=N2)NC(=O)[C@@]([H])(NC(C)=O)[C@@H](C)CC)C(=O)N2C3CCCCC3C[C@H]2C(=O)N[C@@H](C)C(=O)N[C@@H](CC(C(O)=O)C(=O)N[C@@H](CCCCCCCC)C(=O)N[C@@H](CC2=CN([H])C3=C2C=CC=C3)C(=O)N[C@@H](CC(O)=O)C(=O)N[C@@H](CC2=CN([H])C3=C2C=CC=C3)C(=O)N1)C(O)=O)C(=O)N[C@H](CCCN=C(N)N[H])C(N)=O)C(=O)N[C@H](CCCN=C(N)N[H])C(N)=O,1,3,,,,,,,,,,,,,,,,,False,True,True,False,30,105
352,[H]NC(N)=NCCC[C@@H](NC(=O)[C@H](CCCCNC(=O)CCOCCOCCOCCOCCOCCOCCOCCOCCOCCOCCOCCOCCOCCOCCOCCOCCOCCOCCOCCOCCOCCC(=O)NCCCC[C@H](NC(=O)[C@@H]1CCC(=O)NCCCC[C@H](NC(=O)[C@@]([H])(NC(=O)[C@H](CC(C)(C)C)NC(=O)[C@H](CC2=CN([H])C=N2)NC(=O)[C@@]([H])(NC(C)=O)[C@@H](C)CC)[C@@H](C)O[H])C(=O)N2C3CCCCC3C[C@H]2C(=O)N[C@@H](C)C(=O)N[C@@H](CC(O)=O)C(=O)N[C@@H](CCCCCCCC)C(=O)N[C@@H](CC2=CN([H])C3=C2C=CC=C3)C(=O)N[C@@H](CC(O)=O)C(=O)N[C@@H](CC2=CN([H])C3=C2C=CC=C3)C(=O)N1)C(=O)N[C@H](CCCN=C(N)N[H])C(N)=O)NC(=O)[C@@H]1CCC(=O)NCCCC[C@H](NC(=O)[C@@]([H])(NC(=O)[C@H](CC(C)(C)C)NC(=O)[C@H](CC2=CN([H])C=N2)NC(=O)[C@@]([H])(NC(C)=O)[C@@H](C)CC)[C@@H](C)O[H])C(=O)N2C3CCCCC3C[C@H]2C(=O)N[C@@H](C)C(=O)N[C@@H](CC(O)=O)C(=O)N[C@@H](CCCCCCCC)C(=O)N[C@@H](CC2=CN([H])C3=C2C=CC=C3)C(=O)N[C@@H](CC(O)=O)C(=O)N[C@@H](CC2=CN([H])C3=C2C=CC=C3)C(=O)N1)C(N)=O,1,4,,,,,,,,,,,,,,,,,False,True,True,False,30,150
649,[H]NC(N)=NCCC[C@@H](NC(=O)[C@H](CCCCNC(=O)CCOCCOCCOCCOCCOCCOCCOCCOCCOCCOCCOCCOCCOCCOCCOCCOCCOCCOCCOCCOCCOCCC(=O)NCCCC[C@H](NC(=O)[C@@H]1CCSCCCSCC[C@H](NC(=O)[C@H](CCC(O)=O)NC(=O)[C@@H](NC(=O)[C@H](CCCC[N+](C)(C)C)NC(=O)[C@@]([H])(NC(=O)[C@@H](CC2=CN([H])C=N2)NC(=O)CS(C)(=O)=O)[C@@H](C)CC)C(C)(C)C)C(=O)N2C3CCCCC3C[C@H]2C(=O)N[C@@H](C)C(=O)N[C@@H](CC(O)=O)C(=O)N[C@@H](CCCCCCCC)C(=O)N[C@@H](CC2=CN([H])C3=C2C=CC=C3)C(=O)N[C@@H](CCC(O)=O)C(=O)N[C@@H](CC2=CN([H])C3=C2C=CC=C3)C(=O)N1)C(=O)N[C@H](CCCN=C(N)N[H])C(N)=O)NC(=O)[C@@H]1CCSCCCSCC[C@H](NC(=O)[C@H](CCC(O)=O)NC(=O)[C@@H](NC(=O)[C@H](CCCC[N+](C)(C)C)NC(=O)[C@@]([H])(NC(=O)[C@@H](CC2=CN([H])C=N2)NC(=O)CS(C)(=O)=O)[C@@H](C)CC)C(C)(C)C)C(=O)N2C3CCCCC3C[C@H]2C(=O)N[C@@H](C)C(=O)N[C@@H](CC(O)=O)C(=O)N[C@@H](CCCCCCCC)C(=O)N[C@@H](CC2=CN([H])C3=C2C=CC=C3)C(=O)N[C@@H](CCC(O)=O)C(=O)N[C@@H](CC2=CN([H])C3=C2C=CC=C3)C(=O)N1)C(N)=O,4,4,,,,,,,,,,,,,,,,,False,True,True,False,150,150
157,[H]C[C@@H]1NC(=O)[C@@H]2C[C@]3([H])CCCC[C@]3([H])N2C(=O)[C@H](CCCCNC(=O)CSC[C@H](NC(=O)[C@H](CC2=CNC3=CC=CC=C23)NC(=O)[C@H](CC(O)=O)NC(=O)[C@H](CC2=CNC3=CC=CC=C23)NC(=O)[C@H](CCCCCCCC)NC(=O)[C@H](CC(O)=O)NC1=O)C(=O)N[C@@H](CCCCNC(=O)CCOCCOCCOCCOCCOCCOCCOCCOCCOCCOCCOCCOCCOCCOCCOCCOCCOCCOCCOCCOCCOCCC(=O)NCCCC[C@H](NC(=O)[C@@H]1CSCC(=O)NCCCC[C@H](NC(=O)[C@@H](NC(=O)[C@H](CC(C)(C)C)NC(=O)[C@H](CC2=CN=CN2)NC(=O)[C@@H](NC(=O)C[H])[C@@H](C)CC)[C@@H](C)O)C(=O)N2[C@@H](C[C@]3([H])CCCC[C@]23[H])C(=O)N[C@@H](C[H])C(=O)N[C@@H](CC(O)=O)C(=O)N[C@@H](CCCCCCCC)C(=O)N[C@@H](CC2=CNC3=CC=CC=C23)C(=O)N[C@@H](CC(O)=O)C(=O)N[C@@H](CC2=CNC3=CC=CC=C23)C(=O)N1)C(=O)N[C@H](CCCNC(N)=N)C(N)=O)C(=O)N[C@H](CCCNC(N)=N)C(N)=O)NC(=O)[C@@H](NC(=O)[C@H](CC(C)(C)C)NC(=O)[C@H](CC1=CN=CN1)NC(=O)[C@@H](NC(=O)C[H])[C@@H](C)CC)[C@@H](C)O,1,4,,,,,,,,,,,,,,,,,False,True,True,False,30,150
340,[H]NC(=O)C[C@H](NC(=O)[C@@H]1CSCC2=CC=C(CSC[C@H](NC(=O)[C@@]([H])(NC(=O)[C@H](CC(C)(C)C)NC(=O)[C@H](CC3=CN=CC=C3)NC(=O)[C@@]([H])(NC(C)=O)[C@@H](C)CC)[C@@H](C)O[H])C(=O)N3C4CCCCC4C[C@H]3C(=O)N[C@@H](C)C(=O)N[C@@H](CC(O)=O)C(=O)N[C@@H](CCCCCCCC)C(=O)N[C@@H](CC3=CN([H])C4=C3C=CC=C4)C(=O)N[C@@H](CC(O)=O)C(=O)N[C@@H](CC3=CN([H])C4=C3C=CC=C4)C(=O)N1)C=C2)C(=O)N[C@H](CCCN=C(N)N[H])C(N)=O,2,1,,,,,,,,,,,,,,,,,True,False,True,False,75,30
247,[H][C@](NC(=O)[C@@H](NC(=O)[C@H](CC1=CNC=N1)NC(=O)[C@@]([H])(NC(C)=O)[C@@H](C)CC)C(C)C)([C@@H](C)O)C(=O)N[C@H]1CCSCCCSCC[C@H](NC(=O)[C@H](CC2=CNC3=C2C=CC=C3)NC(=O)[C@H](CC(O)=O)NC(=O)[C@H](CC2=CNC3=C2C=CC=C3)NC(=O)[C@H](CCCCCCCC)NC(=O)[C@H](CC(O)=O)NC(=O)[C@H](C)NC(=O)[C@@H]2CC3CCCCC3N2C1=O)C(=O)N[C@@H](CCCCNC(=O)CCOCCOCCOCCOCCOCCOCCOCCOCCOCCOCCOCCOCCOCCOCCOCCOCCOCCOCCOCCOCCOCCC(=O)NCCCC[C@H](NC(=O)[C@@H]1CCSCCCSCC[C@H](NC(=O)[C@@]([H])(NC(=O)[C@@H](NC(=O)[C@H](CC2=CNC=N2)NC(=O)[C@@]([H])(NC(C)=O)[C@@H](C)CC)C(C)C)[C@@H](C)O)C(=O)N2C3CCCCC3C[C@H]2C(=O)N[C@@H](C)C(=O)N[C@@H](CC(O)=O)C(=O)N[C@@H](CCCCCCCC)C(=O)N[C@@H](CC2=CNC3=C2C=CC=C3)C(=O)N[C@@H](CC(O)=O)C(=O)N[C@@H](CC2=CNC3=C2C=CC=C3)C(=O)N1)C(=O)N[C@H](CCCNC(N)=N)C(N)=O)C(=O)N[C@H](CCCNC(N)=N)C(N)=O,4,1,,,,,,,,,,,,,,,,,False,True,True,False,150,30
689,[H]C[C@@H]1NC(=O)[C@@H]2C[C@]3([H])CCCC[C@]3([H])N2C(=O)[C@H](CCSCCCSCC[C@H](NC(=O)[C@H](CC2=CNC3=CC=CC=C23)NC(=O)[C@H](CCC(O)=O)NC(=O)[C@H](CC2=CNC3=CC=CC=C23)NC(=O)[C@H](CCCCCCCC)NC(=O)[C@H](CC(O)=O)NC1=O)C(=O)N[C@@H](CC(N)=O)C(=O)N[C@@H](CCC(N)=O)C(=O)N[C@@H](CCCC(O)=O)C(N)=O)NC(=O)[C@@H](NC(=O)[C@H](CC(C)(C)C)NC(=O)[C@H](CC1=CN=CN1)NC(=O)[C@H](CCCCC1=CC=CC=C1)NC(=O)[C@@H](CC1=CN=CN1)NC(=O)CC(C)C)[C@@H](C)O,4,4,,,,,,,,,,,,,,,,,True,False,True,False,150,150
656,[H]C[C@@H]1NC(=O)[C@@H]2C[C@]3([H])CCCC[C@]3([H])N2C(=O)[C@H](CCSCCCSCC[C@H](NC(=O)[C@H](CC2=CNC3=CC=CC=C23)NC(=O)[C@H](CCC(O)=O)NC(=O)[C@H](CC2=CNC3=CC=CC=C23)NC(=O)[C@H](CCCCCCCC)NC(=O)[C@H](CC(O)=O)NC1=O)C(=O)N[C@@H](CCCCNC(=O)CCOCCOCCOCCOCCOCCOCCOCCOCCOCCOCCOCCOCCOCCOCCOCCOCCOCCOCCOCCOCCOCCC(=O)NCCCC[C@H](NC(=O)[C@@H]1CCSCCCSCC[C@H](NC(=O)[C@H](CCC(O)=O)NC(=O)[C@@H](NC(=O)[C@H](CCCC[N+](C)(C)C)NC(=O)[C@@H](NC(=O)[C@@H](CCC(O)=O)NC(=O)C2CC2)[C@@H](C)CC)C(C)(C)C)C(=O)N2[C@@H](C[C@]3([H])CCCC[C@]23[H])C(=O)N[C@@H](C[H])C(=O)N[C@@H](CC(O)=O)C(=O)N[C@@H](CCCCCCCC)C(=O)N[C@@H](CC2=CNC3=CC=CC=C23)C(=O)N[C@@H](CCC(O)=O)C(=O)N[C@@H](CC2=CNC3=CC=CC=C23)C(=O)N1)C(=O)N[C@H](CCCNC(N)=N)C(N)=O)C(=O)N[C@H](CCCNC(N)=N)C(N)=O)NC(=O)[C@H](CCC(O)=O)NC(=O)[C@@H](NC(=O)[C@H](CCCC[N+](C)(C)C)NC(=O)[C@@H](NC(=O)[C@@H](CCC(O)=O)NC(=O)C1CC1)[C@@H](C)CC)C(C)(C)C,4,4,,,,,,,,,,,,,,,,,False,True,True,False,150,150
540,[H]C[C@@H]1NC(=O)[C@@H]2C[C@]3([H])CCCC[C@]3([H])N2C(=O)[C@H](CCSCCCSCC[C@H](NC(=O)[C@H](CC2=CNC3=CC=CC=C23)NC(=O)[C@H](CCC(O)=O)NC(=O)[C@H](CC2=CNC3=CC=CC=C23)NC(=O)[C@H](CCCCCCCC)NC(=O)[C@H](CC(O)=O)NC1=O)C(=O)N[C@@H](CCCCNC(=O)CCOCCOCCOCCOCCOCCOCCOCCOCCOCCOCCOCCOCCOCCOCCOCCOCCOCCOCCOCCOCCOCCC(=O)NCCCC[C@H](NC(=O)[C@@H]1CCSCCCSCC[C@H](NC(=O)[C@H](CC(N)=O)NC(=O)[C@@H](NC(=O)[CH](CC2=CN=CN2)NC(=O)[C@@H](NC(=O)C[H])[C@@H](C)CC)C(C)(C)C)C(=O)N2[C@@H](C[C@]3([H])CCCC[C@]23[H])C(=O)N[C@@H](C[H])C(=O)N[C@@H](CC(O)=O)C(=O)N[C@@H](CCCCCCCC)C(=O)N[C@@H](CC2=CNC3=CC=CC=C23)C(=O)N[C@@H](CCC(O)=O)C(=O)N[C@@H](CC2=CNC3=CC=CC=C23)C(=O)N1)C(=O)N[C@H](CCCNC(N)=N)C(N)=O)C(=O)N[C@H](CCCNC(N)=N)C(N)=O)NC(=O)[C@H](CC(N)=O)NC(=O)[C@@H](NC(=O)[C@H](CC1=CN=CN1)NC(=O)[C@@H](NC(=O)C[H])[C@@H](C)CC)C(C)(C)C,4,4,,,,,,,,,,,,,,,,,False,True,True,False,150,150
409,[H]C[C@@H]1NC(=O)[C@@H]2C[C@]3([H])CCCC[C@]3([H])N2C(=O)[C@H](CCCSSCCC[C@H](NC(=O)[C@H](CC2=CNC3=CC=CC=C23)NC(=O)[C@H](CC(O)=O)NC(=O)[C@H](CC2=CNC3=CC=CC=C23)NC(=O)[C@H](CCCCCCCC)NC(=O)[C@H](CC(O)=O)NC1=O)C(=O)N[C@@H](CCCCNC(=O)CCOCCOCCOCCOCCOCCOCCOCCOCCOCCOCCOCCOCCNC(=O)CCOCCN(CCOCCC(=O)NCCOCCOCCOCCOCCOCCOCCOCCOCCOCCOCCOCCOCCC(=O)NCCCC[C@H](NC(=O)[C@@H]1CCCSSCCC[C@H](NC(=O)[C@@H](NC(=O)[C@@H](NC(=O)[C@H](CCCC[N+](C)(C)C)NC(=O)[C@@H](NC(=O)C[H])[C@@H](C)CC)C(C)C)[C@@H](C)O)C(=O)N2[C@@H](C[C@]3([H])CCCC[C@]23[H])C(=O)N[C@@H](C[H])C(=O)N[C@@H](CC(O)=O)C(=O)N[C@@H](CCCCCCCC)C(=O)N[C@@H](CC2=CNC3=CC=CC=C23)C(=O)N[C@@H](CC(O)=O)C(=O)N[C@@H](CC2=CNC3=CC=CC=C23)C(=O)N1)C(=O)N[C@H](CCNC(N)=N)C(N)=O)CCOCCC(=O)NCCOCCOCCOCCOCCOCCOCCOCCOCCOCCOCCOCCOCCC(=O)NCCCCC[C@H](NC(=O)[C@@H]1CCCSSCCC[C@H](NC(=O)[C@@H](NC(=O)[C@@H](NC(=O)[C@H](CCCC[N+](C)(C)C)NC(=O)[C@@H](NC(=O)C[H])[C@@H](C)CC)C(C)C)[C@@H](C)O)C(=O)N2[C@@H](C[C@]3([H])CCCC[C@]23[H])C(=O)N[C@@H](C[H])C(=O)N[C@@H](CC(O)=O)C(=O)N[C@@H](CCCCCCCC)C(=O)N[C@@H](CC2=CNC3=CC=CC=C23)C(=O)N[C@@H](CC(O)=O)C(=O)N[C@@H](CC2=CNC3=CC=CC=C23)C(=O)N1)C(=O)N[C@H](CCCNC(N)=N)C(N)=O)C(=O)N[C@H](CCCNC(N)=N)C(N)=O)NC(=O)[C@@H](NC(=O)[C@@H](NC(=O)[C@H](CCCC[N+](C)(C)C)NC(=O)[C@@H](NC(=O)C[H])[C@@H](C)CC)C(C)C)[C@@H](C)O,4,4,,,,,,,,,,,,,,,,,False,True,True,True,150,150
239,[H]NC(N)=NCCCC(NC(=O)C(CCCCNC(=O)CCOCCOCCOCCOCCOCCOCCOCCOCCOCCOCCOCCOCCOCCOCCOCCOCCOCCOCCOCCOCCOCCC(=O)NCCCCC(NC(=O)C1CCCSSCCCC(NC(=O)C([H])(NC(=O)C(CC2=CC=C(OC)C=C2)NC(=O)C(CCO[H])NC(=O)C([H])(NC(C)=O)C(C)CC)C(C)O[H])C(=O)N2C3CCCCC3CC2C(=O)NC(C)C(=O)NC(CC(O)=O)C(=O)NC(CCCCCCCC)C(=O)NC(CC2=CN([H])C3=C2C=CC=C3)C(=O)NC(CC(O)=O)C(=O)NC(CC2=CN([H])C3=C2C=CC=C3)C(=O)N1)C(=O)NC(CCCN=C(N)N[H])C(N)=O)NC(=O)C1CCCSSCCCC(NC(=O)C([H])(NC(=O)C(CC2=CC=C(OC)C=C2)NC(=O)C(CCO[H])NC(=O)C([H])(NC(C)=O)C(C)CC)C(C)O[H])C(=O)N2C3CCCCC3CC2C(=O)NC(C)C(=O)NC(CC(O)=O)C(=O)NC(CCCCCCCC)C(=O)NC(CC2=CN([H])C3=C2C=CC=C3)C(=O)NC(CC(O)=O)C(=O)NC(CC2=CN([H])C3=C2C=CC=C3)C(=O)N1)C(N)=O,4,1,,,,,,,,,,,,,,,,,False,True,True,True,150,30
343,[H]NC(=O)C[C@H](NC(=O)[C@@H]1CSCC2=CC=CC(CSC[C@H](NC(=O)[C@@]([H])(NC(=O)[C@H](CC(C)(C)C)NC(=O)[C@H](CC3=CC=C(C=C3)C(N)=O)NC(=O)[C@@]([H])(NC(C)=O)[C@@H](C)CC)[C@@H](C)O[H])C(=O)N3C4CCCCC4C[C@H]3C(=O)N[C@@H](CC3=CN([H])C=N3)C(=O)N[C@@H](CC(O)=O)C(=O)N[C@@H](CCCCCCCC)C(=O)N[C@@H](CC3=CN([H])C4=C3C=CC=C4)C(=O)N[C@@H](CCC(O)=O)C(=O)N[C@@H](CC3=CN([H])C4=C3C=CC=C4)C(=O)N1)=C2)C(=O)N[C@H](CCCN=C(N)N[H])C(N)=O,4,1,,,,,,,,,,,,,,,,,True,False,True,False,150,30
521,[H]C[C@@H]1NC(=O)[C@@H]2C[C@]3([H])CCCC[C@]3([H])N2C(=O)[C@H](CCCSSCCC[C@H](NC(=O)[C@H](CC2=CNC3=CC=CC=C23)NC(=O)[C@H](CC(O)=O)NC(=O)[C@H](CC2=CNC3=CC=CC=C23)NC(=O)[C@H](CCCCCCCC)NC(=O)[C@H](CC(O)=O)NC1=O)C(=O)N[C@@H](CCCCNC(=O)CCOCCOCCOCCOCCOCCOCCOCCOCCOCCOCCOCCOCCOCCOCCOCCOCCOCCOCCOCCOCCOCCC(=O)NCCCC[C@H](NC(=O)[C@@H]1CCCSSCCC[C@H](NC(=O)[C@H](CCC(O)=O)NC(=O)[C@@H](NC(=O)[C@H](CCCC[N+](C)(C)C)NC(=O)[C@@H](NC(=O)C[H])[C@@H](C)CC)C(C)C)C(=O)N2[C@@H](C[C@]3([H])CCCC[C@]23[H])C(=O)N[C@@H](C[H])C(=O)N[C@@H](CC(O)=O)C(=O)N[C@@H](CCCCCCCC)C(=O)N[C@@H](CC2=CNC3=CC=CC=C23)C(=O)N[C@@H](CC(O)=O)C(=O)N[C@@H](CC2=CNC3=CC=CC=C23)C(=O)N1)C(=O)N[C@H](CCCNC(N)=N)C(N)=O)C(=O)N[C@H](CCCNC(N)=N)C(N)=O)NC(=O)[C@H](CCC(O)=O)NC(=O)[C@@H](NC(=O)[C@H](CCCC[N+](C)(C)C)NC(=O)[C@@H](NC(=O)C[H])[C@@H](C)CC)C(C)C,4,4,,,,,,,,,,,,,,,,,False,True,True,True,150,150
2,[H]N([C@@H](CCCCN(C)C)C(N)=O)C(=O)[C@H](CCCCNC(=O)CCOCCOCCOCCOCCOCCOCCOCCOCCOCCOCCOCCOCCOCCOCCOCCOCCOCCOCCOCCOCCOCCC(=O)NCCCC[C@H](NC(=O)[C@@H](NC(=O)[C@H](CC1=CNC2=CC=CC=C12)NC(=O)[C@H](CC(O)=O)NC(=O)[C@H](CC1=CNC2=CC=CC=C12)NC(=O)[C@H](CC(C)C)NC(=O)[C@H](CC(O)=O)NC(=O)[C@H](C)NC(=O)[C@@H]1CCCN1C(=O)[C@@H](NC(=O)[C@@H](NC(=O)[C@@H](NC(=O)[C@@H](NC(=O)[C@@H](NC(C)=O)[C@@H](C)CC)[C@@H](C)O)C(C)C)[C@@H](C)O)[C@@H](C)CC)[C@@H](C)CC)C(=O)N([H])[C@@H](CCCCN(C)C)C(N)=O)NC(=O)[C@@H](NC(=O)[C@H](CC1=CNC2=CC=CC=C12)NC(=O)[C@H](CC(O)=O)NC(=O)[C@H](CC1=CNC2=CC=CC=C12)NC(=O)[C@H](CC(C)C)NC(=O)[C@H](CC(O)=O)NC(=O)[C@H](C)NC(=O)[C@@H]1CCCN1C(=O)[C@@H](NC(=O)[C@@H](NC(=O)[C@@H](NC(=O)[C@@H](NC(=O)[C@@H](NC(C)=O)[C@@H](C)CC)[C@@H](C)O)C(C)C)[C@@H](C)O)[C@@H](C)CC)[C@@H](C)CC,1,1,,,,,,,,,,,,,,,,,False,True,True,False,30,30
524,[H]C[C@@H]1NC(=O)[C@@H]2C[C@]3([H])CCCC[C@]3([H])N2C(=O)[C@H](CCSCCCSCC[C@H](NC(=O)[C@H](CC2=CNC3=CC=CC=C23)NC(=O)[C@H](CC(O)=O)NC(=O)[C@H](CC2=CNC3=CC=CC=C23)NC(=O)[C@H](CCCCCCCC)NC(=O)[C@H](CC(O)=O)NC1=O)C(=O)N[C@@H](CCCCNC(=O)CCOCCOCCOCCOCCOCCOCCOCCOCCOCCOCCOCCOCCOCCOCCOCCOCCOCCOCCOCCOCCOCCC(=O)NCCCC[C@H](NC(=O)[C@@H]1CCSCCCSCC[C@H](NC(=O)[C@H](CC(N)=O)NC(=O)[C@@H](NC(=O)[C@H](CCCC[N+](C)(C)C)NC(=O)[C@@H](NC(=O)C[H])[C@@H](C)CC)C(C)(C)C)C(=O)N2[C@@H](C[C@]3([H])CCCC[C@]23[H])C(=O)N[C@@H](C[H])C(=O)N[C@@H](CC(O)=O)C(=O)N[C@@H](CCCCCCCC)C(=O)N[C@@H](CC2=CNC3=CC=CC=C23)C(=O)N[C@@H](CC(O)=O)C(=O)N[C@@H](CC2=CNC3=CC=CC=C23)C(=O)N1)C(=O)N[C@H](CCCNC(N)=N)C(N)=O)C(=O)N[C@H](CCCNC(N)=N)C(N)=O)NC(=O)[C@H](CC(N)=O)NC(=O)[C@@H](NC(=O)[C@H](CCCC[N+](C)(C)C)NC(=O)[C@@H](NC(=O)C[H])[C@@H](C)CC)C(C)(C)C,4,4,,,,,,,,,,,,,,,,,False,True,True,False,150,150
508,[H]NC(N)=NCCC[C@@H](NC(=O)[C@H](CCCCNC(=O)CCOCCOCCOCCOCCOCCOCCOCCOCCOCCOCCOCCOCCOCCOCCOCCOCCOCCOCCOCCOCCOCCC(=O)NCCCC[C@H](NC(=O)[C@@H]1CCSCCCSCC[C@H](NC(=O)[C@H](CCC(O)=O)NC(=O)[C@@H](NC(=O)[C@H](CCCC[N+](C)(C)C)NC(=O)[C@@]([H])(NC(C)=O)[C@@H](C)CC)C(C)C)C(=O)N2C3CCCCC3C[C@H]2C(=O)N[C@@H](C)C(=O)N[C@@H](CC(O)=O)C(=O)N[C@@H](CCCCCCCC)C(=O)N[C@@H](CC2=C3C=CC=CC3=CC=C2)C(=O)NC(C)(C)C(=O)N[C@@H](CC2=CN([H])C3=C2C=CC=C3)C(=O)N1)C(=O)N[C@H](CCCN=C(N)N[H])C(N)=O)NC(=O)[C@@H]1CCSCCCSCC[C@H](NC(=O)[C@H](CCC(O)=O)NC(=O)[C@@H](NC(=O)[C@H](CCCC[N+](C)(C)C)NC(=O)[C@@]([H])(NC(C)=O)[C@@H](C)CC)C(C)C)C(=O)N2C3CCCCC3C[C@H]2C(=O)N[C@@H](C)C(=O)N[C@@H](CC(O)=O)C(=O)N[C@@H](CCCCCCCC)C(=O)N[C@@H](CC2=C3C=CC=CC3=CC=C2)C(=O)NC(C)(C)C(=O)N[C@@H](CC2=CN([H])C3=C2C=CC=C3)C(=O)N1)C(N)=O,4,4,,,,,,,,,,,,,,,,,False,True,True,False,150,150
64,[H]C[C@H](NC(=O)[C@@H]1CC([H])CN1C(=O)[C@@H](NC(=O)[C@@H](NC(=O)[C@H](CC(C)(C)C)NC(=O)[C@@H](NC(=O)[C@@H](NC(=O)C[H])[C@@H](C)CC)[C@@H](C)O)[C@@H](C)O)C1CCCCC1)C(=O)N[C@@H](CC(O)=O)C(=O)N[C@@H](CCCCCCCC)C(=O)N[C@H]1CSCC(=O)NCCCC[C@H](NC(=O)[C@@H](NC(=O)[C@H](CC2=CNC3=CC=CC=C23)NC(=O)[C@H](CC(O)=O)NC1=O)[C@@H](C)CC)C(=O)N[C@H](CCCNC(N)=N)C(=O)N[C@@H](CCCCN[H])C(N)=O,4,1,,,,,,,,,,,,,,,,,True,False,True,False,150,30
17,[H]CC(=O)N[C@@H]([C@@H](C)CC)C(=O)N[C@@H]([C@@H](C)O)C(=O)N[C@@H](C(C)C)C(=O)N[C@@H]([C@@H](C)O)C(=O)N[C@@H]([C@@H](C)CC)C(=O)N1CC([H])C[C@H]1C(=O)N[C@@H](CCCCNC(=O)COCCOCCNC(=O)COCCOCCNC(=O)CC[C@H](NC(=O)CCCCCCCCCCC)C(O)=O)C(=O)N[C@@H](CC(O)=O)C(=O)N[C@@H](CC(C)C)C(=O)N[C@@H](CC1=CNC2=CC=CC=C12)C(=O)N[C@@H](CC(O)=O)C(=O)N[C@@H](CC1=CNC2=CC=CC=C12)C(=O)N[C@@H]([C@@H](C)CC)C(=O)N[C@@H](CCCCN[H])C(=O)N[C@H](CCCNC(N)=N)C(N)=O,1,1,,,,,,,,,,,,,,,,,False,True,True,False,30,30
171,[H]C[C@@H]1NC(=O)[C@@H]2CC([H])CN2C(=O)[C@H](CCCCNC(=O)CSC[C@H](NC(=O)[C@H](CC2=CNC3=CC=CC=C23)NC(=O)[C@H](CC(O)=O)NC(=O)[C@H](CC2=CNC3=C=CC=C23)NC(=O)[C@H](CCCCCCCCC)NC(=O)[C@H](CC(C(O)=O)C(O)=O)NC1=O)C(=O)N[C@@H](CCCCNC(=O)CCOCCOCCOCCOCCOCCOCCOCCOCCOCCOCCOCCOCCOCCOCCOCCOCCOCCOCCOCCOCCOCCC(=O)NCCCC[C@H](NC(=O)[C@@H]1CSCC(=O)NCCCC[C@H](NC(=O)[C@@H](NC(=O)[C@H](CCCCCCCC)NC(=O)[C@H](CC2=CN=CN2)NC(=O)[C@@H](NC(=O)C[H])C2CCCCC2)[C@@H](C)O)C(=O)N2CC([H])C[C@H]2C(=O)N[C@@H](C[H])C(=O)N[C@@H](CC(C(O)=O)C(O)=O)C(=O)N[C@@H](CCCCCCCC)C(=O)N[C@@H](CC2=CNC3=CC=CC=C23)C(=O)N[C@@H](CC(O)=O)C(=O)N[C@@H](CC2=CNC3=CC=CC=C23)C(=O)N1)C(=O)N[C@H](CCCNC(N)=N)C(N)=O)C(=O)N[C@H](CCCNC(N)=N)C(N)=O)NC(=O)[C@@H](NC(=O)[C@H](CCCCCCCC)NC(=O)[C@H](CC1=CN=CN1)NC(=O)[C@@H](NC(=O)C[H])C1CCCCC1)[C@@H](C)O,1,1,,,,,,,,,,,,,,,,,False,True,True,False,30,30
228,[H]NC(=O)CC[C@H](NC(=O)[C@@]([H])(NC(C)=O)[C@@H](C)CC)C(=O)N[C@@H](C(C)C)C(=O)N[C@@]([H])([C@@H](C)O[H])C(=O)N[C@H]1CCCSSCCC[C@H](NC(=O)[C@H](CC2=CN([H])C3=C2C=CC=C3)NC(=O)[C@H](CC(O)=O)NC(=O)[C@H](CC2=CN([H])C3=C2C=CC=C3)NC(=O)[C@H](CCCCCCCC)NC(=O)[C@H](CC(O)=O)NC(=O)[C@H](C)NC(=O)[C@@H]2CC3CCCCC3N2C1=O)C(=O)N[C@@H](CCCCNC(=O)CCOCCOCCOCCOCCOCCOCCOCCOCCOCCOCCOCCOCCOCCOCCOCCOCCOCCOCCOCCOCCOCCC(=O)NCCCC[C@H](NC(=O)[C@@H]1CCCSSCCC[C@H](NC(=O)[C@@]([H])(NC(=O)[C@@H](NC(=O)[C@H](CCC(=O)N[H])NC(=O)[C@@]([H])(NC(C)=O)[C@@H](C)CC)C(C)C)[C@@H](C)O[H])C(=O)N2C3CCCCC3C[C@H]2C(=O)N[C@@H](C)C(=O)N[C@@H](CC(O)=O)C(=O)N[C@@H](CCCCCCCC)C(=O)N[C@@H](CC2=CN([H])C3=C2C=CC=C3)C(=O)N[C@@H](CC(O)=O)C(=O)N[C@@H](CC2=CN([H])C3=C2C=CC=C3)C(=O)N1)C(=O)N[C@H](CCCN=C(N)N[H])C(N)=O)C(=O)N[C@H](CCCN=C(N)N[H])C(N)=O,3,1,,,,,,,,,,,,,,,,,False,True,True,True,105,30
486,[H]C[C@@H]1NC(=O)[C@@H]2C[C@]3([H])CCCC[C@]3([H])N2C(=O)[C@H](CCC\C=C\CCC[C@H](NC(=O)[C@H](CC2=CNC3=CC=CC=C23)NC(=O)[C@H](CC(O)=O)NC(=O)[C@H](CC2=CNC3=CC=CC=C23)NC(=O)[C@H](CCCCCCCC)NC(=O)[C@H](CC(O)=O)NC1=O)C(=O)N[C@@H](CCCCNC(=O)C[H])C(=O)N[C@H](CCCNC(N)=N)C(N)=O)NC(=O)[C@@H](NC(=O)[C@H](CC(C)(C)C)NC(=O)[C@H](CC1=CN=CN1)NC(=O)[C@@H](NC(=O)[C@@H](CCC(O)=O)NC(=O)C[H])[C@@H](C)CC)[C@@H](C)O,1,4,,,,,,,,,,,,,,,,,True,False,True,False,30,150
440,[H]NC(=O)C[C@H](NC(=O)[C@@H]1CCCSSCCC[C@H](NC(=O)[C@@]([H])(NC(=O)[C@@H](NC(=O)[C@H](CCCC[N+](C)(C)C)NC(=O)[C@@]([H])(NC(=O)[C@H](CCC(O)=O)NC(C)=O)[C@@H](C)CC)C(C)C)[C@@H](C)O[H])C(=O)N2C3CCCCC3C[C@H]2C(=O)N[C@@H](C)C(=O)N[C@@H](CC(C(O)=O)C(=O)N[C@@H](CCCCCCCC)C(=O)N[C@@H](CC2=CN([H])C3=C2C=CC=C3)C(=O)N[C@@H](CC(O)=O)C(=O)N[C@@H](CC2=CN([H])C3=C2C=CC=C3)C(=O)N1)C(O)=O)C(=O)N[C@H](CCCN=C(N)N[H])C(N)=O,1,1,,,,,,,,,,,,,,,,,True,False,True,True,30,30
74,[H][C@](NC(=O)[C@H](NC(=O)[C@H](CC1=CNC=N1)NC(=O)[C@@]([H])(NC(C)=O)[C@@H](C)CC)C(C)C)([C@@H](C)O)C(=O)N[C@H]1CCCSSCCC[C@H](NC(=O)[C@H](CC2=CNC3=C2C=CC=C3)NC(=O)[C@H](CC(O)=O)NC(=O)[C@H](CC2=CNC3=C2C=CC=C3)NC(=O)[C@H](CC(C)C)NC(=O)[C@@H](CC(O)=O)NC(=O)[C@H](C)NC(=O)[C@@H]2CCCN2C1=O)C(=O)N[C@@H](CCCCNC(=O)CCOCCOCCOCCOCCOCCOCCOCCOCCOCCOCCOCCOCCOCCOCCOCCOCCOCCOCCOCCOCCOCCC(=O)NCCCC[C@H](NC(=O)[C@@H]1CCCSSCCC[C@H](NC(=O)[C@@]([H])(NC(=O)[C@H](NC(=O)[C@H](CC2=CNC=N2)NC(=O)[C@@]([H])(NC(C)=O)[C@@H](C)CC)C(C)C)[C@@H](C)O)C(=O)N2CCC[C@H]2C(=O)N[C@@H](C)C(=O)N[C@H](CC(O)=O)C(=O)N[C@@H](CC(C)C)C(=O)N[C@@H](CC2=CNC3=C2C=CC=C3)C(=O)N[C@@H](CC(O)=O)C(=O)N[C@@H](CC2=CNC3=C2C=CC=C3)C(=O)N1)C(=O)N[C@H](CCCNC(N)=N)C(N)=O)C(=O)N[C@H](CCCNC(N)=N)C(N)=O,3,4,,,,,,,,,,,,,,,,,False,True,True,True,105,150
652,[H]C[C@@H]1NC(=O)[C@@H]2C[C@]3([H])CCCC[C@]3([H])N2C(=O)[C@H](CCCCCCCC[C@](C)(NC(=O)[C@H](CC2=CNC3=CC=CC=C23)NC(=O)[C@H](CCC(O)=O)NC(=O)[C@H](CC2=CNC3=CC=CC=C23)NC(=O)[C@H](CCCCCCCC)NC(=O)[C@H](CC(O)=O)NC1=O)C(=O)N[C@@H](CCCCNC(=O)CCOCCOCCOCCOCCOCCOCCOCCOCCOCCOCCOCCOCCOCCOCCOCCOCCOCCOCCOCCOCCOCCC(=O)NCCCC[C@H](NC(=O)[C@]1(C)CCCCCCCC[C@H](NC(=O)[C@H](CCC(O)=O)NC(=O)[C@@H](NC(=O)[C@H](CCCC[N+](C)(C)C)NC(=O)[C@@H](NC(=O)CCCC(O)=O)[C@@H](C)CC)C(C)(C)C)C(=O)N2[C@@H](C[C@]3([H])CCCC[C@]23[H])C(=O)N[C@@H](C[H])C(=O)N[C@@H](CC(O)=O)C(=O)N[C@@H](CCCCCCCC)C(=O)N[C@@H](CC2=CNC3=CC=CC=C23)C(=O)N[C@@H](CCC(O)=O)C(=O)N[C@@H](CC2=CNC3=CC=CC=C23)C(=O)N1)C(=O)N[C@H](CCCNC(N)=N)C(N)=O)C(=O)N[C@H](CCCNC(N)=N)C(N)=O)NC(=O)[C@H](CCC(O)=O)NC(=O)[C@@H](NC(=O)[C@H](CCCC[N+](C)(C)C)NC(=O)[C@@H](NC(=O)CCCC(O)=O)[C@@H](C)CC)C(C)(C)C,4,4,,,,,,,,,,,,,,,,,False,True,True,False,150,150
246,[H][C@](NC(=O)[C@@H](NC(=O)[C@H](CCCCNC(=O)CO)NC(=O)[C@@]([H])(NC(C)=O)[C@@H](C)CC)C(C)C)([C@@H](C)O)C(=O)N[C@H]1CCCSSCCC[C@H](NC(=O)[C@H](CC2=CNC3=C2C=CC=C3)NC(=O)[C@H](CC(O)=O)NC(=O)[C@H](CC2=CNC3=C2C=CC=C3)NC(=O)[C@H](CCCCCCCC)NC(=O)[C@H](CC(O)=O)NC(=O)[C@H](C)NC(=O)[C@@H]2CC3CCCCC3N2C1=O)C(=O)N[C@@H](CCCCNC(=O)CCOCCOCCOCCOCCOCCOCCOCCOCCOCCOCCOCCOCCOCCOCCOCCOCCOCCOCCOCCOCCOCCC(=O)NCCCC[C@H](NC(=O)[C@@H]1CCCSSCCC[C@H](NC(=O)[C@@]([H])(NC(=O)[C@@H](NC(=O)[C@H](CCCCNC(=O)CO)NC(=O)[C@@]([H])(NC(C)=O)[C@@H](C)CC)C(C)C)[C@@H](C)O)C(=O)N2C3CCCCC3C[C@H]2C(=O)N[C@@H](C)C(=O)N[C@@H](CC(O)=O)C(=O)N[C@@H](CCCCCCCC)C(=O)N[C@@H](CC2=CNC3=C2C=CC=C3)C(=O)N[C@@H](CC(O)=O)C(=O)N[C@@H](CC2=CNC3=C2C=CC=C3)C(=O)N1)C(=O)N[C@H](CCCNC(N)=N)C(N)=O)C(=O)N[C@H](CCCNC(N)=N)C(N)=O,4,1,,,,,,,,,,,,,,,,,False,True,True,True,150,30
186,[H]NCCCC[C@H](NC(=O)[C@@H]1CCCSSCCC[C@H](NC(=O)[C@@]([H])(NC(=O)[C@H](CC2CC2)NC(=O)[C@H](CCO)NC(=O)[C@@]([H])(NC(C)=O)[C@@H](C)CC)[C@@H](C)O)C(=O)N2CCC[C@H]2C(=O)N[C@@H](C)C(=O)N[C@@H](CC(C(O)=O)C(=O)N[C@@H](CCCCCCCC)C(=O)N[C@@H](CC2=CNC3=C2C=CC=C3)C(=O)N[C@@H](CC(O)=O)C(=O)N[C@@H](CC2=CNC3=C2C=CC=C3)C(=O)N1)C(O)=O)C(=O)N[C@H](CCCNC(N)=N)C(N)=O,1,1,,,,,,,,,,,,,,,,,True,False,True,True,30,30
512,[H]C[C@@H]1NC(=O)[C@@H]2C[C@]3([H])CCCC[C@]3([H])N2C(=O)[C@H](CCSCCCSCC[C@H](NC(=O)[C@H](CC2=CNC3=CC=CC=C23)NC(=O)[C@H](CC(O)=O)NC(=O)[C@H](CC2=CNC3=CC=CC=C23)NC(=O)[C@H](CCCCCCCC)NC(=O)[C@H](CC(O)=O)NC1=O)C(=O)N[C@@H](CC(N)=O)C(=O)N[C@H](CCCNC(N)=N)C(N)=O)NC(=O)[C@@H](NC(=O)[C@H](CC(C)(C)C)NC(=O)[C@H](CC1=CN=CN1)NC(=O)[C@@H](NC(=O)[C@@H](CCC(O)=O)NC(=O)CC(C)C)[C@@H](C)CC)[C@@H](C)O,1,4,,,,,,,,,,,,,,,,,True,False,True,False,30,150
335,[H][C@](NC(=O)[C@@H](NC(=O)[C@H](CC1=CNC=N1)NC(=O)[C@@]([H])(NC(C)=O)[C@@H](C)CC)C(C)(C)C)([C@@H](C)O)C(=O)N[C@H]1CCSCCCCCCSC[C@H](NC(=O)[C@H](CC2=CNC3=C2C=CC=C3)NC(=O)[C@H](CC(O)=O)NC(=O)[C@H](CC2=CNC3=C2C=CC=C3)NC(=O)[C@H](CCCCCCCC)NC(=O)[C@H](CC(O)=O)NC(=O)[C@H](C)NC(=O)[C@@H]2CC3CCCCC3N2C1=O)C(=O)N[C@@H](CC(N)=O)C(=O)N[C@H](CCCNC(N)=N)C(N)=O,4,1,,,,,,,,,,,,,,,,,True,False,True,False,150,30
414,[H]C[C@@H]1NC(=O)[C@@H]2C[C@]3([H])CCCC[C@]3([H])N2C(=O)[C@H](CCCSSCCC[C@H](NC(=O)[C@H](CC2=CNC3=CC=CC=C23)NC(=O)[C@H](CC(O)=O)NC(=O)[C@H](CC2=CNC3=CC=CC=C23)NC(=O)[C@H](CCCCCCCC)NC(=O)[C@H](CC(C(O)=O)C(O)=O)NC1=O)C(=O)N[C@@H](CCCCNC(=O)CCOCCOCCOCCOCCOCCOCCOCCOCCOCCOCCOCCOCCOCCOCCOCCOCCOCCOCCOCCOCCOCCC(=O)NCCCC[C@H](NC(=O)[C@@H]1CCCSSCCC[C@H](NC(=O)[C@@H](NC(=O)[C@@H](NC(=O)[C@H](CCCC[N+](C)(C)C)NC(=O)[C@@H](NC(=O)C[H])[C@@H](C)CC)C(C)C)[C@@H](C)O)C(=O)N2[C@@H](C[C@]3([H])CCCC[C@]23[H])C(=O)N[C@@H](C[H])C(=O)N[C@@H](CC(C(O)=O)C(O)=O)C(=O)N[C@@H](CCCCCCCC)C(=O)N[C@@H](CC2=CNC3=CC=CC=C23)C(=O)N[C@@H](CC(O)=O)C(=O)N[C@@H](CC2=CNC3=CC=CC=C23)C(=O)N1)C(=O)N[C@H](CCCNC(N)=N)C(N)=O)C(=O)N[C@H](CCCNC(N)=N)C(N)=O)NC(=O)[C@@H](NC(=O)[C@@H](NC(=O)[C@H](CCCC[N+](C)(C)C)NC(=O)[C@@H](NC(=O)C[H])[C@@H](C)CC)C(C)C)[C@@H](C)O,4,4,,,,,,,,,,,,,,,,,False,True,True,True,150,150
244,[H][C@](NC(=O)[C@@H](NC(=O)[C@H](CCCNS(C)(=O)=O)NC(=O)[C@@]([H])(NC(C)=O)[C@@H](C)CC)C(C)C)([C@@H](C)O)C(=O)N[C@H]1CCCSSCCC[C@H](NC(=O)[C@H](CC2=CNC3=C2C=CC=C3)NC(=O)[C@H](CC(O)=O)NC(=O)[C@H](CC2=CNC3=C2C=CC=C3)NC(=O)[C@H](CCCCCCCC)NC(=O)[C@H](CC(O)=O)NC(=O)[C@H](C)NC(=O)[C@@H]2CC3CCCCC3N2C1=O)C(=O)N[C@@H](CCCCNC(=O)CCOCCOCCOCCOCCOCCOCCOCCOCCOCCOCCOCCOCCOCCOCCOCCOCCOCCOCCOCCOCCOCCC(=O)NCCCC[C@H](NC(=O)[C@@H]1CCCSSCCC[C@H](NC(=O)[C@@]([H])(NC(=O)[C@@H](NC(=O)[C@H](CCCNS(C)(=O)=O)NC(=O)[C@@]([H])(NC(C)=O)[C@@H](C)CC)C(C)C)[C@@H](C)O)C(=O)N2C3CCCCC3C[C@H]2C(=O)N[C@@H](C)C(=O)N[C@@H](CC(O)=O)C(=O)N[C@@H](CCCCCCCC)C(=O)N[C@@H](CC2=CNC3=C2C=CC=C3)C(=O)N[C@@H](CC(O)=O)C(=O)N[C@@H](CC2=CNC3=C2C=CC=C3)C(=O)N1)C(=O)N[C@H](CCCNC(N)=N)C(N)=O)C(=O)N[C@H](CCCNC(N)=N)C(N)=O,4,1,,,,,,,,,,,,,,,,,False,True,True,True,150,30
627,[H]C[C@@H]1NC(=O)[C@@H]2C[C@]3([H])CCCC[C@]3([H])N2C(=O)[C@H](CCC\C=C/CCC[C@](C)(NC(=O)[C@H](CC2=CNC3=CC=CC=C23)NC(=O)[C@H](CCC(O)=O)NC(=O)[C@H](CC2=CC=CC3=CC=CC=C23)NC(=O)[C@H](CCCCCCCC)NC(=O)[C@H](CC(O)=O)NC1=O)C(=O)N[C@@H](CCCCNC(=O)CCOCCOCCOCCOCCOCCOCCOCCOCCOCCOCCOCCOCCOCCOCCOCCOCCOCCOCCOCCOCCOCCC(=O)NCCCC[C@H](NC(=O)[C@]1(C)CCC\C=C/CCC[C@H](NC(=O)[C@H](CCC(O)=O)NC(=O)[C@@H](NC(=O)[C@H](CCCC[N+](C)(C)C)NC(=O)[C@@H](NC(=O)C[H])[C@@H](C)CC)C(C)C)C(=O)N2[C@@H](C[C@]3([H])CCCC[C@]23[H])C(=O)N[C@@H](C[H])C(=O)N[C@@H](CC(O)=O)C(=O)N[C@@H](CCCCCCCC)C(=O)N[C@@H](CC2=CC=CC3=CC=CC=C23)C(=O)N[C@@H](CCC(O)=O)C(=O)N[C@@H](CC2=CNC3=CC=CC=C23)C(=O)N1)C(=O)N[C@H](CCCNC(N)=N)C(N)=O)C(=O)N[C@H](CCCNC(N)=N)C(N)=O)NC(=O)[C@H](CCC(O)=O)NC(=O)[C@@H](NC(=O)[C@H](CCCC[N+](C)(C)C)NC(=O)[C@@H](NC(=O)C[H])[C@@H](C)CC)C(C)C,4,4,,,,,,,,,,,,,,,,,False,True,True,False,150,150
10,CC[C@H](C)[C@H](NC(C)=O)C(=O)N[C@@H](CC1=CN=CN1)C(=O)N[C@@H](C(C)C)C(=O)N[C@@H]([C@@H](C)O)C(=O)N[C@@H]([C@@H](C)CC)C(=O)N1CCC[C@H]1C(=O)N[C@@H](C)C(=O)N[C@@H](CC(O)=O)C(=O)N[C@@H](CC(C)C)C(=O)N[C@H]1CSCC2=C(CSC[C@H](NC(=O)[C@@H](NC(=O)[C@H](CC3=CNC4=CC=CC=C34)NC(=O)[C@H](CC(O)=O)NC1=O)[C@@H](C)CC)C(N)=O)C=CC=C2,1,1,,,,,,,,,,,,,,,,,True,False,True,False,30,30
412,[H]C[C@@H]1NC(=O)[C@@H]2C[C@]3([H])CCCC[C@]3([H])N2C(=O)[C@H](CCCCCCCC[C@H](NC(=O)[C@H](CC2=CNC3=CC=CC=C23)NC(=O)[C@H](CC(O)=O)NC(=O)[C@H](CC2=CNC3=CC=CC=C23)NC(=O)[C@H](CCCCCCCC)NC(=O)[C@H](CC(O)=O)NC1=O)C(=O)N[C@@H](CCCCNC(=O)CCOCCOCCOCCOCCOCCOCCOCCOCCOCCOCCOCCOCCOCCOCCOCCOCCOCCOCCOCCOCCOCCC(=O)NCCCC[C@H](NC(=O)[C@@H]1CCCCCCCC[C@H](NC(=O)[C@@H](NC(=O)[C@H](CC(C)(C)C)NC(=O)[C@H](CCC(N)=O)NC(=O)[C@@H](NC(=O)C[H])[C@@H](C)CC)[C@@H](C)O)C(=O)N2[C@@H](C[C@]3([H])CCCC[C@]23[H])C(=O)N[C@@H](C[H])C(=O)N[C@@H](CC(O)=O)C(=O)N[C@@H](CCCCCCCC)C(=O)N[C@@H](CC2=CNC3=CC=CC=C23)C(=O)N[C@@H](CC(O)=O)C(=O)N[C@@H](CC2=CNC3=CC=CC=C23)C(=O)N1)C(=O)N[C@H](CCCNC(N)=N)C(N)=O)C(=O)N[C@H](CCCNC(N)=N)C(N)=O)NC(=O)[C@@H](NC(=O)[C@H](CC(C)(C)C)NC(=O)[C@H](CCC(N)=O)NC(=O)[C@@H](NC(=O)C[H])[C@@H](C)CC)[C@@H](C)O,4,1,,,,,,,,,,,,,,,,,False,True,True,False,150,30
258,[H]C[C@@H]1NC(=O)[C@@H]2C[C@]3([H])CCCC[C@]3([H])N2C(=O)[C@H](CCCCCCCC[C@H](NC(=O)[C@H](CC2=CNC3=CC=CC=C23)NC(=O)[C@H](CC(O)=O)NC(=O)[C@H](CC2=CNC3=CC=CC=C23)NC(=O)[C@H](CCCCCCCC)NC(=O)[C@H](CC(O)=O)NC1=O)C(=O)N[C@@H](CCCCNC(=O)CCOCCOCCOCCOCCOCCOCCOCCOCCOCCOCCOCCOCCOCCOCCOCCOCCOCCOCCOCCOCCOCCC(=O)NCCCC[C@H](NC(=O)[C@@H]1CCCCCCCC[C@H](NC(=O)[C@@H](NC(=O)[C@H](CC2CC2)NC(=O)[C@H](CCO)NC(=O)[C@@H](NC(=O)C[H])[C@@H](C)CC)[C@@H](C)O)C(=O)N2[C@@H](C[C@]3([H])CCCC[C@]23[H])C(=O)N[C@@H](C[H])C(=O)N[C@@H](CC(O)=O)C(=O)N[C@@H](CCCCCCCC)C(=O)N[C@@H](CC2=CNC3=CC=CC=C23)C(=O)N[C@@H](CC(O)=O)C(=O)N[C@@H](CC2=CNC3=CC=CC=C23)C(=O)N1)C(=O)N[C@H](CCCNC(N)=N)C(N)=O)C(=O)N[C@H](CCCNC(N)=N)C(N)=O)NC(=O)[C@@H](NC(=O)[C@H](CC1CC1)NC(=O)[C@H](CCO)NC(=O)[C@@H](NC(=O)C[H])[C@@H](C)CC)[C@@H](C)O,4,1,,,,,,,,,,,,,,,,,False,True,True,False,150,30
364,[H]C[C@@H]1NC(=O)[C@@H]2C[C@]3([H])CCCC[C@]3([H])N2C(=O)[C@H](CCCCCCCC[C@H](NC(=O)[C@H](CC2=CNC3=CC=CC=C23)NC(=O)[C@H](CC(O)=O)NC(=O)[C@H](CC2=CNC3=CC=CC=C23)NC(=O)[C@H](CCCCCCCC)NC(=O)[C@H](CC(O)=O)NC1=O)C(=O)N[C@@H](CCCCNC(=O)CCOCCOCCOCCOCCOCCOCCOCCOCCOCCOCCOCCOCCOCCOCCOCCOCCOCCOCCOCCOCCOCCC(=O)NCCCC[C@H](NC(=O)[C@@H]1CCCCCCCC[C@H](NC(=O)[C@H](CCC(O)=O)NC(=O)[C@@H](NC(=O)[C@H](CCC(N)=O)NC(=O)[C@@H](NC(=O)C[H])[C@@H](C)CC)C(C)C)C(=O)N2[C@@H](C[C@]3([H])CCCC[C@]23[H])C(=O)N[C@@H](C[H])C(=O)N[C@@H](CC(O)=O)C(=O)N[C@@H](CCCCCCCC)C(=O)N[C@@H](CC2=CNC3=CC=CC=C23)C(=O)N[C@@H](CC(O)=O)C(=O)N[C@@H](CC2=CNC3=CC=CC=C23)C(=O)N1)C(=O)N[C@H](CCCNC(N)=N)C(N)=O)C(=O)N[C@H](CCCNC(N)=N)C(N)=O)NC(=O)[C@H](CCC(O)=O)NC(=O)[C@@H](NC(=O)[C@H](CCC(N)=O)NC(=O)[C@@H](NC(=O)C[H])[C@@H](C)CC)C(C)C,4,1,,,,,,,,,,,,,,,,,False,True,True,False,150,30
280,[H]NC(=O)C[C@H](NC(=O)[C@@H]1CCCSSCCC[C@H](NC(=O)[C@@]([H])(NC(=O)[C@@H](NC(=O)[C@H](CCCCN)NC(=O)[C@@]([H])(NC(C)=O)[C@@H](C)CC)C(C)C)[C@@H](C)O[H])C(=O)N2C3CCCCC3C[C@H]2C(=O)N[C@@H](C)C(=O)N[C@@H](CC(O)=O)C(=O)N[C@@H](CCCCCCCC)C(=O)N[C@@H](CC2=CN([H])C3=C2C=CC=C3)C(=O)N[C@@H](CC(O)=O)C(=O)N[C@@H](CC2=CN([H])C3=C2C=CC=C3)C(=O)N1)C(=O)N[C@H](CCCN=C(N)N[H])C(N)=O,1,4,,,,,,,,,,,,,,,,,True,False,True,True,30,150
669,[H]C[C@@H]1NC(=O)[C@@H]2C[C@]3([H])CCCC[C@]3([H])N2C(=O)[C@H](CCSCCCSCC[C@H](NC(=O)[C@H](CC2=CNC3=CC=CC=C23)NC(=O)[C@H](CCC(O)=O)NC(=O)[C@H](CC2=CNC3=CC=CC=C23)NC(=O)[C@H](CCCCCCCC)NC(=O)[C@H](CC(O)=O)NC1=O)C(=O)NC(C)(C)C(N)=O)NC(=O)[C@@H](NC(=O)[C@H](CC(C)(C)C)NC(=O)[C@H](CC1=CN=CN1)NC(=O)[C@@H](NC(=O)[C@@H](CC1=CN=CN1)NC(=O)C[H])[C@@H](C)CC)[C@@H](C)O,4,4,,,,,,,,,,,,,,,,,True,False,True,False,150,150
569,[H]C[C@@H]1NC(=O)[C@@H]2C[C@]3([H])CCCC[C@]3([H])N2C(=O)[C@H](CSCCCCCSC[C@H](NC(=O)[C@H](CC2=CNC3=CC=CC=C23)NC(=O)[C@H](CC(O)=O)NC(=O)[C@H](CC2=CNC3=CC=CC=C23)NC(=O)[C@H](CCCCCCCC)NC(=O)[C@H](CC(O)=O)NC1=O)C(=O)N[C@@H](CCCCNC(=O)CCOCCOCCOCCOCCOCCOCCOCCOCCOCCOCCOCCOCCOCCOCCOCCOCCOCCOCCOCCOCCOCCC(=O)NCCCC[C@H](NC(=O)[C@@H]1CSCCCCCSC[C@H](NC(=O)[C@H](CCC(O)=O)NC(=O)[C@@H](NC(=O)[C@H](CCC(N)=O)NC(=O)[C@@H](NC(=O)C[H])[C@@H](C)CC)C(C)C)C(=O)N2[C@@H](C[C@]3([H])CCCC[C@]23[H])C(=O)N[C@@H](C[H])C(=O)N[C@@H](CC(O)=O)C(=O)N[C@@H](CCCCCCCC)C(=O)N[C@@H](CC2=CNC3=CC=CC=C23)C(=O)N[C@@H](CC(O)=O)C(=O)N[C@@H](CC2=CNC3=CC=CC=C23)C(=O)N1)C(=O)N[C@H](CCCNC(N)=N)C(N)=O)C(=O)N[C@H](CCCNC(N)=N)C(N)=O)NC(=O)[C@H](CCC(O)=O)NC(=O)[C@@H](NC(=O)[C@H](CCC(N)=O)NC(=O)[C@@H](NC(=O)C[H])[C@@H](C)CC)C(C)C,2,1,,,,,,,,,,,,,,,,,False,True,True,False,75,30
89,[H]CC(=O)N[C@@H]([C@@H](C)CC)C(=O)N[C@@H]([C@@H](C)O)C(=O)N[C@@H](CC(C)(C)C)C(=O)N[C@@H]([C@@H](C)O)C(=O)N[C@@H]([C@@H](C)CC)C(=O)N1CC([H])C[C@H]1C(=O)N[C@@]1(C)CCC\C=C\CCC[C@](C)(NC(=O)[C@H](CC2=CNC3=CC=CC=C23)NC(=O)[C@H](CCCCCCCC)NC(=O)[C@H](CC(O)=O)NC1=O)C(=O)N[C@@H](CC1=CNC2=CC=CC=C12)C(=O)N[C@@H]([C@@H](C)CC)C(=O)N[C@@H](CC(N)=O)C(=O)N[C@H](CCCNC(N)=N)C(=O)N[C@@H](CCCCNC(=O)CCOCCOCCOCCOCCOCCOCCOCCOCCOCCOCCOCCOCCOCCOCCOCCOCCOCCOCCOCCOCCOCCC(=O)NCCCC[C@H](NC(=O)[C@@H](CCCNC(N)=N)NC(=O)[C@H](CC(N)=O)NC(=O)[C@@H](NC(=O)[C@H](CC1=CNC2=CC=CC=C12)NC(=O)[C@]1(C)CCC\C=C\CCC[C@](C)(NC(=O)[C@@H]2CC([H])CN2C(=O)[C@@H](NC(=O)[C@@H](NC(=O)[C@H](CC(C)(C)C)NC(=O)[C@@H](NC(=O)[C@@H](NC(=O)C[H])[C@@H](C)CC)[C@@H](C)O)[C@@H](C)O)[C@@H](C)CC)C(=O)N[C@@H](CC(O)=O)C(=O)N[C@@H](CCCCCCCC)C(=O)N[C@@H](CC2=CNC3=CC=CC=C23)C(=O)N1)[C@@H](C)CC)C(N)=O)C(N)=O,4,4,,,,,,,,,,,,,,,,,False,True,True,False,150,150
269,[H][C@](NC(=O)[C@H](CC(C)(C)C)NC(=O)[C@H](CC1=CNC=N1)NC(=O)[C@@]([H])(NC(C)=O)[C@@H](C)CC)([C@@H](C)O)C(=O)N[C@H]1CCSCCCSCC[C@H](NC(=O)[C@H](CC2=CNC3=C2C=CC=C3)NC(=O)[C@H](CC(O)=O)NC(=O)[C@H](CC2=CNC3=C2C=CC=C3)NC(=O)[C@H](CCCCCCCC)NC(=O)[C@H](CC(O)=O)NC(=O)[C@H](C)NC(=O)[C@@H]2CC3CCCCC3N2C1=O)C(=O)N[C@@H](CC(N)=O)C(=O)N[C@H](CCCNC(N)=N)C(N)=O,3,4,,,,,,,,,,,,,,,,,True,False,True,False,105,150
628,[H]C[C@@H]1NC(=O)[C@@H]2C[C@]3([H])CCCC[C@]3([H])N2C(=O)[C@H](CCCCCCCC[C@H](NC(=O)[C@H](CC2=CNC3=CC=CC=C23)NC(=O)[C@H](CCC(O)=O)NC(=O)[C@H](CC2=CC=CC3=CC=CC=C23)NC(=O)[C@H](CCCCCCCC)NC(=O)[C@H](CC(O)=O)NC1=O)C(=O)N[C@@H](CCCCNC(=O)CCOCCOCCOCCOCCOCCOCCOCCOCCOCCOCCOCCOCCOCCOCCOCCOCCOCCOCCOCCOCCOCCC(=O)NCCCC[C@H](NC(=O)[C@@H]1CCCCCCCC[C@H](NC(=O)[C@H](CCC(O)=O)NC(=O)[C@@H](NC(=O)[C@H](CCCC[N+](C)(C)C)NC(=O)[C@@H](NC(=O)C[H])[C@@H](C)CC)C(C)(C)C)C(=O)N2[C@@H](C[C@]3([H])CCCC[C@]23[H])C(=O)N[C@@H](C[H])C(=O)N[C@@H](CC(O)=O)C(=O)N[C@@H](CCCCCCCC)C(=O)N[C@@H](CC2=CC=CC3=CC=CC=C23)C(=O)N[C@@H](CCC(O)=O)C(=O)N[C@@H](CC2=CNC3=CC=CC=C23)C(=O)N1)C(=O)N[C@H](CCCNC(N)=N)C(N)=O)C(=O)N[C@H](CCCNC(N)=N)C(N)=O)NC(=O)[C@H](CCC(O)=O)NC(=O)[C@@H](NC(=O)[C@H](CCCC[N+](C)(C)C)NC(=O)[C@@H](NC(=O)C[H])[C@@H](C)CC)C(C)(C)C,4,4,,,,,,,,,,,,,,,,,False,True,True,False,150,150
357,[H][C@](NC(=O)[C@@H](NC(=O)[C@H](CCCCNC(=O)C1=CC=NN1C)NC(=O)[C@@]([H])(NC(C)=O)[C@@H](C)CC)C(C)C)([C@@H](C)O)C(=O)N[C@H]1CCSC\C=C\CSCC[C@H](NC(=O)[C@H](CC2=CNC3=C2C=CC=C3)NC(=O)[C@H](CC(O)=O)NC(=O)[C@H](CC2=CNC3=C2C=CC=C3)NC(=O)[C@H](CCCCCCCC)NC(=O)[C@H](CC(O)=O)NC(=O)[C@H](C)NC(=O)[C@@H]2CC3CCCCC3N2C1=O)C(=O)N[C@@H](CCCCNC(=O)CCOCCOCCOCCOCCOCCOCCOCCOCCOCCOCCOCCOCCOCCOCCOCCOCCOCCOCCOCCOCCOCCC(=O)NCCCC[C@H](NC(=O)[C@@H]1CCSC\C=C\CSCC[C@H](NC(=O)[C@@]([H])(NC(=O)[C@@H](NC(=O)[C@H](CCCCNC(=O)C2=CC=NN2C)NC(=O)[C@@]([H])(NC(C)=O)[C@@H](C)CC)C(C)C)[C@@H](C)O)C(=O)N2C3CCCCC3C[C@H]2C(=O)N[C@@H](C)C(=O)N[C@@H](CC(O)=O)C(=O)N[C@@H](CCCCCCCC)C(=O)N[C@@H](CC2=CNC3=C2C=CC=C3)C(=O)N[C@@H](CC(O)=O)C(=O)N[C@@H](CC2=CNC3=C2C=CC=C3)C(=O)N1)C(=O)N[C@H](CCCNC(N)=N)C(N)=O)C(=O)N[C@H](CCCNC(N)=N)C(N)=O,4,1,,,,,,,,,,,,,,,,,False,True,True,False,150,30
465,[H]C[C@@H]1NC(=O)[C@@H]2C[C@]3([H])CCCC[C@]3([H])N2C(=O)[C@H](CCSCCCSCC[C@H](NC(=O)[C@H](CC2=CNC3=CC=CC=C23)NC(=O)[C@H](CC(O)=O)NC(=O)[C@H](CC2=CNC3=CC=CC=C23)NC(=O)[C@H](CCCCCCCC)NC(=O)[C@H](CC(O)=O)NC1=O)C(=O)N[C@@H](CCC(N)=O)C(=O)N[C@H](CCCNC(N)=N)C(N)=O)NC(=O)[C@@H](NC(=O)[C@@H](NC(=O)[C@H](CC1=CN=CN1)NC(=O)[C@@H](NC(=O)[C@@H](NC(=O)C[H])C(C)(C)C)[C@@H](C)CC)C(C)(C)C)[C@@H](C)O,4,1,,,,,,,,,,,,,,,,,True,False,True,False,150,30
699,[H]C[C@@H]1NC(=O)[C@@H]2C[C@]3([H])CCCC[C@]3([H])N2C(=O)[C@H](CCCC=CCCCC[C@H](NC(=O)[C@H](CC2=CNC3=CC=CC=C23)NC(=O)[C@H](CCC(O)=O)NC(=O)[C@H](CC2=CNC3=CC=CC=C23)NC(=O)[C@H](CCCCCCCCCC)NC(=O)[C@H](CC(O)=O)NC1=O)C(=O)N[C@@H](CC(N)=O)C(=O)N[C@H](CCCNC(N)=N)C(N)=O)NC(=O)[C@@H](NC(=O)[C@@H](NC(=O)[C@H](CC1=CN=CN1)NC(=O)[C@@H](NC(=O)[C@H](CCC(O)=O)NC(=O)CC(C)C)[C@@H](C)CC)C(C)(C)C)[C@@H](C)O,4,4,,,,,,,,,,,,,,,,,True,False,True,False,150,150
158,[H]C[C@@H]1NC(=O)[C@@H]2CC([H])CN2C(=O)[C@H](CCCCNC(=O)CSC[C@H](NC(=O)[C@H](CC2=CNC3=CC=CC=C23)NC(=O)[C@H](CC(O)=O)NC(=O)[C@H](CC2=CNC3=CC=CC=C23)NC(=O)[C@H](CCCCCCCC)NC(=O)[C@H](CC(O)=O)NC1=O)C(=O)N[C@@H](CCCCNC(=O)CCOCCOCCOCCOCCOCCOCCOCCOCCOCCOCCOCCOCCOCCOCCOCCOCCOCCOCCOCCOCCOCCC(=O)NCCCC[C@H](NC(=O)[C@@H]1CSCC(=O)NCCCC[C@H](NC(=O)[C@@H](NC(=O)[C@H](CC(C)(C)C)NC(=O)[C@H](CC2=CN=CN2)NC(=O)[C@@H](NC(=O)C[H])[C@@H](C)CC)[C@@H](C)O)C(=O)N2CC([H])C[C@H]2C(=O)N[C@@H](C[H])C(=O)N[C@@H](CC(O)=O)C(=O)N[C@@H](CCCCCCCC)C(=O)N[C@@H](CC2=CNC3=CC=CC=C23)C(=O)N[C@@H](CC(O)=O)C(=O)N[C@@H](CC2=CNC3=CC=CC=C23)C(=O)N1)C(=O)N[C@H](CCCNC(N)=N)C(N)=O)C(=O)N[C@H](CCCNC(N)=N)C(N)=O)NC(=O)[C@@H](NC(=O)[C@H](CC(C)(C)C)NC(=O)[C@H](CC1=CN=CN1)NC(=O)[C@@H](NC(=O)C[H])[C@@H](C)CC)[C@@H](C)O,1,4,,,,,,,,,,,,,,,,,False,True,True,False,30,150
354,[H]C[C@@H]1NC(=O)[C@@H]2C[C@]3([H])CCCC[C@]3([H])N2C(=O)[C@H](CCC2=C([H])N(CCCC[C@H](NC(=O)[C@H](CC3=CNC4=CC=CC=C34)NC(=O)[C@H](CC(O)=O)NC(=O)[C@H](CC3=CNC4=CC=CC=C34)NC(=O)[C@H](CCCCCCCC)NC(=O)[C@H](CC(O)=O)NC1=O)C(=O)N[C@@H](CCCCNC(=O)CCOCCOCCOCCOCCOCCOCCOCCOCCOCCOCCOCCOCCOCCOCCOCCOCCOCCOCCOCCOCCOCCC(=O)NCCCC[C@H](NC(=O)[C@@H]1CCCCN3N=NC(CC[C@H](NC(=O)[C@@H](NC(=O)[C@H](CC(C)(C)C)NC(=O)[C@H](CC4=CN=CN4)NC(=O)[C@@H](NC(=O)C[H])[C@@H](C)CC)[C@@H](C)O)C(=O)N4[C@@H](C[C@]5([H])CCCC[C@]45[H])C(=O)N[C@@H](C[H])C(=O)N[C@@H](CC(O)=O)C(=O)N[C@@H](CCCCCCCC)C(=O)N[C@@H](CC4=CNC5=CC=CC=C45)C(=O)N[C@@H](CC(O)=O)C(=O)N[C@@H](CC4=CNC5=CC=CC=C45)C(=O)N1)=C3[H])C(=O)N[C@H](CCCNC(N)=N)C(N)=O)C(=O)N[C@H](CCCNC(N)=N)C(N)=O)N=N2)NC(=O)[C@@H](NC(=O)[C@H](CC(C)(C)C)NC(=O)[C@H](CC1=CN=CN1)NC(=O)[C@@H](NC(=O)C[H])[C@@H](C)CC)[C@@H](C)O,1,4,,,,,,,,,,,,,,,,,False,True,True,False,30,150
701,[H]C[C@@H]1NC(=O)[C@@H]2C[C@]3([H])CCCC[C@]3([H])N2C(=O)[C@H](CCCC=CCCCC[C@H](NC(=O)[C@H](CC2=CNC3=CC=CC=C23)NC(=O)[C@H](CCC(O)=O)NC(=O)[C@H](CC2=CNC3=CC=CC=C23)NC(=O)[C@H](CCCCCCCC)NC(=O)[C@H](CC(O)=O)NC1=O)C(=O)N[C@@H](CC(N)=O)C(=O)N[C@H](CCCNC(N)=N)C(N)=O)NC(=O)[C@@H](NC(=O)[C@@H](NC(=O)[C@H](CC1=CN=CN1)NC(=O)[C@@H](NC(=O)[C@H](CCC(O)=O)NC(=O)CC(C)C)[C@@H](C)CC)C(C)(C)C)[C@@H](C)O,4,1,,,,,,,,,,,,,,,,,True,False,True,False,150,30
681,[H]C[C@@H]1NC(=O)[C@@H]2C[C@]3([H])CCCC[C@]3([H])N2C(=O)[C@H](CCC\C=C/CCC[C@](C)(NC(=O)[C@H](CC2=CNC3=CC=CC=C23)NC(=O)[C@H](CCC(O)=O)NC(=O)[C@H](CC2=CNC3=CC=CC=C23)NC(=O)[C@H](CCCCCCCC)NC(=O)[C@H](CC(O)=O)NC1=O)C(=O)N[C@@H](CCCCNC(=O)C[H])C(=O)N[C@H](CCCNC(N)=N)C(N)=O)NC(=O)[C@@H](NC(=O)[C@H](CC(C)(C)C)NC(=O)[C@H](CC1=CN=CN1)NC(=O)[C@@H](NC(=O)[C@H](CC1=CN=CN1)NC(=O)C[H])[C@@H](C)CC)[C@@H](C)O,4,4,,,,,,,,,,,,,,,,,True,False,True,False,150,150
136,[H]NC(N)=NCCC[C@@H](NC(=O)[C@H](CCCCNC(=O)CCOCCOCCOCCOCCOCCOCCOCCOCCOCCOCCOCCOCCOCCOCCOCCOCCOCCOCCOCCOCCOCCC(=O)NCCCC[C@H](NC(=O)[C@@H]1CCCSSCCC[C@H](NC(=O)[C@@]([H])(NC(=O)[C@H](CCC2CCCCC2)NC(=O)[C@H](CC2=CN([H])C=N2)NC(=O)[C@@]([H])(NC(C)=O)[C@@H](C)CC)[C@@H](C)O[H])C(=O)N2CCC[C@H]2C(=O)N[C@@H](C)C(=O)N[C@@H](CC(O)=O)C(=O)N[C@@H](CCCCCCCC)C(=O)N[C@@H](CC2=CN([H])C3=C2C=CC=C3)C(=O)N[C@@H](CC(O)=O)C(=O)N[C@@H](CC2=CN([H])C3=C2C=CC=C3)C(=O)N1)C(=O)N[C@H](CCCN=C(N)N[H])C(N)=O)NC(=O)[C@@H]1CCCSSCCC[C@H](NC(=O)[C@@]([H])(NC(=O)[C@H](CCC2CCCCC2)NC(=O)[C@H](CC2=CN([H])C=N2)NC(=O)[C@@]([H])(NC(C)=O)[C@@H](C)CC)[C@@H](C)O[H])C(=O)N2CCC[C@H]2C(=O)N[C@@H](C)C(=O)N[C@@H](CC(O)=O)C(=O)N[C@@H](CCCCCCCC)C(=O)N[C@@H](CC2=CN([H])C3=C2C=CC=C3)C(=O)N[C@@H](CC(O)=O)C(=O)N[C@@H](CC2=CN([H])C3=C2C=CC=C3)C(=O)N1)C(N)=O,4,1,,,,,,,,,,,,,,,,,False,True,True,True,150,30
603,[H]C[C@@H]1NC(=O)[C@@H]2C[C@]3([H])CCCC[C@]3([H])N2C(=O)[C@H](CCSCCCSCC[C@H](NC(=O)[C@H](CC2=CNC3=CC=CC=C23)NC(=O)[C@H](CCC(O)=O)NC(=O)[C@H](CC2=CNC3=C2C=CC=C3C)NC(=O)[C@H](CCCCCCCC)NC(=O)[C@H](CC(O)=O)NC1=O)C(=O)N[C@@H](CCC(N)=O)C(=O)N[C@H](CCCNC(N)=N)C(N)=O)NC(=O)[C@@H](NC(=O)[C@H](CC(C)(C)C)NC(=O)[C@H](CC1=CN=CN1)NC(=O)[C@@H](NC(=O)[C@@H](CC1=CN=CN1)NC(=O)C[H])C(C)C)[C@@H](C)O,4,4,,,,,,,,,,,,,,,,,True,False,True,False,150,150
371,[H]C[C@@H]1NC(=O)[C@@H]2C[C@]3([H])CCCC[C@]3([H])N2C(=O)[C@H](CCSCCCSCC[C@H](NC(=O)[C@H](CC2=CNC3=CC=CC=C23)NC(=O)[C@H](CC(O)=O)NC(=O)[C@H](CC2=CNC3=CC=CC=C23)NC(=O)[C@H](CCCCCCCC)NC(=O)[C@H](CC(O)=O)NC1=O)C(=O)N[C@@H](CCCCNC(=O)CCOCCOCCOCCOCCOCCOCCOCCOCCOCCOCCOCCOCCOCCOCCOCCOCCOCCOCCOCCOCCOCCC(=O)NCCCC[C@H](NC(=O)[C@@H]1CCSCCCSCC[C@H](NC(=O)[C@H](CCC(O)=O)NC(=O)[C@@H](NC(=O)[C@H](CCC(N)=O)NC(=O)[C@@H](NC(=O)C[H])[C@@H](C)CC)C(C)C)C(=O)N2[C@@H](C[C@]3([H])CCCC[C@]23[H])C(=O)N[C@@H](C[H])C(=O)N[C@@H](CC(O)=O)C(=O)N[C@@H](CCCCCCCC)C(=O)N[C@@H](CC2=CNC3=CC=CC=C23)C(=O)N[C@@H](CC(O)=O)C(=O)N[C@@H](CC2=CNC3=CC=CC=C23)C(=O)N1)C(=O)N[C@H](CCCNC(N)=N)C(N)=O)C(=O)N[C@H](CCCNC(N)=N)C(N)=O)NC(=O)[C@H](CCC(O)=O)NC(=O)[C@@H](NC(=O)[C@H](CCC(N)=O)NC(=O)[C@@H](NC(=O)C[H])[C@@H](C)CC)C(C)C,4,1,,,,,,,,,,,,,,,,,False,True,True,False,150,30
421,[H]C[C@@H]1NC(=O)[C@@H]2C[C@]3([H])CCCC[C@]3([H])N2C(=O)[C@H](CCSCC2(CC2)CSCC[C@H](NC(=O)[C@H](CC2=CNC3=CC=CC=C23)NC(=O)[C@H](CC(O)=O)NC(=O)[C@H](CC2=CNC3=CC=CC=C23)NC(=O)[C@H](CCCCCCCC)NC(=O)[C@H](CC(O)=O)NC1=O)C(=O)N[C@@H](CCCCNC(=O)CCOCCOCCOCCOCCOCCOCCOCCOCCOCCOCCOCCOCCOCCOCCOCCOCCOCCOCCOCCOCCOCCC(=O)NCCCC[C@H](NC(=O)[C@@H]1CCSCC2(CC2)CSCC[C@H](NC(=O)[C@H](CCC(O)=O)NC(=O)[C@@H](NC(=O)[C@H](CCCC[N+](C)(C)C)NC(=O)[C@@H](NC(=O)C[H])[C@@H](C)CC)C(C)(C)C)C(=O)N2[C@@H](C[C@]3([H])CCCC[C@]23[H])C(=O)N[C@@H](C[H])C(=O)N[C@@H](CC(O)=O)C(=O)N[C@@H](CCCCCCCC)C(=O)N[C@@H](CC2=CNC3=CC=CC=C23)C(=O)N[C@@H](CC(O)=O)C(=O)N[C@@H](CC2=CNC3=CC=CC=C23)C(=O)N1)C(=O)N[C@H](CCCNC(N)=N)C(N)=O)C(=O)N[C@H](CCCNC(N)=N)C(N)=O)NC(=O)[C@H](CCC(O)=O)NC(=O)[C@@H](NC(=O)[C@H](CCCC[N+](C)(C)C)NC(=O)[C@@H](NC(=O)C[H])[C@@H](C)CC)C(C)(C)C,4,4,,,,,,,,,,,,,,,,,False,True,True,False,150,150
198,[H][C@](NC(=O)[C@H](CSCC1=CC=C(C=C1)C1=CC=C(CSC[C@H](NC(=O)[C@H](CC2=CNC=N2)NC(=O)[C@@]([H])(NC(C)=O)[C@@H](C)CC)C(=O)N[C@@]([H])([C@@H](C)O)C(=O)N[C@@]([H])([C@@H](C)CC)C(=O)N2CCC[C@H]2C(=O)N[C@@H](C)C(=O)N[C@@H](CC(O)=O)C(=O)N[C@@H](CCCCCCCC)C(=O)N[C@@H](CC2=CNC3=C2C=CC=C3)C(=O)N[C@@H](CC(O)=O)C(=O)N[C@@H](CC2=CNC3=C2C=CC=C3)C(=O)N[C@@]([H])([C@@H](C)CC)C(=O)N[C@@H](CC(N)=O)C(=O)N[C@H](CCCNC(N)=N)C(N)=O)C=C1)NC(=O)[C@H](CC1=CNC=N1)NC(=O)[C@@]([H])(NC(C)=O)[C@@H](C)CC)([C@@H](C)O)C(=O)N[C@@]([H])([C@@H](C)CC)C(=O)N1CCC[C@H]1C(=O)N[C@@H](C)C(=O)N[C@@H](CC(O)=O)C(=O)N[C@@H](CCCCCCCC)C(=O)N[C@@H](CC1=CNC2=C1C=CC=C2)C(=O)N[C@@H](CC(O)=O)C(=O)N[C@@H](CC1=CNC2=C1C=CC=C2)C(=O)N[C@@]([H])([C@@H](C)CC)C(=O)N[C@@H](CC(N)=O)C(=O)N[C@H](CCCNC(N)=N)C(N)=O,3,2,,,,,,,,,,,,,,,,,False,True,True,False,105,75
708,[H]C[C@@H]1NC(=O)[C@@H]2C[C@]3([H])CCCC[C@]3([H])N2C(=O)[C@H](CCSCCCSCC[C@H](NC(=O)[C@H](CC2=CNC3=CC=CC=C23)NC(=O)[C@H](CCC(O)=O)NC(=O)[C@H](CC2=CNC3=CC=CC=C23)NC(=O)[C@H](CCCCCCCC)NC(=O)[C@H](CC(O)=O)NC1=O)C(=O)N[C@@H](CC(N)=O)C(=O)N[C@H](CCCNC(N)=N)C(N)=O)NC(=O)[C@@H](NC(=O)[C@H](CC(C)(C)C)NC(=O)[C@H](CC1=CN=CN1)NC(=O)[C@@H](NC(=O)[C@H](CCC(O)=O)NC(=O)C[H])[C@@H](C)CC)[C@@H](C)O,4,4,,,,,,,,,,,,,,,,,True,False,True,False,150,150
543,[H]C[C@@H]1NC(=O)[C@@H]2C[C@]3([H])CCCC[C@]3([H])N2C(=O)[C@H](CCC\C=C/CCC[C@H](NC(=O)[C@H](CC2=CNC3=CC=CC=C23)NC(=O)[C@H](CC(O)=O)NC(=O)[C@H](CC2=CNC3=CC=CC=C23)NC(=O)[C@H](CCCCCCCC)NC(=O)[C@H](CC(O)=O)NC1=O)C(=O)N[C@@H](CCCCNC(=O)CCOCCOCCOCCOCCOCCOCCOCCOCCOCCOCCOCCOCCOCCOCCOCCOCCOCCOCCOCCOCCOCCC(=O)NCCCC[C@H](NC(=O)[C@@H]1CCC\C=C/CCC[C@H](NC(=O)[C@H](CCC(O)=O)NC(=O)[C@@H](NC(=O)[C@H](CCCC[N+](C)(C)C)NC(=O)[C@@H](NC(=O)CN(C)C(=O)C[H])[C@@H](C)CC)C(C)C)C(=O)N2[C@@H](C[C@]3([H])CCCC[C@]23[H])C(=O)N[C@@H](C[H])C(=O)N[C@@H](CC(O)=O)C(=O)N[C@@H](CCCCCCCC)C(=O)N[C@@H](CC2=CNC3=CC=CC=C23)C(=O)N[C@@H](CC(O)=O)C(=O)N[C@@H](CC2=CNC3=CC=CC=C23)C(=O)N1)C(=O)N[C@H](CCCNC(N)=N)C(N)=O)C(=O)N[C@H](CCCNC(N)=N)C(N)=O)NC(=O)[C@H](CCC(O)=O)NC(=O)[C@@H](NC(=O)[C@H](CCCC[N+](C)(C)C)NC(=O)[C@@H](NC(=O)CN(C)C(=O)C[H])[C@@H](C)CC)C(C)C,4,4,,,,,,,,,,,,,,,,,False,True,True,False,150,150
586,[H]C[C@@H]1NC(=O)[C@@H]2C[C@]3([H])CCCC[C@]3([H])N2C(=O)[C@H](CCSCCCSCC[C@H](NC(=O)[C@H](CC2=CNC3=CC=CC=C23)NC(=O)[C@H](CC(O)=O)NC(=O)[C@H](CC2=CNC3=CC=CC=C23)NC(=O)[C@H](CCCCCCCC)NC(=O)[C@H](CC(O)=O)NC1=O)C(=O)N[C@@H](CC(N)=O)C(=O)N[C@H](CCCNC(N)=N)C(N)=O)NC(=O)[C@@H](NC(=O)[C@H](CC(C)(C)C)NC(=O)[C@H](CC1=CN=CN1)NC(=O)[C@@H](NC(=O)CN(C)C(=O)CC(C)C)[C@@H](C)CC)[C@@H](C)O,4,4,,,,,,,,,,,,,,,,,True,False,True,False,150,150
496,[H]CC(=O)NCCCC[C@@H]1NC(=O)[C@@H]2CC3CCCCC3N2C(=O)[C@H](CCSCCCSCC[C@H](NC(=O)[C@H](CC2=CN([H])C3=C2C=CC=C3)NC(=O)[C@H](CC(O)=O)NC(=O)[C@H](CC2=CN([H])C3=C2C=CC=C3)NC(=O)[C@H](CCCCCCCC)NC(=O)[C@H](CC(O)=O)NC1=O)C(=O)N[C@@H](CC(=O)N[H])C(=O)N[C@H](CCCN=C(N)N[H])C(N)=O)NC(=O)[C@H](CC(=O)N[H])NC(=O)[C@@H](NC(=O)[C@H](CCCC[N+](C)(C)C)NC(=O)[C@@]([H])(NC(=O)[C@@H](CCC(O)=O)NC(C)=O)[C@@H](C)CC)C(C)(C)C,4,3,,,,,,,,,,,,,,,,,True,False,True,False,150,105
380,[H]NC(=O)C[C@H](NC(=O)[C@@H]1CCCSSCCC[C@H](NC(=O)[C@@]([H])(NC(=O)[C@H](CCCCCCCC)NC(=O)[C@H](CCCC[N+](C)(C)C)NC(=O)[C@@]([H])(NC(=O)[C@H](CCC(O)=O)NC(C)=O)[C@@H](C)CC)[C@@H](C)O[H])C(=O)N2C3CCCCC3C[C@H]2C(=O)N[C@@H](C)C(=O)N[C@@H](CC(C(O)=O)C(=O)N[C@@H](CCCCCCCC)C(=O)N[C@@H](CC2=CN([H])C3=C2C=CC=C3)C(=O)N[C@@H](CC(O)=O)C(=O)N[C@@H](CC2=CN([H])C3=C2C=CC=C3)C(=O)N1)C(O)=O)C(=O)N[C@H](CCCN=C(N)N[H])C(N)=O,4,1,,,,,,,,,,,,,,,,,True,False,True,True,150,30
89,[H]CC(=O)N[C@@H]([C@@H](C)CC)C(=O)N[C@@H]([C@@H](C)O)C(=O)N[C@@H](CC(C)(C)C)C(=O)N[C@@H]([C@@H](C)O)C(=O)N[C@@H]([C@@H](C)CC)C(=O)N1CC([H])C[C@H]1C(=O)N[C@@]1(C)CCC\C=C\CCC[C@](C)(NC(=O)[C@H](CC2=CNC3=CC=CC=C23)NC(=O)[C@H](CCCCCCCC)NC(=O)[C@H](CC(O)=O)NC1=O)C(=O)N[C@@H](CC1=CNC2=CC=CC=C12)C(=O)N[C@@H]([C@@H](C)CC)C(=O)N[C@@H](CC(N)=O)C(=O)N[C@H](CCCNC(N)=N)C(=O)N[C@@H](CCCCN[H])C(N)=O,4,4,,,,,,,,,,,,,,,,,True,False,True,False,150,150
685,[H]C[C@@H]1NC(=O)[C@@H]2C[C@]3([H])CCCC[C@]3([H])N2C(=O)[C@H](CCSCCCSCC[C@H](NC(=O)[C@H](CC2=CNC3=CC=CC=C23)NC(=O)[C@H](CCC(O)=O)NC(=O)[C@H](CC2=CNC3=CC=CC=C23)NC(=O)[C@H](CCCCCCCC)NC(=O)[C@H](CC(O)=O)NC1=O)C(=O)N[C@@H](CC(N)=O)C(=O)N[C@H](CCCNC(N)=N)C(N)=O)NC(=O)[C@@H](NC(=O)[C@H](CC(C)(C)C)NC(=O)[C@H](CC1=CC=CN=C1)NC(=O)[C@@H](NC(=O)[C@H](CC1=CN=CN1)NC(=O)C[H])[C@@H](C)CC)[C@@H](C)O,4,4,,,,,,,,,,,,,,,,,True,False,True,False,150,150
488,[H]CC(=O)NCCCC[C@H](NC(=O)[C@]1(C)CCC\C=C/CCC[C@H](NC(=O)[C@@]([H])(NC(=O)[C@H](CC(C)(C)C)NC(=O)[C@H](CC2=CN([H])C=N2)NC(=O)[C@@]([H])(NC(=O)[C@@H](CCC(O)=O)NC(=O)C[H])[C@@H](C)CC)[C@@H](C)O[H])C(=O)N2[C@@H](C[C@]3([H])CCCC[C@]23[H])C(=O)N[C@@H](C)C(=O)N[C@@H](CC(O)=O)C(=O)N[C@@H](CCCCCCCC)C(=O)N[C@@H](CC2=CN([H])C3=C2C=CC=C3)C(=O)N[C@@H](CC(O)=O)C(=O)N[C@@H](CC2=CN([H])C3=C2C=CC=C3)C(=O)N1)C(=O)N[C@H](CCCNC(N)=N)C(N)=O,1,4,,,,,,,,,,,,,,,,,True,False,True,False,30,150
691,[H]C[C@@H]1NC(=O)[C@@H]2C[C@]3([H])CCCC[C@]3([H])N2C(=O)[C@H](CCC\C=C\CCCC[C@H](NC(=O)[C@H](CC2=CNC3=CC=CC=C23)NC(=O)[C@H](CCC(O)=O)NC(=O)[C@H](CC2=CNC3=CC=CC=C23)NC(=O)[C@H](CCCCCCCCCC)NC(=O)[C@H](CC(O)=O)NC1=O)C(=O)N[C@@H](CC(N)=O)C(=O)N[C@H](CCCNC(N)=N)C(N)=O)NC(=O)[C@@H](NC(=O)[C@@H](NC(=O)[C@H](CC1=CN=CN1)NC(=O)[C@@H](NC(=O)[C@H](CCC(O)=O)NC(=O)CC(C)C)C(C)C)C(C)(C)C)[C@@H](C)O,4,4,,,,,,,,,,,,,,,,,True,False,True,False,150,150
665,[H]N1C=C(C[C@@H]2NC(=O)[C@H](CCCCCCCC)NC(=O)[C@H](CC(O)=O)NC(=O)[C@H](C)NC(=O)[C@@H]3C[C@]4([H])CCCC[C@]4([H])N3C(=O)[C@H](CCSCCCSCC[C@H](NC(=O)[C@H](CC3=CN([H])C4=C3C=CC=C4)NC(=O)[C@H](CC(O)=O)NC2=O)C(=O)N[C@@H](CCCCNC(=O)CCOCCOCCOCCOCCOCCOCCOCCOCCOCCOCCOCCOCCOCCOCCOCCOCCOCCOCCOCCOCCOCCC(=O)NCCCC[C@H](NC(=O)[C@@H]2CCSCCCSCC[C@H](NC(=O)[C@H](CCC(O)=O)NC(=O)[C@@H](NC(=O)[C@H](CCCC[N+](C)(C)C)NC(=O)[C@@]([H])(NC(=O)[C@@H](CC3=CN=CN3)NC(=O)[C@@H](CCC(O)=O)NC(=O)CC(C)C)[C@@H](C)CC)C(C)(C)C)C(=O)N3[C@@H](C[C@]4([H])CCCC[C@]34[H])C(=O)N[C@@H](C)C(=O)N[C@@H](CC(O)=O)C(=O)N[C@@H](CCCCCCCC)C(=O)N[C@@H](CC3=CN([H])C4=C3C=CC=C4)C(=O)N[C@@H](CC(O)=O)C(=O)N[C@@H](CC3=CN([H])C4=C3C=CC=C4)C(=O)N2)C(=O)N[C@H](CCCNC(N)=N)C(N)=O)C(=O)N[C@H](CCCNC(N)=N)C(N)=O)NC(=O)[C@H](CCC(O)=O)NC(=O)[C@@H](NC(=O)[C@H](CCCC[N+](C)(C)C)NC(=O)[C@@]([H])(NC(=O)[C@@H](CC2=CN=CN2)NC(=O)[C@@H](CCC(O)=O)NC(=O)CC(C)C)[C@@H](C)CC)C(C)(C)C)C2=C1C=CC=C2,4,4,,,,,,,,,,,,,,,,,False,True,True,False,150,150
660,[H]C[C@@H]1NC(=O)[C@@H]2C[C@]3([H])CCCC[C@]3([H])N2C(=O)[C@H](CCSCCCSCC[C@H](NC(=O)[C@H](CC2=CNC3=CC=CC=C23)NC(=O)[C@H](CCC(O)=O)NC(=O)[C@H](CC2=CNC3=CC=CC=C23)NC(=O)[C@H](CCCCCCCC)NC(=O)[C@H](CC(O)=O)NC1=O)C(=O)N[C@@H](CCCCNC(=O)CCOCCOCCOCCOCCOCCOCCOCCOCCOCCOCCOCCOCCOCCOCCOCCOCCOCCOCCOCCOCCOCCC(=O)NCCCC[C@H](NC(=O)[C@@H]1CCSCCCSCC[C@H](NC(=O)[C@H](CCC(O)=O)NC(=O)[C@@H](NC(=O)[C@H](CCCC[N+](C)(C)C)NC(=O)[C@@H](NC(=O)CCO)[C@@H](C)CC)C(C)(C)C)C(=O)N2[C@@H](C[C@]3([H])CCCC[C@]23[H])C(=O)N[C@@H](C[H])C(=O)N[C@@H](CC(O)=O)C(=O)N[C@@H](CCCCCCCC)C(=O)N[C@@H](CC2=CNC3=CC=CC=C23)C(=O)N[C@@H](CCC(O)=O)C(=O)N[C@@H](CC2=CNC3=CC=CC=C23)C(=O)N1)C(=O)N[C@H](CCCNC(N)=N)C(N)=O)C(=O)N[C@H](CCCNC(N)=N)C(N)=O)NC(=O)[C@H](CCC(O)=O)NC(=O)[C@@H](NC(=O)[C@H](CCCC[N+](C)(C)C)NC(=O)[C@@H](NC(=O)CCO)[C@@H](C)CC)C(C)(C)C,4,4,,,,,,,,,,,,,,,,,False,True,True,False,150,150
35,[H]CC(=O)N[C@@H]([C@@H](C)CC)C(=O)N[C@@H]([C@@H](C)O)C(=O)N[C@@H](C(C)C)C(=O)N[C@@H]([C@@H](C)O)C(=O)N[C@@H]([C@@H](C)CC)C(=O)N1CC([H])C[C@H]1C(=O)C[C@H](NN[C@@H](CC(O)=O)C(=O)N[C@@H](CC(C)C)C(=O)N[C@@H](CC1=CNC2=CC=CC=C12)C(=O)N[C@@H](CC(O)=O)C(=O)N[C@@H](CC1=CNC2=CC=CC=C12)C(=O)N[C@@H]([C@@H](C)CC)C(=O)N[C@@H](CCCCN[H])C(=O)N[C@H](CCCNC(N)=N)C(=O)N[C@@H](CCCCNC(=O)COCCOCCNC(=O)COCCOCCNC(=O)CC[C@H](NC(=O)CCCCCCCCCCC)C(O)=O)C(N)=O)C([H])=O,1,1,,,,,,,,,,,,,,,,,False,True,True,False,30,30
571,[H]C[C@@H]1NC(=O)[C@@H]2C[C@]3([H])CCCC[C@]3([H])N2C(=O)[C@H](CCSCCCSCC[C@H](NC(=O)[C@H](CC2=CNC3=CC=CC=C23)NC(=O)[C@H](CC(O)=O)NC(=O)[C@H](CC2=CNC3=CC=CC=C23)NC(=O)[C@H](CCCCCCCC)NC(=O)[C@H](CC(O)=O)NC1=O)C(=O)N[C@@H](CCCCNC(=O)CCOCCOCCOCCOCCOCCOCCOCCOCCOCCOCCOCCOCCOCCOCCOCCOCCOCCOCCOCCOCCOCCC(=O)NCCCC[C@H](NC(=O)[C@@H]1CCSCCCSCC[C@H](NC(=O)[C@H](CC(N)=O)NC(=O)[C@@H](NC(=O)[C@H](CCCC[N+](C)(C)C)NC(=O)[C@@H](NC(=O)C[H])[C@@H](C)CC)C(C)C)C(=O)N2[C@@H](C[C@]3([H])CCCC[C@]23[H])C(=O)N[C@@H](C[H])C(=O)N[C@@H](CC(O)=O)C(=O)N[C@@H](CCCCCCCC)C(=O)N[C@@H](CC2=CNC3=CC=CC=C23)C(=O)N[C@@H](CC(O)=O)C(=O)N[C@@H](CC2=CNC3=CC=CC=C23)C(=O)N1)C(=O)N[C@H](CCCNC(N)=N)C(N)=O)C(=O)N[C@H](CCCNC(N)=N)C(N)=O)NC(=O)[C@H](CC(N)=O)NC(=O)[C@@H](NC(=O)[C@H](CCCC[N+](C)(C)C)NC(=O)[C@@H](NC(=O)C[H])[C@@H](C)CC)C(C)C,4,4,,,,,,,,,,,,,,,,,False,True,True,False,150,150
505,[H]C[C@@H]1NC(=O)[C@@H]2C[C@]3([H])CCCC[C@]3([H])N2C(=O)[C@H](CCSCCCSCC[C@H](NC(=O)[C@H](CC2=CNC3=CC=CC=C23)NC(=O)[C@H](CC(O)=O)NC(=O)[C@H](CC2=CNC3=CC=CC=C23)NC(=O)[C@H](CCCCCCCC)NC(=O)[C@H](CC(O)=O)NC1=O)C(=O)N[C@@H](CC(N)=O)C(=O)N[C@H](CCCNC(N)=N)C(N)=O)NC(=O)[C@@H](NC(=O)[C@@H](NC(=O)[C@H](CC1=CN=CN1)NC(=O)[C@@H](NC(=O)[C@@H](CCC(O)=O)NC(=O)C[H])[C@@H](C)CC)C(C)(C)C)[C@@H](C)O,1,1,,,,,,,,,,,,,,,,,True,False,True,False,30,30
358,[H][C@](NC(C)=O)([C@@H](C)CC)C(=O)N[C@@H](CCCCNC(=O)CO)C(=O)N[C@@H](CC(C)(C)C)C(=O)N[C@@H](CCC(O)=O)C(=O)N[C@H]1CCSCCCSCC[C@H](NC(=O)[C@H](CC2=CNC3=C2C=CC=C3)NC(=O)[C@H](CC(O)=O)NC(=O)[C@H](CC2=CNC3=C2C=CC=C3)NC(=O)[C@H](CCCCCCCC)NC(=O)[C@H](CC(O)=O)NC(=O)[C@H](C)NC(=O)[C@@H]2CC3CCCCC3N2C1=O)C(=O)N[C@@H](CCCCNC(=O)CCOCCOCCOCCOCCOCCOCCOCCOCCOCCOCCOCCOCCOCCOCCOCCOCCOCCOCCOCCOCCOCCC(=O)NCCCC[C@H](NC(=O)[C@@H]1CCSCCCSCC[C@H](NC(=O)[C@H](CCC(O)=O)NC(=O)[C@H](CC(C)(C)C)NC(=O)[C@H](CCCCNC(=O)CO)NC(=O)[C@@]([H])(NC(C)=O)[C@@H](C)CC)C(=O)N2C3CCCCC3C[C@H]2C(=O)N[C@@H](C)C(=O)N[C@@H](CC(O)=O)C(=O)N[C@@H](CCCCCCCC)C(=O)N[C@@H](CC2=CNC3=C2C=CC=C3)C(=O)N[C@@H](CC(O)=O)C(=O)N[C@@H](CC2=CNC3=C2C=CC=C3)C(=O)N1)C(=O)N[C@H](CCCNC(N)=N)C(N)=O)C(=O)N[C@H](CCCNC(N)=N)C(N)=O,4,1,,,,,,,,,,,,,,,,,False,True,True,False,150,30
219,[H]NC(N)=NCCC[C@@H](NC(=O)[C@H](CCCCNC(=O)CCOCCOCCOCCOCCOCCOCCOCCOCCOCCOCCOCCOCCOCCOCCOCCOCCOCCOCCOCCOCCOCCC(=O)NCCCC[C@H](NC(=O)[C@@H]1CCCSSCCC[C@H](NC(=O)[C@@]([H])(NC(=O)[C@H](CC(C)(C)C)NC(=O)[C@H](CCO[H])NC(=O)[C@@]([H])(NC(C)=O)[C@@H](C)CC)[C@@H](C)O[H])C(=O)N2C3CCCCC3C[C@H]2C(=O)N[C@@H](C)C(=O)N[C@@H](CC(C(O)=O)C(=O)N[C@@H](CCCCCCCC)C(=O)N[C@@H](CC2=CN([H])C3=C2C=CC=C3)C(=O)N[C@@H](CC(O)=O)C(=O)N[C@@H](CC2=CNC3=CC=C(C)C=C23)C(=O)N1)C(O)=O)C(=O)N[C@H](CCCN=C(N)N[H])C(N)=O)NC(=O)[C@@H]1CCCSSCCC[C@H](NC(=O)[C@@]([H])(NC(=O)[C@H](CC(C)(C)C)NC(=O)[C@H](CCO[H])NC(=O)[C@@]([H])(NC(C)=O)[C@@H](C)CC)[C@@H](C)O[H])C(=O)N2C3CCCCC3C[C@H]2C(=O)N[C@@H](C)C(=O)N[C@@H](CC(C(O)=O)C(=O)N[C@@H](CCCCCCCC)C(=O)N[C@@H](CC2=CN([H])C3=C2C=CC=C3)C(=O)N[C@@H](CC(O)=O)C(=O)N[C@@H](CC2=CNC3=CC=C(C)C=C23)C(=O)N1)C(O)=O)C(N)=O,4,1,,,,,,,,,,,,,,,,,False,True,True,True,150,30
598,[H]C[C@@H]1NC(=O)[C@@H]2C[C@]3([H])CCCC[C@]3([H])N2C(=O)[C@H](CCSCCCSCC[C@H](NC(=O)[C@H](CC2=CNC3=CC=CC=C23)NC(=O)[C@H](CCC(O)=O)NC(=O)[C@H](CC2=CNC3=CC=CC=C23)NC(=O)[C@H](CCCCCCCC)NC(=O)[C@H](CC(O)=O)NC1=O)C(=O)N[C@@H](CC(N)=O)C(=O)N[C@H](CCCNC(N)=N)C(N)=O)NC(=O)[C@H](CC(N)=O)NC(=O)[C@H](CCCCCCCC)NC(=O)[C@H](CC1=CN=CN1)NC(=O)[C@H](CC(C)(C)C)NC(=O)[C@H](CC1=CN=CN1)NC(=O)C[H],4,1,,,,,,,,,,,,,,,,,True,False,True,False,150,30
347,[H]NC(=O)C[C@H](NC(=O)[C@@H]1CSCC2=CC=CC(CSC[C@H](NC(=O)[C@@]([H])(NC(=O)[C@H](CC(C)(C)C)NC(=O)[C@H](CC3=CN=CC=C3)NC(=O)[C@@]([H])(NC(C)=O)[C@@H](C)CC)[C@@H](C)O[H])C(=O)N3C4CCCCC4C[C@H]3C(=O)N[C@@H](CC3=CN([H])C=N3)C(=O)N[C@@H](CC(O)=O)C(=O)N[C@@H](CCCCCCCC)C(=O)N[C@@H](CC3=CN([H])C4=C3C=CC=C4)C(=O)N[C@@H](CCC(O)=O)C(=O)N[C@@H](CC3=CN([H])C4=C3C=CC=C4)C(=O)N1)=C2)C(=O)N[C@H](CCCN=C(N)N[H])C(N)=O,3,1,,,,,,,,,,,,,,,,,True,False,True,False,105,30
272,[H][C@](NC(C)=O)([C@@H](C)CC)C(=O)N[C@@H](CCC(N)=O)C(=O)N[C@@H](CC(C)(C)C)C(=O)N[C@@H](CCC(O)=O)C(=O)N[C@H]1CCSC\C=C\CSCC[C@H](NC(=O)[C@H](CC2=CNC3=C2C=CC=C3)NC(=O)[C@H](CC(O)=O)NC(=O)[C@H](CC2=CNC3=C2C=CC=C3)NC(=O)[C@H](CCCCCCCC)NC(=O)[C@H](CC(O)=O)NC(=O)[C@H](C)NC(=O)[C@@H]2CC3CCCCC3N2C1=O)C(=O)N[C@@H](CCCCNC(=O)CCOCCOCCOCCOCCOCCOCCOCCOCCOCCOCCOCCOCCOCCOCCOCCOCCOCCOCCOCCOCCOCCC(=O)NCCCC[C@H](NC(=O)[C@@H]1CCSC\C=C\CSCC[C@H](NC(=O)[C@H](CCC(O)=O)NC(=O)[C@H](CC(C)(C)C)NC(=O)[C@H](CCC(N)=O)NC(=O)[C@@]([H])(NC(C)=O)[C@@H](C)CC)C(=O)N2C3CCCCC3C[C@H]2C(=O)N[C@@H](C)C(=O)N[C@@H](CC(O)=O)C(=O)N[C@@H](CCCCCCCC)C(=O)N[C@@H](CC2=CNC3=C2C=CC=C3)C(=O)N[C@@H](CC(O)=O)C(=O)N[C@@H](CC2=CNC3=C2C=CC=C3)C(=O)N1)C(=O)N[C@H](CCCNC(N)=N)C(N)=O)C(=O)N[C@H](CCCNC(N)=N)C(N)=O,4,1,,,,,,,,,,,,,,,,,False,True,True,False,150,30
155,[H]CC(=O)N[C@@H]([C@@H](C)CC)C(=O)N[C@@H](CC1=CN=CN1)C(=O)N[C@@H](CC(C)(C)C)C(=O)N[C@@H]([C@@H](C)O)C(=O)N[C@@H]([C@@H](C)CC)C(=O)N1CC([H])C[C@H]1C(=O)N[C@H]1CSCC(=O)NCCCC[C@@H]2NC(=O)[C@H](CC3=CNC4=CC=CC=C34)NC(=O)[C@H](CCC\C=C/CCC[C@H](NC(=O)[C@H](CC3=CNC4=CC=CC=C34)NC2=O)C(=O)N[C@@H](CCCCNC(=O)CCOCCOCCOCCOCCOCCOCCOCCOCCOCCOCCOCCOCCOCCOCCOCCOCCOCCOCCOCCOCCOCCC(=O)NCCCC[C@H](NC(=O)[C@@H]2CCC\C=C/CCC[C@@H]3NC(=O)[C@H](CC(O)=O)NC(=O)[C@H](CSCC(=O)NCCCC[C@H](NC(=O)[C@H](CC4=CNC5=CC=CC=C45)NC3=O)C(=O)N[C@@H](CC3=CNC4=CC=CC=C34)C(=O)N2)NC(=O)[C@@H]2CC([H])CN2C(=O)[C@@H](NC(=O)[C@@H](NC(=O)[C@H](CC(C)(C)C)NC(=O)[C@H](CC2=CN=CN2)NC(=O)[C@@H](NC(=O)C[H])[C@@H](C)CC)[C@@H](C)O)[C@@H](C)CC)C(=O)N[C@H](CCCNC(N)=N)C(N)=O)C(=O)N[C@H](CCCNC(N)=N)C(N)=O)NC(=O)[C@H](CC(O)=O)NC1=O,4,2,,,,,,,,,,,,,,,,,False,True,True,False,150,75
168,[H]C[C@@H]1NC(=O)[C@@H]2CC([H])CN2C(=O)[C@H](CCCSSCCC[C@H](NC(=O)[C@H](CC2=CNC3=CC=CC=C23)NC(=O)[C@H](CC(O)=O)NC(=O)[C@H](CC2=CNC3=CC=CC=C23)NC(=O)[C@H](CCCCCCCC)NC(=O)[C@H](CC(C(O)=O)C(O)=O)NC1=O)C(=O)N[C@@H](CCCCNC(=O)CCOCCOCCOCCOCCOCCOCCOCCOCCOCCOCCOCCOCCOCCOCCOCCOCCOCCOCCOCCOCCOCCC(=O)NCCCC[C@H](NC(=O)[C@@H]1CCCSSCCC[C@H](NC(=O)[C@@H](NC(=O)[C@H](CCCCCCCC)NC(=O)[C@H](CC2=CN=CN2)NC(=O)[C@@H](NC(=O)C[H])[C@@H](C)CC)[C@@H](C)O)C(=O)N2CC([H])C[C@H]2C(=O)N[C@@H](C[H])C(=O)N[C@@H](CC(C(O)=O)C(O)=O)C(=O)N[C@@H](CCCCCCCC)C(=O)N[C@@H](CC2=CNC3=CC=CC=C23)C(=O)N[C@@H](CC(O)=O)C(=O)N[C@@H](CC2=CNC3=CC=CC=C23)C(=O)N1)C(=O)N[C@H](CCCNC(N)=N)C(N)=O)C(=O)N[C@H](CCCNC(N)=N)C(N)=O)NC(=O)[C@@H](NC(=O)[C@H](CCCCCCCC)NC(=O)[C@H](CC1=CN=CN1)NC(=O)[C@@H](NC(=O)C[H])[C@@H](C)CC)[C@@H](C)O,4,2,,,,,,,,,,,,,,,,,False,True,True,True,150,75
643,[H]C[C@@H]1NC(=O)[C@@H]2C[C@]3([H])CCCC[C@]3([H])N2C(=O)[C@H](CCSCCCSCC[C@H](NC(=O)[C@H](CC2=CNC3=CC=CC=C23)NC(=O)[C@H](CC(O)=O)NC(=O)[C@H](CC2=CNC3=CC=CC=C23)NC(=O)[C@H](CCCCCCCC)NC(=O)[C@H](CC(O)=O)NC1=O)C(=O)N[C@@H](CCCCNC(=O)CCOCCOCCOCCOCCOCCOCCOCCOCCOCCOCCOCCOCCOCCOCCOCCOCCOCCOCCOCCOCCOCCC(=O)NCCCC[C@H](NC(=O)[C@@H]1CCSCCCSCC[C@H](NC(=O)[C@H](CCC(O)=O)NC(=O)[C@@H](NC(=O)[C@H](CCCC[N+](C)(C)C)NC(=O)[C@@H](NC(=O)[C@@H](CCC(O)=O)NC(=O)CC(C)C)[C@@H](C)CC)C(C)(C)C)C(=O)N2[C@@H](C[C@]3([H])CCCC[C@]23[H])C(=O)N[C@@H](C[H])C(=O)N[C@@H](CC(O)=O)C(=O)N[C@@H](CCCCCCCC)C(=O)N[C@@H](CC2=CNC3=CC=CC=C23)C(=O)N[C@@H](CC(O)=O)C(=O)N[C@@H](CC2=CNC3=CC=CC=C23)C(=O)N1)C(=O)N[C@H](CCCNC(N)=N)C(N)=O)C(=O)N[C@H](CCCNC(N)=N)C(N)=O)NC(=O)[C@H](CCC(O)=O)NC(=O)[C@@H](NC(=O)[C@H](CCCC[N+](C)(C)C)NC(=O)[C@@H](NC(=O)[C@@H](CCC(O)=O)NC(=O)CC(C)C)[C@@H](C)CC)C(C)(C)C,4,4,,,,,,,,,,,,,,,,,False,True,True,False,150,150
692,[H]C[C@@H]1NC(=O)[C@@H]2C[C@]3([H])CCCC[C@]3([H])N2C(=O)[C@H](CCSCCCSCC[C@H](NC(=O)[C@H](CC2=CNC3=CC=CC=C23)NC(=O)[C@H](CCC(O)=O)NC(=O)[C@H](CC2=CNC3=CC=CC=C23)NC(=O)[C@H](CCCCCCCCCC)NC(=O)[C@H](CC(O)=O)NC1=O)C(=O)N[C@@H](CC(N)=O)C(=O)N[C@H](CCCNC(N)=N)C(N)=O)NC(=O)[C@@H](NC(=O)[C@@H](NC(=O)[C@H](CC1=CN=CN1)NC(=O)[C@@H](NC(=O)[C@H](CCC(O)=O)NC(=O)CC(C)C)[C@@H](C)CC)C(C)(C)C)[C@@H](C)O,4,4,,,,,,,,,,,,,,,,,True,False,True,False,150,150
561,[H]C[C@@H]1NC(=O)[C@@H]2C[C@]3([H])CCCC[C@]3([H])N2C(=O)[C@H](CCSCCCSCC[C@H](NC(=O)[C@H](CC2=CNC3=CC=CC=C23)NC(=O)[C@H](CC(O)=O)NC(=O)[C@H](CC2=CC=CC3=CC=CC=C23)NC(=O)[C@H](CCCCCCCC)NC(=O)[C@H](CC(O)=O)NC1=O)C(=O)N[C@@H](CCCCNC(=O)CCOCCOCCOCCOCCOCCOCCOCCOCCOCCOCCOCCOCCOCCOCCOCCOCCOCCOCCOCCOCCOCCC(=O)NCCCC[C@H](NC(=O)[C@@H]1CCSCCCSCC[C@H](NC(=O)[C@H](CCC(O)=O)NC(=O)[C@@H](NC(=O)[C@H](CCCC[N+](C)(C)C)NC(=O)[C@@H](NC(=O)C[H])[C@@H](C)CC)C(C)C)C(=O)N2[C@@H](C[C@]3([H])CCCC[C@]23[H])C(=O)N[C@@H](C[H])C(=O)N[C@@H](CC(O)=O)C(=O)N[C@@H](CCCCCCCC)C(=O)N[C@@H](CC2=CC=CC3=CC=CC=C23)C(=O)N[C@@H](CC(O)=O)C(=O)N[C@@H](CC2=CNC3=CC=CC=C23)C(=O)N1)C(=O)N[C@H](CCCNC(N)=N)C(N)=O)C(=O)N[C@H](CCCNC(N)=N)C(N)=O)NC(=O)[C@H](CCC(O)=O)NC(=O)[C@@H](NC(=O)[C@H](CCCC[N+](C)(C)C)NC(=O)[C@@H](NC(=O)C[H])[C@@H](C)CC)C(C)C,4,4,,,,,,,,,,,,,,,,,False,True,True,False,150,150
16,[H]C[C@H](NC(=O)[C@@H]1CC([H])CN1C(=O)[C@@H](NC(=O)[C@@H](NC(=O)[C@@H](NC(=O)[C@H](CCCCNC(=O)COCCOCCNC(=O)COCCOCCNC(=O)CC[C@H](NC(=O)CCCCCCCCCCC)C(O)=O)NC(=O)[C@@H](NC(=O)C[H])[C@@H](C)CC)C(C)C)[C@@H](C)O)[C@@H](C)CC)C(=O)N[C@@H](CC(O)=O)C(=O)N[C@@H](CC(C)C)C(=O)N[C@@H](CC1=CNC2=CC=CC=C12)C(=O)N[C@@H](CC(O)=O)C(=O)N[C@@H](CC1=CNC2=CC=CC=C12)C(=O)N[C@@H]([C@@H](C)CC)C(=O)N[C@@H](CCCCN[H])C(=O)N[C@H](CCCNC(N)=N)C(N)=O,1,1,,,,,,,,,,,,,,,,,True,False,True,False,30,30
404,[H]C[C@@H]1NC(=O)[C@@H]2C[C@]3([H])CCCC[C@]3([H])N2C(=O)[C@H](CCCCNC(=O)CSC[C@H](NC(=O)[C@H](CC2=CNC3=CC=CC=C23)NC(=O)[C@H](CC(O)=O)NC(=O)[C@H](CC2=CNC3=CC=CC=C23)NC(=O)[C@H](CCCCCCCC)NC(=O)[C@H](CC(O)=O)NC1=O)C(=O)N[C@@H](CCCCNC(=O)CCOCCOCCOCCOCCOCCOCCOCCOCCOCCOCCOCCOCCOCCOCCOCCOCCOCCOCCOCCOCCOCCC(=O)NCCCC[C@H](NC(=O)[C@@H]1CSCC(=O)NCCCC[C@H](NC(=O)[C@@H](NC(=O)[C@H](CC(C)(C)C)NC(=O)[C@H](CC2=CN=CN2)NC(=O)[C@@H](NC(=O)C[H])[C@@H](C)CC)[C@@H](C)OC)C(=O)N2[C@@H](C[C@]3([H])CCCC[C@]23[H])C(=O)N[C@@H](C[H])C(=O)N[C@@H](CC(O)=O)C(=O)N[C@@H](CCCCCCCC)C(=O)N[C@@H](CC2=CNC3=CC=CC=C23)C(=O)N[C@@H](CC(O)=O)C(=O)N[C@@H](CC2=CNC3=CC=CC=C23)C(=O)N1)C(=O)N[C@H](CCCNC(N)=N)C(N)=O)C(=O)N[C@H](CCCNC(N)=N)C(N)=O)NC(=O)[C@@H](NC(=O)[C@H](CC(C)(C)C)NC(=O)[C@H](CC1=CN=CN1)NC(=O)[C@@H](NC(=O)C[H])[C@@H](C)CC)[C@@H](C)OC,1,4,,,,,,,,,,,,,,,,,False,True,True,False,30,150
686,[H]C[C@@H]1NC(=O)[C@@H]2C[C@]3([H])CCCC[C@]3([H])N2C(=O)[C@H](CCSCCCSCC[C@H](NC(=O)[C@H](CC2=CNC3=CC=CC=C23)NC(=O)[C@H](CCC(O)=O)NC(=O)[C@H](CC2=CNC3=CC=CC=C23)NC(=O)[C@H](CCCCCCCC)NC(=O)[C@H](CC(O)=O)NC1=O)C(=O)N[C@@H](CC(N)=O)C(=O)N[C@H](CCCNC(N)=N)C(N)=O)NC(=O)[C@@H](NC(=O)[C@@H](NC(=O)[C@H](CC1=CN=CN1)NC(=O)[C@@H](NC(=O)[C@H](CCC(O)=O)NC(=O)CC(C)C)C(C)C)C(C)(C)C)[C@@H](C)O,4,1,,,,,,,,,,,,,,,,,True,False,True,False,150,30
91,[H]C[C@@H]1NC(=O)[C@@H]2CC([H])CN2C(=O)[C@H](CCCCCCCC[C@H](NC(=O)[C@H](CC2=CNC3=CC=CC=C23)NC(=O)[C@H](CC(O)=O)NC(=O)[C@H](CC2=CNC3=CC=CC=C23)NC(=O)[C@H](CCCCCCCC)NC(=O)[C@H](CC(O)=O)NC1=O)C(=O)N[C@@H](CCCCN[H])C(=O)N[C@H](CCCNC(N)=N)C(N)=O)NC(=O)[C@@H](NC(=O)[C@H](CC(C)(C)C)NC(=O)[C@@H](NC(=O)[C@@H](NC(=O)C[H])[C@@H](C)CC)[C@@H](C)O)[C@@H](C)O,1,1,,,,,,,,,,,,,,,,,True,False,True,False,30,30
449,[H]C[C@@H]1NC(=O)[C@@H]2C[C@]3([H])CCCC[C@]3([H])N2C(=O)[C@H](CCSCCCSCC[C@H](NC(=O)[C@H](CC2=CNC3=CC=CC=C23)NC(=O)[C@H](CC(O)=O)NC(=O)[C@H](CC2=CNC3=CC=CC=C23)NC(=O)[C@H](CCCCCCCC)NC(=O)[C@H](CC(O)=O)NC1=O)C(=O)N[C@@H](CC(N)=O)C(=O)N[C@H](CCCNC(N)=N)C(N)=O)NC(=O)[C@@H](NC(=O)[C@@H](NC(=O)[C@H](CC1=CN=CN1)NC(=O)[C@@H](NC(=O)[C@H](CCC(O)=O)NC(=O)[C@@H](NC(=O)C[H])C(C)(C)C)[C@@H](C)CC)C(C)(C)C)[C@@H](C)O,3,1,,,,,,,,,,,,,,,,,True,False,True,False,105,30
339,[H][C@](NC(=O)[C@H](CC(C)(C)C)NC(=O)[C@H](CCCNC(C)=O)NC(=O)[C@@]([H])(NC(C)=O)[C@@H](C)CC)([C@@H](C)O)C(=O)N[C@H]1CCSCCCSCC[C@H](NC(=O)[C@H](CC2=CNC3=C2C=CC=C3)NC(=O)[C@H](CC(O)=O)NC(=O)[C@H](CC2=CNC3=C2C=CC=C3)NC(=O)[C@H](CCCCCCCC)NC(=O)[C@H](CC(O)=O)NC(=O)[C@H](C)NC(=O)[C@@H]2CC3CCCCC3N2C1=O)C(=O)N[C@@H](CCCCNC(=O)CCOCCOCCOCCOCCOCCOCCOCCOCCOCCOCCOCCOCCOCCOCCOCCOCCOCCOCCOCCOCCOCCC(=O)NCCCC[C@H](NC(=O)[C@@H]1CCSCCCSCC[C@H](NC(=O)[C@@]([H])(NC(=O)[C@H](CC(C)(C)C)NC(=O)[C@H](CCCNC(C)=O)NC(=O)[C@@]([H])(NC(C)=O)[C@@H](C)CC)[C@@H](C)O)C(=O)N2C3CCCCC3C[C@H]2C(=O)N[C@@H](C)C(=O)N[C@@H](CC(O)=O)C(=O)N[C@@H](CCCCCCCC)C(=O)N[C@@H](CC2=CNC3=C2C=CC=C3)C(=O)N[C@@H](CC(O)=O)C(=O)N[C@@H](CC2=CNC3=C2C=CC=C3)C(=O)N1)C(=O)N[C@H](CCCNC(N)=N)C(N)=O)C(=O)N[C@H](CCCNC(N)=N)C(N)=O,4,1,,,,,,,,,,,,,,,,,False,True,True,False,150,30
415,[H]C[C@@H]1NC(=O)[C@@H]2C[C@]3([H])CCCC[C@]3([H])N2C(=O)[C@H](CCSCC(=O)CSCC[C@H](NC(=O)[C@H](CC2=CNC3=CC=CC=C23)NC(=O)[C@H](CC(O)=O)NC(=O)[C@H](CC2=CNC3=CC=CC=C23)NC(=O)[C@H](CCCCCCCC)NC(=O)[C@H](CC(O)=O)NC1=O)C(=O)N[C@@H](CCCCNC(=O)CCOCCOCCOCCOCCOCCOCCOCCOCCOCCOCCOCCOCCOCCOCCOCCOCCOCCOCCOCCOCCOCCC(=O)NCCCC[C@H](NC(=O)[C@@H]1CCSCC(=O)CSCC[C@H](NC(=O)[C@@H](NC(=O)[C@@H](NC(=O)[C@H](CCCC[N+](C)(C)C)NC(=O)[C@@H](NC(=O)C[H])[C@@H](C)CC)C(C)C)[C@@H](C)O)C(=O)N2[C@@H](C[C@]3([H])CCCC[C@]23[H])C(=O)N[C@@H](C[H])C(=O)N[C@@H](CC(O)=O)C(=O)N[C@@H](CCCCCCCC)C(=O)N[C@@H](CC2=CNC3=CC=CC=C23)C(=O)N[C@@H](CC(O)=O)C(=O)N[C@@H](CC2=CNC3=CC=CC=C23)C(=O)N1)C(=O)N[C@H](CCCNC(N)=N)C(N)=O)C(=O)N[C@H](CCCNC(N)=N)C(N)=O)NC(=O)[C@@H](NC(=O)[C@@H](NC(=O)[C@H](CCCC[N+](C)(C)C)NC(=O)[C@@H](NC(=O)C[H])[C@@H](C)CC)C(C)C)[C@@H](C)O,1,4,,,,,,,,,,,,,,,,,False,True,True,False,30,150
639,[H]C[C@@H]1NC(=O)[C@@H]2C[C@]3([H])CCCC[C@]3([H])N2C(=O)[C@H](CCSCCCSCC[C@H](NC(=O)[C@H](CC2=CNC3=CC=CC=C23)NC(=O)[C@H](CCC(O)=O)NC(=O)[C@H](CC2=CC=CC3=CC=CC=C23)NC(=O)[C@H](CCCCCCCC)NC(=O)[C@H](CC(O)=O)NC1=O)C(=O)N[C@@H](CCCCNC(=O)CCOCCOCCOCCOCCOCCOCCOCCOCCOCCOCCOCCOCCOCCOCCOCCOCCOCCOCCOCCOCCOCCC(=O)NCCCC[C@H](NC(=O)[C@@H]1CCSCCCSCC[C@H](NC(=O)[C@H](CCC(O)=O)NC(=O)[C@@H](NC(=O)[C@H](CCCC[N+](C)(C)C)NC(=O)[C@@H](NC(=O)[C@@H](CCC(O)=O)NC(=O)CC(C)C)[C@@H](C)CC)C(C)C)C(=O)N2[C@@H](C[C@]3([H])CCCC[C@]23[H])C(=O)N[C@@H](C[H])C(=O)N[C@@H](CC(O)=O)C(=O)N[C@@H](CCCCCCCC)C(=O)N[C@@H](CC2=CC=CC3=CC=CC=C23)C(=O)N[C@@H](CCC(O)=O)C(=O)N[C@@H](CC2=CNC3=CC=CC=C23)C(=O)N1)C(=O)N[C@H](CCCNC(N)=N)C(N)=O)C(=O)N[C@H](CCCNC(N)=N)C(N)=O)NC(=O)[C@H](CCC(O)=O)NC(=O)[C@@H](NC(=O)[C@H](CCCC[N+](C)(C)C)NC(=O)[C@@H](NC(=O)[C@@H](CCC(O)=O)NC(=O)CC(C)C)[C@@H](C)CC)C(C)C,4,4,,,,,,,,,,,,,,,,,False,True,True,False,150,150
677,[H]CC(=O)NCCCC[C@@H]1NC(=O)[C@@H]2CC3CCCCC3N2C(=O)[C@H](CCSCCCSCC[C@H](NC(=O)[C@H](CC2=CN([H])C3=C2C=CC=C3)NC(=O)[C@H](CCC(O)=O)NC(=O)[C@H](CC2=CN([H])C3=C2C=CC=C3)NC(=O)[C@H](CCCCCCCC)NC(=O)[C@H](CC(O)=O)NC1=O)C(=O)N[C@@H](CC(=O)N[H])C(=O)N[C@H](CCCN=C(N)N[H])C(=O)N[C@H](CCC(O)=O)C(N)=O)NC(=O)[C@@]([H])(NC(=O)[C@H](CC(C)(C)C)NC(=O)[C@H](CC1=CN([H])C=N1)NC(=O)[C@@]([H])(NC(=O)[C@H](CC1=CN([H])C=N1)NC(=O)CC(C)C)[C@@H](C)CC)[C@@H](C)O[H],4,4,,,,,,,,,,,,,,,,,True,False,True,False,150,150
556,[H]C[C@@H]1NC(=O)[C@@H]2C[C@]3([H])CCCC[C@]3([H])N2C(=O)[C@H](CCCSSCCC[C@H](NC(=O)[C@H](CC2=CNC3=CC=CC=C23)NC(=O)[C@H](CC(O)=O)NC(=O)[C@H](CC2=CNC3=CC=CC=C23)NC(=O)[C@H](CCCCCCCC)NC(=O)[C@H](CC(O)=O)NC1=O)C(=O)N[C@@H](CCCCNC(=O)CCOCCOCCOCCOCCOCCOCCOCCOCCOCCOCCOCCOCCOCCOCCOCCOCCOCCOCCOCCOCCOCCC(=O)NCCCC[C@H](NC(=O)[C@@H]1CCCSSCCC[C@H](NC(=O)[C@@H](NC(=O)[C@@H](NC(=O)[C@H](CCC(=O)N(C)C)NC(=O)[C@@H](NC(=O)C[H])[C@@H](C)CC)C(C)C)[C@@H](C)O)C(=O)N2[C@@H](C[C@]3([H])CCCC[C@]23[H])C(=O)N[C@@H](C[H])C(=O)N[C@@H](CC(O)=O)C(=O)N[C@@H](CCCCCCCC)C(=O)N[C@@H](CC2=CNC3=CC=CC=C23)C(=O)N[C@@H](CC(O)=O)C(=O)N[C@@H](CC2=CNC3=CC=CC=C23)C(=O)N1)C(=O)N[C@H](CCCNC(N)=N)C(N)=O)C(=O)N[C@H](CCCNC(N)=N)C(N)=O)NC(=O)[C@@H](NC(=O)[C@@H](NC(=O)[C@H](CCC(=O)N(C)C)NC(=O)[C@@H](NC(=O)C[H])[C@@H](C)CC)C(C)C)[C@@H](C)O,1,1,,,,,,,,,,,,,,,,,False,True,True,True,30,30
447,[H]C[C@@H]1NC(=O)[C@@H]2C[C@]3([H])CCCC[C@]3([H])N2C(=O)[C@H](CCSCCCSCC[C@H](NC(=O)[C@H](CC2=CNC3=CC=CC=C23)NC(=O)[C@H](CC(O)=O)NC(=O)[C@H](CC2=CNC3=CC=CC=C23)NC(=O)[C@H](CCCCCCCC)NC(=O)[C@H](CC(O)=O)NC1=O)C(=O)N[C@@H](CC(N)=O)C(=O)N[C@H](CCCNC(N)=N)C(N)=O)NC(=O)[C@@H](NC(=O)[C@@H](NC(=O)[C@H](CC1=CN=CN1)NC(=O)[C@@H](NC(=O)[C@H](CCCC[N+](C)(C)C)NC(=O)C[H])[C@@H](C)CC)C(C)(C)C)[C@@H](C)O,1,2,,,,,,,,,,,,,,,,,True,False,True,False,30,75
379,[H]C[C@@H]1NC(=O)[C@@H]2C[C@]3([H])CCCC[C@]3([H])N2C(=O)[C@H](CCSC\C=C\CSCC[C@H](NC(=O)[C@H](CC2=CNC3=CC=CC=C23)NC(=O)[C@H](CC(O)=O)NC(=O)[C@H](CC2=CNC3=CC=CC=C23)NC(=O)[C@H](CCCCCCCC)NC(=O)[C@H](CC(O)=O)NC1=O)C(=O)N[C@@H](CC(N)=O)C(=O)N[C@H](CCCNC(N)=N)C(N)=O)NC(=O)[C@@H](NC(=O)[C@@H](NC(=O)[C@H](CC1=CN=CN1)NC(=O)[C@@H](NC(=O)[C@H](CCC(O)=O)NC(=O)C[H])[C@@H](C)CC)C(C)(C)C)[C@@H](C)O,3,1,,,,,,,,,,,,,,,,,True,False,True,False,105,30
293,[H]C[C@@H]1NC(=O)[C@@H]2C[C@]3([H])CCCC[C@]3([H])N2C(=O)[C@H](CCCSSCCC[C@H](NC(=O)[C@H](CC2=CNC3=CC=CC=C23)NC(=O)[C@H](CC(O)=O)NC(=O)[C@H](CC2=CNC3=CC=CC=C23)NC(=O)[C@H](CCCCCCCC)NC(=O)[C@H](CC(C(O)=O)C(O)=O)NC1=O)C(=O)N[C@@H](CC(N)=O)C(=O)N[C@H](CCCNC(N)=N)C(N)=O)NC(=O)[C@@H](NC(=O)[C@H](CCCCCCCC)NC(=O)[C@H](CC1=CN=CN1)NC(=O)[C@@H](NC(=O)C[H])[C@@H](C)CC)[C@@H](C)O,4,1,,,,,,,,,,,,,,,,,True,False,True,True,150,30
359,[H]C[C@@H]1NC(=O)[C@@H]2C[C@]3([H])CCCC[C@]3([H])N2C(=O)[C@H](CCCCNC(=O)CSC[C@H](NC(=O)[C@H](CC2=CNC3=CC=CC=C23)NC(=O)[C@H](CC(O)=O)NC(=O)[C@H](CC2=CNC3=CC=CC=C23)NC(=O)[C@H](CCCCCCCC)NC(=O)[C@H](CC(O)=O)NC1=O)C(=O)N[C@@H](CCCCNC(=O)CCOCCOCCOCCOCCOCCOCCOCCOCCOCCOCCOCCOCCOCCOCCOCCOCCOCCOCCOCCOCCOCCC(=O)NCCCC[C@H](NC(=O)[C@@H]1CSCC(=O)NCCCC[C@H](NC(=O)[C@@H](NC(=O)[C@H](CC(C)(C)C)NC(=O)[C@H](CCC(N)=O)NC(=O)[C@@H](NC(=O)C[H])[C@@H](C)CC)[C@@H](C)O)C(=O)N2[C@@H](C[C@]3([H])CCCC[C@]23[H])C(=O)N[C@@H](C[H])C(=O)N[C@@H](CC(O)=O)C(=O)N[C@@H](CCCCCCCC)C(=O)N[C@@H](CC2=CNC3=CC=CC=C23)C(=O)N[C@@H](CC(O)=O)C(=O)N[C@@H](CC2=CNC3=CC=CC=C23)C(=O)N1)C(=O)N[C@H](CCCNC(N)=N)C(N)=O)C(=O)N[C@H](CCCNC(N)=N)C(N)=O)NC(=O)[C@@H](NC(=O)[C@H](CC(C)(C)C)NC(=O)[C@H](CCC(N)=O)NC(=O)[C@@H](NC(=O)C[H])[C@@H](C)CC)[C@@H](C)O,1,1,,,,,,,,,,,,,,,,,False,True,True,False,30,30
596,[H]C[C@@H]1NC(=O)[C@@H]2C[C@]3([H])CCCC[C@]3([H])N2C(=O)[C@H](CCSCCCSCC[C@H](NC(=O)[C@H](CC2=CNC3=CC=CC=C23)NC(=O)[C@H](CCC(O)=O)NC(=O)[C@H](CC2=CNC3=CC=CC=C23)NC(=O)[C@H](CCCCCCCC)NC(=O)[C@H](CC(O)=O)NC1=O)C(=O)N[C@@H](CC(N)=O)C(=O)N[C@H](CCCNC(N)=N)C(N)=O)NC(=O)[C@@H](NC(=O)[C@H](CC(C)(C)C)NC(=O)[C@H](CC1=CN=CN1)NC(=O)[C@@H](NC(=O)[C@H](CCC(=O)OC)NC(=O)C[H])[C@@H](C)CC)[C@@H](C)O,3,4,,,,,,,,,,,,,,,,,True,False,True,False,105,150
457,[H]C[C@@H]1NC(=O)[C@@H]2C[C@]3([H])CCCC[C@]3([H])N2C(=O)[C@H](CSCCCCCSC[C@H](NC(=O)[C@H](CC2=CNC3=CC=CC=C23)NC(=O)[C@H](CC(O)=O)NC(=O)[C@H](CC2=CNC3=CC=CC=C23)NC(=O)[C@H](CCCCCCCC)NC(=O)[C@H](CC(O)=O)NC1=O)C(=O)N[C@@H](CC(N)=O)C(=O)N[C@H](CCCNC(N)=N)C(N)=O)NC(=O)[C@H](CCC(O)=O)NC(=O)[C@@H](NC(=O)[C@H](CCCC[N+](C)(C)C)NC(=O)[C@@H](NC(=O)[C@@H](NC(=O)C[H])C(C)(C)C)[C@@H](C)CC)C(C)(C)C,2,4,,,,,,,,,,,,,,,,,True,False,True,False,75,150
385,[H]C[C@@H]1NC(=O)[C@@H]2C[C@]3([H])CCCC[C@]3([H])N2C(=O)[C@H](CCCSSCCC[C@H](NC(=O)[C@H](CC2=CNC3=CC=CC=C23)NC(=O)[C@H](CC(O)=O)NC(=O)[C@H](CC2=CNC3=CC=CC=C23)NC(=O)[C@H](CCCCCCCC)NC(=O)[C@H](CC(C(O)=O)C(O)=O)NC1=O)C(=O)N[C@@H](CC(N)=O)C(=O)N[C@H](CCCNC(N)=N)C(N)=O)NC(=O)[C@@H](NC(=O)[C@H](CC(C)(C)C)NC(=O)[C@H](CC1=CN=CN1)NC(=O)[C@@H](NC(=O)[C@@H](NC(=O)C[H])C(C)(C)C)[C@@H](C)CC)[C@@H](C)O,4,2,,,,,,,,,,,,,,,,,True,False,True,True,150,75
2,[H]N([C@@H](CCCCN(C)C)C(N)=O)C(=O)[C@H](CCCCN)NC(=O)[C@@H](NC(=O)[C@H](CC1=CNC2=CC=CC=C12)NC(=O)[C@H](CC(O)=O)NC(=O)[C@H](CC1=CNC2=CC=CC=C12)NC(=O)[C@H](CC(C)C)NC(=O)[C@H](CC(O)=O)NC(=O)[C@H](C)NC(=O)[C@@H]1CCCN1C(=O)[C@@H](NC(=O)[C@@H](NC(=O)[C@@H](NC(=O)[C@@H](NC(=O)[C@@H](NC(C)=O)[C@@H](C)CC)[C@@H](C)O)C(C)C)[C@@H](C)O)[C@@H](C)CC)[C@@H](C)CC,1,1,,,,,,,,,,,,,,,,,True,False,True,False,30,30
489,[H]CC(=O)NCCCC[C@H](NC(=O)[C@]1(C)CCC\C=C/CCC[C@H](NC(=O)[C@@]([H])(NC(=O)[C@H](CC(C)(C)C)NC(=O)[C@H](CC2=CN([H])C=N2)NC(=O)[C@@]([H])(NC(=O)CN(C)C(=O)C[H])[C@@H](C)CC)[C@@H](C)O[H])C(=O)N2[C@@H](C[C@]3([H])CCCC[C@]23[H])C(=O)N[C@@H](C)C(=O)N[C@@H](CC(O)=O)C(=O)N[C@@H](CCCCCCCC)C(=O)N[C@@H](CC2=CN([H])C3=C2C=CC=C3)C(=O)N[C@@H](CC(O)=O)C(=O)N[C@@H](CC2=CN([H])C3=C2C=CC=C3)C(=O)N1)C(=O)N[C@H](CCCNC(N)=N)C(N)=O,4,4,,,,,,,,,,,,,,,,,True,False,True,False,150,150
302,[H]NC(N)=NCCC[C@@H](NC(=O)[C@H](CCCCNC(=O)CCOCCOCCOCCOCCOCCOCCOCCOCCOCCOCCOCCOCCOCCOCCOCCOCCOCCOCCOCCOCCOCCC(=O)NCCCC[C@H](NC(=O)[C@@H]1CSCC(=O)NCCCC[C@H](NC(=O)[C@@]([H])(NC(=O)[C@H](CC(C)(C)C)NC(=O)[C@H](CC2=CN([H])C=N2)NC(=O)[C@@]([H])(NC(C)=O)[C@@H](C)CC)[C@@H](C)O[H])C(=O)N2C3CCCCC3C[C@H]2C(=O)N[C@@H](C)C(=O)N[C@@H](CC(O)=O)C(=O)N[C@@H](CCCCCCCC)C(=O)N[C@@H](CC2=CN([H])C3=C2C=CC=C3)C(=O)N[C@@H](CC(O)=O)C(=O)N[C@@H](CC2=CNC3=CC(C)=CC=C23)C(=O)N1)C(=O)N[C@H](CCCN=C(N)N[H])C(N)=O)NC(=O)[C@@H]1CSCC(=O)NCCCC[C@H](NC(=O)[C@@]([H])(NC(=O)[C@H](CC(C)(C)C)NC(=O)[C@H](CC2=CN([H])C=N2)NC(=O)[C@@]([H])(NC(C)=O)[C@@H](C)CC)[C@@H](C)O[H])C(=O)N2C3CCCCC3C[C@H]2C(=O)N[C@@H](C)C(=O)N[C@@H](CC(O)=O)C(=O)N[C@@H](CCCCCCCC)C(=O)N[C@@H](CC2=CN([H])C3=C2C=CC=C3)C(=O)N[C@@H](CC(O)=O)C(=O)N[C@@H](CC2=CNC3=CC(C)=CC=C23)C(=O)N1)C(N)=O,1,4,,,,,,,,,,,,,,,,,False,True,True,False,30,150
141,[H]NC(N)=NCCC[C@@H](NC(=O)[C@H](CCCCNC(=O)CCOCCOCCOCCOCCOCCOCCOCCOCCOCCOCCOCCOCCOCCOCCOCCOCCOCCOCCOCCOCCOCCC(=O)NCCCC[C@H](NC(=O)[C@@H]1CCCSSCCC[C@H](NC(=O)[C@@]([H])(NC(=O)[C@@H](NC(=O)[C@H](CCCCNC(=O)COCCOCCNC(=O)COCCOCCNC(=O)CC[C@H](NC(=O)CCCCCCCCCCC)C(O)=O)NC(=O)[C@@]([H])(NC(C)=O)[C@@H](C)CC)C(C)C)[C@@H](C)O[H])C(=O)N2CCC[C@H]2C(=O)N[C@@H](C)C(=O)N[C@@H](CC(O)=O)C(=O)N[C@@H](CCCCCCCC)C(=O)N[C@@H](CC2=CN([H])C3=C2C=CC=C3)C(=O)N[C@@H](CC(O)=O)C(=O)N[C@@H](CC2=CN([H])C3=C2C=CC=C3)C(=O)N1)C(=O)N[C@H](CCCN=C(N)N[H])C(N)=O)NC(=O)[C@@H]1CCCSSCCC[C@H](NC(=O)[C@@]([H])(NC(=O)[C@@H](NC(=O)[C@H](CCCCNC(=O)COCCOCCNC(=O)COCCOCCNC(=O)CC[C@H](NC(=O)CCCCCCCCCCC)C(O)=O)NC(=O)[C@@]([H])(NC(C)=O)[C@@H](C)CC)C(C)C)[C@@H](C)O[H])C(=O)N2CCC[C@H]2C(=O)N[C@@H](C)C(=O)N[C@@H](CC(O)=O)C(=O)N[C@@H](CCCCCCCC)C(=O)N[C@@H](CC2=CN([H])C3=C2C=CC=C3)C(=O)N[C@@H](CC(O)=O)C(=O)N[C@@H](CC2=CN([H])C3=C2C=CC=C3)C(=O)N1)C(N)=O,4,4,,,,,,,,,,,,,,,,,False,True,True,True,150,150
441,[H]C[C@@H]1NC(=O)[C@@H]2C[C@]3([H])CCCC[C@]3([H])N2C(=O)[C@H](CCSCCCSCC[C@H](NC(=O)[C@H](CC2=CNC3=CC=CC=C23)NC(=O)[C@H](CC(O)=O)NC(=O)[C@H](CC2=CNC3=CC=CC=C23)NC(=O)[C@H](CCCCCCCC)NC(=O)[C@H](CC(O)=O)NC1=O)C(=O)N[C@@H](CC(N)=O)C(=O)N[C@H](CCCNC(N)=N)C(N)=O)NC(=O)[C@@H](NC(=O)[C@@H](NC(=O)[C@H](CC1=CN=CN1)NC(=O)[C@@H](NC(=O)[C@H](CCC(O)=O)NC(=O)C[H])C(C)(C)C)C(C)(C)C)[C@@H](C)O,1,4,,,,,,,,,,,,,,,,,True,False,True,False,30,150
419,[H]C[C@@H]1NC(=O)[C@@H]2C[C@]3([H])CCCC[C@]3([H])N2C(=O)[C@H](CCSCCCSCC[C@H](NC(=O)[C@H](CC2=CNC3=CC=CC=C23)NC(=O)[C@H](CC(O)=O)NC(=O)[C@H](CC2=CNC3=CC=CC=C23)NC(=O)[C@H](CCCCCCCC)NC(=O)[C@H](CC(O)=O)NC1=O)C(=O)N[C@@H](CCCCNC(=O)CCOCCOCCOCCOCCOCCOCCOCCOCCOCCOCCOCCOCCOCCOCCOCCOCCOCCOCCOCCOCCOCCC(=O)NCCCC[C@H](NC(=O)[C@@H]1CCSCCCSCC[C@H](NC(=O)[C@@H](NC(=O)[C@H](CC2CCCC2)NC(=O)[C@H](CCCC[N+](C)(C)C)NC(=O)[C@@H](NC(=O)C[H])[C@@H](C)CC)[C@@H](C)O)C(=O)N2[C@@H](C[C@]3([H])CCCC[C@]23[H])C(=O)N[C@@H](C[H])C(=O)N[C@@H](CC(O)=O)C(=O)N[C@@H](CCCCCCCC)C(=O)N[C@@H](CC2=CNC3=CC=CC=C23)C(=O)N[C@@H](CC(O)=O)C(=O)N[C@@H](CC2=CNC3=CC=CC=C23)C(=O)N1)C(=O)N[C@H](CCCNC(N)=N)C(N)=O)C(=O)N[C@H](CCCNC(N)=N)C(N)=O)NC(=O)[C@@H](NC(=O)[C@H](CC1CCCC1)NC(=O)[C@H](CCCC[N+](C)(C)C)NC(=O)[C@@H](NC(=O)C[H])[C@@H](C)CC)[C@@H](C)O,1,4,,,,,,,,,,,,,,,,,False,True,True,False,30,150
214,[H][C@](NC(=O)[C@@H](NC(=O)[C@H](CCNC(C)=O)NC(=O)[C@@]([H])(NC(C)=O)[C@@H](C)CC)C(C)C)([C@@H](C)O)C(=O)N[C@H]1CCCSSCCC[C@H](NC(=O)[C@H](CC2=CNC3=C2C=CC=C3)NC(=O)[C@H](CC(O)=O)NC(=O)[C@H](CC2=CNC3=C2C=CC=C3)NC(=O)[C@H](CCCCCCCC)NC(=O)[C@H](CC(O)=O)NC(=O)[C@H](C)NC(=O)[C@@H]2CC3CCCCC3N2C1=O)C(=O)N[C@@H](CCCCNC(=O)CCOCCOCCOCCOCCOCCOCCOCCOCCOCCOCCOCCOCCOCCOCCOCCOCCOCCOCCOCCOCCOCCC(=O)NCCCC[C@H](NC(=O)[C@@H]1CCCSSCCC[C@H](NC(=O)[C@@]([H])(NC(=O)[C@@H](NC(=O)[C@H](CCNC(C)=O)NC(=O)[C@@]([H])(NC(C)=O)[C@@H](C)CC)C(C)C)[C@@H](C)O)C(=O)N2C3CCCCC3C[C@H]2C(=O)N[C@@H](C)C(=O)N[C@@H](CC(O)=O)C(=O)N[C@@H](CCCCCCCC)C(=O)N[C@@H](CC2=CNC3=C2C=CC=C3)C(=O)N[C@@H](CC(O)=O)C(=O)N[C@@H](CC2=CNC3=C2C=CC=C3)C(=O)N1)C(=O)N[C@H](CCCNC(N)=N)C(N)=O)C(=O)N[C@H](CCCNC(N)=N)C(N)=O,5,1,,,,,,,,,,,,,,,,,False,True,True,True,5,30
438,[H]C[C@@H]1NC(=O)[C@@H]2C[C@]3([H])CCCC[C@]3([H])N2C(=O)[C@H](CCSCCCSCC[C@H](NC(=O)[C@H](CC2=CNC3=CC=CC=C23)NC(=O)[C@H](CCC(O)=O)NC(=O)[C@H](CC2=CNC3=CC=CC=C23)NC(=O)[C@H](CCCCCCCC)NC(=O)[C@H](CC(O)=O)NC1=O)C(=O)N[C@@H](CCCCNC(=O)CCOCCOCCOCCOCCOCCOCCOCCOCCOCCOCCOCCOCCOCCOCCOCCOCCOCCOCCOCCOCCOCCC(=O)NCCCC[C@H](NC(=O)[C@@H]1CCSCCCSCC[C@H](NC(=O)[C@H](CCC(O)=O)NC(=O)[C@@H](NC(=O)[C@H](CCCC[N+](C)(C)C)NC(=O)[C@@H](NC(=O)C[H])[C@@H](C)CC)C(C)C)C(=O)N2[C@@H](C[C@]3([H])CCCC[C@]23[H])C(=O)N[C@@H](C[H])C(=O)N[C@@H](CC(O)=O)C(=O)N[C@@H](CCCCCCCC)C(=O)N[C@@H](CC2=CNC3=CC=CC=C23)C(=O)N[C@@H](CCC(O)=O)C(=O)N[C@@H](CC2=CNC3=CC=CC=C23)C(=O)N1)C(=O)N[C@H](CCCNC(N)=N)C(N)=O)C(=O)N[C@H](CCCNC(N)=N)C(N)=O)NC(=O)[C@H](CCC(O)=O)NC(=O)[C@@H](NC(=O)[C@H](CCCC[N+](C)(C)C)NC(=O)[C@@H](NC(=O)C[H])[C@@H](C)CC)C(C)C,4,4,,,,,,,,,,,,,,,,,False,True,True,False,150,150
664,[H]N1C=C(C[C@@H]2NC(=O)[C@H](CCCCCCCC)NC(=O)[C@H](CC(O)=O)NC(=O)[C@H](C)NC(=O)[C@@H]3C[C@]4([H])CCCC[C@]4([H])N3C(=O)[C@H](CCSCCCSCC[C@H](NC(=O)[C@H](CC3=CN([H])C4=C3C=CC=C4)NC(=O)[C@H](CC(O)=O)NC2=O)C(=O)N[C@@H](CCCCNC(=O)CCOCCOCCOCCOCCOCCOCCOCCOCCOCCOCCOCCOCCOCCOCCOCCOCCOCCOCCOCCOCCOCCC(=O)NCCCC[C@H](NC(=O)[C@@H]2CCSCCCSCC[C@H](NC(=O)[C@H](CCC(O)=O)NC(=O)[C@@H](NC(=O)[C@H](CCCC[N+](C)(C)C)NC(=O)[C@@]([H])(NC(=O)[C@@H](CCC(O)=O)NC(=O)[C@@H](CC3=CN=CN3)NC(=O)CC(C)C)[C@@H](C)CC)C(C)(C)C)C(=O)N3[C@@H](C[C@]4([H])CCCC[C@]34[H])C(=O)N[C@@H](C)C(=O)N[C@@H](CC(O)=O)C(=O)N[C@@H](CCCCCCCC)C(=O)N[C@@H](CC3=CN([H])C4=C3C=CC=C4)C(=O)N[C@@H](CC(O)=O)C(=O)N[C@@H](CC3=CN([H])C4=C3C=CC=C4)C(=O)N2)C(=O)N[C@H](CCCNC(N)=N)C(N)=O)C(=O)N[C@H](CCCNC(N)=N)C(N)=O)NC(=O)[C@H](CCC(O)=O)NC(=O)[C@@H](NC(=O)[C@H](CCCC[N+](C)(C)C)NC(=O)[C@@]([H])(NC(=O)[C@@H](CCC(O)=O)NC(=O)[C@@H](CC2=CN=CN2)NC(=O)CC(C)C)[C@@H](C)CC)C(C)(C)C)C2=C1C=CC=C2,4,4,,,,,,,,,,,,,,,,,False,True,True,False,150,150
135,[H]NC(N)=NCCC[C@@H](NC(=O)[C@H](CCCCNC(=O)CCOCCOCCOCCOCCOCCOCCOCCOCCOCCOCCOCCOCCOCCOCCOCCCOCCOCCOCCOCCOCOCCC(=O)NCCCC[C@H](NC(=O)[C@@H]1CCCSSCCC[C@H](NC(=O)[C@@]([H])(NC(=O)[C@H](CCC2=CC=CC=C2)NC(=O)[C@H](CC2=CN([H])C=N2)NC(=O)[C@@]([H])(NC(C)=O)[C@@H](C)CC)[C@@H](C)O[H])C(=O)N2CCC[C@H]2C(=O)N[C@@H](C)C(=O)N[C@@H](CC(O)=O)C(=O)N[C@@H](CCCCCCCC)C(=O)N[C@@H](CC2=CN([H])C3=C2C=CC=C3)C(=O)N[C@@H](CC(O)=O)C(=O)N[C@@H](CC2=CN([H])C3=C2C=CC=C3)C(=O)N1)C(=O)N[C@H](CCCN=C(N)N[H])C(N)=O)NC(=O)[C@@H]1CCCSSCCC[C@H](NC(=O)[C@@]([H])(NC(=O)[C@H](CCC2=CC=CC=C2)NC(=O)[C@H](CC2=CN([H])C=N2)NC(=O)[C@@]([H])(NC(C)=O)[C@@H](C)CC)[C@@H](C)O[H])C(=O)N2CCC[C@H]2C(=O)N[C@@H](C)C(=O)N[C@@H](CC(O)=O)C(=O)N[C@@H](CCCCCCCC)C(=O)N[C@@H](CC2=CN([H])C3=C2C=CC=C3)C(=O)N[C@@H](CC(O)=O)C(=O)N[C@@H](CC2=CN([H])C3=C2C=CC=C3)C(=O)N1)C(N)=O,1,1,,,,,,,,,,,,,,,,,False,True,True,True,30,30
208,[H][C@](NC(=O)[C@H](CC1CCC1)NC(=O)[C@H](CC1=CNC=N1)NC(=O)[C@@]([H])(NC(C)=O)[C@@H](C)CC)([C@@H](C)O)C(=O)N[C@H]1CCCSSCCC[C@H](NC(=O)[C@H](CC2=CNC3=C2C=CC=C3)NC(=O)[C@H](CC(O)=O)NC(=O)[C@H](CC2=CNC3=C2C=CC=C3)NC(=O)[C@H](CCCCCCCC)NC(=O)[C@H](CC(O)=O)NC(=O)[C@H](C)NC(=O)[C@@H]2CC3CCCCC3N2C1=O)C(=O)N[C@@H](CCCCNC(=O)CCOCCOCCOCCOCCOCCOCCOCCOCCOCCOCCOCCOCCOCCOCCOCCOCCOCCOCCOCCOCCOCCC(=O)NCCCC[C@H](NC(=O)[C@@H]1CCCSSCCC[C@H](NC(=O)[C@@]([H])(NC(=O)[C@H](CC2CCC2)NC(=O)[C@H](CC2=CNC=N2)NC(=O)[C@@]([H])(NC(C)=O)[C@@H](C)CC)[C@@H](C)O)C(=O)N2C3CCCCC3C[C@H]2C(=O)N[C@@H](C)C(=O)N[C@@H](CC(O)=O)C(=O)N[C@@H](CCCCCCCC)C(=O)N[C@@H](CC2=CNC3=C2C=CC=C3)C(=O)N[C@@H](CC(O)=O)C(=O)N[C@@H](CC2=CNC3=C2C=CC=C3)C(=O)N1)C(=O)N[C@H](CCCNC(N)=N)C(N)=O)C(=O)N[C@H](CCCNC(N)=N)C(N)=O,3,1,,,,,,,,,,,,,,,,,False,True,True,True,105,30
362,[H]C[C@@H]1NC(=O)[C@@H]2C[C@]3([H])CCCC[C@]3([H])N2C(=O)[C@H](CCCCNC(=O)CSC[C@H](NC(=O)[C@H](CC2=CNC3=CC=CC=C23)NC(=O)[C@H](CC(O)=O)NC(=O)[C@H](CC2=CNC3=CC=CC=C23)NC(=O)[C@H](CCCCCCCC)NC(=O)[C@H](CC(O)=O)NC1=O)C(=O)N[C@@H](CCCCNC(=O)CCOCCOCCOCCOCCOCCOCCOCCOCCOCCOCCOCCOCCOCCOCCOCCOCCOCCOCCOCCOCCOCCC(=O)NCCCC[C@H](NC(=O)[C@@H]1CSCC(=O)NCCCC[C@H](NC(=O)[C@H](CCC(O)=O)NC(=O)[C@H](CC(C)(C)C)NC(=O)[C@H](CCC(N)=O)NC(=O)[C@@H](NC(=O)C[H])[C@@H](C)CC)C(=O)N2[C@@H](C[C@]3([H])CCCC[C@]23[H])C(=O)N[C@@H](C[H])C(=O)N[C@@H](CC(O)=O)C(=O)N[C@@H](CCCCCCCC)C(=O)N[C@@H](CC2=CNC3=CC=CC=C23)C(=O)N[C@@H](CC(O)=O)C(=O)N[C@@H](CC2=CNC3=CC=CC=C23)C(=O)N1)C(=O)N[C@H](CCCNC(N)=N)C(N)=O)C(=O)N[C@H](CCCNC(N)=N)C(N)=O)NC(=O)[C@H](CCC(O)=O)NC(=O)[C@H](CC(C)(C)C)NC(=O)[C@H](CCC(N)=O)NC(=O)[C@@H](NC(=O)C[H])[C@@H](C)CC,1,1,,,,,,,,,,,,,,,,,False,True,True,False,30,30
672,[H]C[C@@H]1NC(=O)[C@@H]2C[C@]3([H])CCCC[C@]3([H])N2C(=O)[C@H](CCC\C=C/CCC[C@@H]2NC(=O)[C@H](CC3=CNC4=CC=CC=C34)NC(=O)[C@H](CCC(O)=O)NC(=O)[C@H](CSCC3=C(CSC[C@H](NC2=O)C(=O)N[C@H](CCCNC(N)=N)C(N)=O)C=CC=C3)NC(=O)[C@H](CCCCCCCC)NC(=O)[CH](CC(O)=O)NC1=O)NC(=O)[C@@H](NC(=O)[C@@H](CC(C)(C)C)NC(=O)[C@H](CC1=CN=CN1)NC(=O)[C@@H](NC(=O)[C@H](CC1=CN=CN1)NC(=O)C[H])[C@@H](C)CC)[C@@H](C)O,4,4,,,,,,,,,,,,,,,,,True,False,True,False,150,150
530,[H]CC(=O)N(C)CC(=O)N[C@@]([H])([C@@H](C)CC)C(=O)N[C@@H](CCCC[N+](C)(C)C)C(=O)N[C@@H](C(C)C)C(=O)N[C@@H](CCC(O)=O)C(=O)N[C@H]1CCCCCCCC[C@H](NC(=O)[C@H](CC2=CN([H])C3=C2C=CC=C3)NC(=O)[C@H](CC(O)=O)NC(=O)[C@H](CC2=CN([H])C3=C2C=CC=C3)NC(=O)[C@H](CCCCCCCC)NC(=O)[C@H](CC(O)=O)NC(=O)[C@H](C)NC(=O)[C@@H]2C[C@]3([H])CCCC[C@]3([H])N2C1=O)C(=O)N[C@@H](CCCCNC(=O)CCOCCOCCOCCOCCOCCOCCOCCOCCOCCOCCOCCOCCOCCOCCOCCOCCOCCOCCOCCOCCOCCC(=O)NCCCC[C@H](NC(=O)[C@@H]1CCCCCCCC[C@H](NC(=O)[C@H](CCC(O)=O)NC(=O)[C@@H](NC(=O)[C@H](CCCC[N+](C)(C)C)NC(=O)[C@@]([H])(NC(=O)CN(C)C(=O)C[H])[C@@H](C)CC)C(C)C)C(=O)N2[C@@H](C[C@]3([H])CCCC[C@]23[H])C(=O)N[C@@H](C)C(=O)N[C@@H](CC(O)=O)C(=O)N[C@@H](CCCCCCCC)C(=O)N[C@@H](CC2=CN([H])C3=C2C=CC=C3)C(=O)N[C@@H](CC(O)=O)C(=O)N[C@@H](CC2=CN([H])C3=C2C=CC=C3)C(=O)N1)C(=O)N[C@H](CCCNC(N)=N)C(N)=O)C(=O)N[C@H](CCCNC(N)=N)C(N)=O,4,4,,,,,,,,,,,,,,,,,False,True,True,False,150,150
529,[H]C[C@@H]1NC(=O)[C@@H]2C[C@]3([H])CCCC[C@]3([H])N2C(=O)[C@H](CCSCCCSCC[C@H](NC(=O)[C@H](CC2=CNC3=CC=CC=C23)NC(=O)C(C)(C)NC(=O)[C@H](CC2=CNC3=CC=CC=C23)NC(=O)[C@H](CCCCCCCC)NC(=O)[C@H](CC(O)=O)NC1=O)C(=O)N[C@@H](CCCCNC(=O)CCOCCOCCOCCOCCOCCOCCOCCOCCOCCOCCOCCOCCOCCOCCOCCOCCOCCOCCOCCOCCOCCC(=O)NCCCC[C@H](NC(=O)[C@@H]1CCSCCCSCC[C@H](NC(=O)[C@H](CCC(O)=O)NC(=O)[C@@H](NC(=O)[C@H](CCCC[N+](C)(C)C)NC(=O)[C@@H](NC(=O)C[H])[C@@H](C)CC)C(C)(C)C)C(=O)N2[C@@H](C[C@]3([H])CCCC[C@]23[H])C(=O)N[C@@H](C[H])C(=O)N[C@@H](CC(O)=O)C(=O)N[C@@H](CCCCCCCC)C(=O)N[C@@H](CC2=CNC3=CC=CC=C23)C(=O)NC(C)(C)C(=O)N[C@@H](CC2=CNC3=CC=CC=C23)C(=O)N1)C(=O)N[C@H](CCCNC(N)=N)C(N)=O)C(=O)N[C@H](CCCNC(N)=N)C(N)=O)NC(=O)[C@H](CCC(O)=O)NC(=O)[C@@H](NC(=O)[C@H](CCCC[N+](C)(C)C)NC(=O)[C@@H](NC(=O)C[H])[C@@H](C)CC)C(C)(C)C,4,4,,,,,,,,,,,,,,,,,False,True,True,False,150,150
497,[H]CC(=O)NCCCC[C@@H]1NC(=O)[C@@H]2CC3CCCCC3N2C(=O)[C@H](CCSCCCSCC[C@H](NC(=O)[C@H](CC2=CN([H])C3=C2C=CC=C3)NC(=O)[C@H](CCC(O)=O)NC(=O)[C@H](CC2=CN([H])C3=C2C=CC=C3)NC(=O)[C@H](CCCCCCCC)NC(=O)[C@H](CC(O)=O)NC1=O)C(=O)N[C@@H](CC(=O)N[H])C(=O)N[C@H](CCCN=C(N)N[H])C(N)=O)NC(=O)[C@H](CC(=O)N[H])NC(=O)[C@@H](NC(=O)[C@H](CCCC[N+](C)(C)C)NC(=O)[C@@]([H])(NC(=O)[C@@H](CCC(O)=O)NC(C)=O)[C@@H](C)CC)C(C)(C)C,4,1,,,,,,,,,,,,,,,,,True,False,True,False,150,30
266,[H]NC(N)=NCCC[C@@H](NC(=O)[C@H](CCCCNC(=O)CCOCCOCCOCCOCCOCCOCCOCCOCCOCCOCCOCCOCCOCCOCCOCCOCCOCCOCCOCCOCCOCCC(=O)NCCCC[C@H](NC(=O)[C@@H]1CCCCNC(=O)CCC[C@H](NC(=O)[C@@]([H])(NC(=O)[C@H](CC(C)(C)C)NC(=O)[C@H](CC2=CN([H])C=N2)NC(=O)[C@@]([H])(NC(C)=O)[C@@H](C)CC)[C@@H](C)O[H])C(=O)N2C3CCCCC3C[C@H]2C(=O)N[C@@H](C)C(=O)N[C@@H](CC(O)=O)C(=O)N[C@@H](CCCCCCCC)C(=O)N[C@@H](CC2=CN([H])C3=C2C=CC=C3)C(=O)N[C@@H](CC(O)=O)C(=O)N[C@@H](CC2=CN([H])C3=C2C=CC=C3)C(=O)N1)C(=O)N[C@H](CCCN=C(N)N[H])C(N)=O)NC(=O)[C@@H]1CCCCNC(=O)CCC[C@H](NC(=O)[C@@]([H])(NC(=O)[C@H](CC(C)(C)C)NC(=O)[C@H](CC2=CN([H])C=N2)NC(=O)[C@@]([H])(NC(C)=O)[C@@H](C)CC)[C@@H](C)O[H])C(=O)N2C3CCCCC3C[C@H]2C(=O)N[C@@H](C)C(=O)N[C@@H](CC(O)=O)C(=O)N[C@@H](CCCCCCCC)C(=O)N[C@@H](CC2=CN([H])C3=C2C=CC=C3)C(=O)N[C@@H](CC(O)=O)C(=O)N[C@@H](CC2=CN([H])C3=C2C=CC=C3)C(=O)N1)C(N)=O,1,4,,,,,,,,,,,,,,,,,False,True,True,False,30,150
265,[H]CC(=O)NCCCC[C@H](NC(=O)[C@@H]1CCC\C=C/CCC[C@H](NC(=O)[C@@]([H])(NC(=O)[C@H](CC(C)(C)C)NC(=O)[C@H](CC2=CN([H])C=N2)NC(=O)[C@@]([H])(NC(C)=O)[C@@H](C)CC)[C@@H](C)O[H])C(=O)N2C3CCCCC3C[C@H]2C(=O)N[C@@H](C)C(=O)N[C@@H](CC(O)=O)C(=O)N[C@@H](CCCCCCCC)C(=O)N[C@@H](CC2=CN([H])C3=C2C=CC=C3)C(=O)N[C@@H](CC(O)=O)C(=O)N[C@@H](CC2=CN([H])C3=C2C=CC=C3)C(=O)N1)C(=O)N[C@H](CCCN=C(N)N[H])C(N)=O,4,4,,,,,,,,,,,,,,,,,True,False,True,False,150,150
477,[H]C[C@@H]1NC(=O)[C@@H]2C[C@]3([H])CCCC[C@]3([H])N2C(=O)[C@H](CCSCCCSCC[C@H](NC(=O)[C@H](CC2=CNC3=CC=CC=C23)NC(=O)[C@H](CC(O)=O)NC(=O)[C@H](CC2=CNC3=C2C=CC=C3C)NC(=O)[C@H](CCCCCCCC)NC(=O)[C@H](CC(O)=O)NC1=O)C(=O)N[C@@H](CC(N)=O)C(=O)N[C@H](CCCNC(N)=N)C(N)=O)NC(=O)[C@@H](NC(=O)[C@@H](NC(=O)[C@H](CC1=CN=CN1)NC(=O)[C@@H](NC(=O)[C@@H](NC(=O)C[H])C(C)(C)C)[C@@H](C)CC)C(C)(C)C)[C@@H](C)O,4,1,,,,,,,,,,,,,,,,,True,False,True,False,150,30
242,[H]NC(N)=NCCCC(NC(=O)C(CCCCNC(=O)CCOCCOCCOCCOCCOCCOCCOCCOCCOCCOCCOCCOCCOCCOCCOCCOCCOCCOCCOCCOCCOCCC(=O)NCCCCC(NC(=O)C1CCCSSCCCC(NC(=O)C([H])(NC(=O)C(NC(=O)C(CCCCNC(=O)COCCOCCNC(C)=O)NC(=O)C([H])(NC(C)=O)C(C)CC)C(C)C)C(C)O[H])C(=O)N2C3CCCCC3CC2C(=O)NC(C)C(=O)NC(CC(O)=O)C(=O)NC(CCCCCCCC)C(=O)NC(CC2=CN([H])C3=C2C=CC=C3)C(=O)NC(CC(O)=O)C(=O)NC(CC2=CN([H])C3=C2C=CC=C3)C(=O)N1)C(=O)NC(CCCN=C(N)N[H])C(N)=O)NC(=O)C1CCCSSCCCC(NC(=O)C([H])(NC(=O)C(NC(=O)C(CCCCNC(=O)COCCOCCNC(C)=O)NC(=O)C([H])(NC(C)=O)C(C)CC)C(C)C)C(C)O[H])C(=O)N2C3CCCCC3CC2C(=O)NC(C)C(=O)NC(CC(O)=O)C(=O)NC(CCCCCCCC)C(=O)NC(CC2=CN([H])C3=C2C=CC=C3)C(=O)NC(CC(O)=O)C(=O)NC(CC2=CN([H])C3=C2C=CC=C3)C(=O)N1)C(N)=O,4,1,,,,,,,,,,,,,,,,,False,True,True,True,150,30
67,[H][C@](NC(=O)[C@H](CC(C)(C)C)NC(=O)[C@H](CC1=CNC=N1)NC(=O)[C@@]([H])(NC(C)=O)[C@@H](C)CC)([C@@H](C)O)C(=O)N[C@H]1CCCSSCCC[C@H](NC(=O)[C@H](CC2=CNC3=C2C=CC=C3)NC(=O)[C@H](CC(O)=O)NC(=O)[C@H](CC2=CNC3=C2C=CC=C3)NC(=O)[C@H](CCCCCCCC)NC(=O)[C@H](CC(O)=O)NC(=O)[C@H](C)NC(=O)[C@@H]2CCCN2C1=O)C(=O)N[C@@H](CCCCNC(=O)CCOCCOCCOCCOCCOCCOCCOCCOCCOCCOCCOCCOCCOCCOCCOCCOCCOCCOCCOCCOCCOCCC(=O)NCCCC[C@H](NC(=O)[C@@H]1CCCSSCCC[C@H](NC(=O)[C@@]([H])(NC(=O)[C@H](CC(C)(C)C)NC(=O)[C@H](CC2=CNC=N2)NC(=O)[C@@]([H])(NC(C)=O)[C@@H](C)CC)[C@@H](C)O)C(=O)N2CCC[C@H]2C(=O)N[C@@H](C)C(=O)N[C@@H](CC(O)=O)C(=O)N[C@@H](CCCCCCCC)C(=O)N[C@@H](CC2=CNC3=C2C=CC=C3)C(=O)N[C@@H](CC(O)=O)C(=O)N[C@@H](CC2=CNC3=C2C=CC=C3)C(=O)N1)C(=O)N[C@H](CCCNC(N)=N)C(N)=O)C(=O)N[C@H](CCCNC(N)=N)C(N)=O,4,3,,,,,,,,,,,,,,,,,False,True,True,True,150,105
13;14,[H]C[C@H](NC(=O)[C@@H]1CC([H])CN1C(=O)[C@@H](NC(=O)[C@@H](NC(=O)[C@@H](NC(=O)[C@@H](NC(=O)[C@@H](NC(=O)C[H])[C@@H](C)CC)[C@@H](C)O)C(C)C)[C@@H](C)O)[C@@H](C)CC)C(=O)N[C@@H](CC(O)=O)C(=O)N[C@@H](CC(C)C)C(=O)N[C@@H](CC1=CNC2=CC=CC=C12)C(=O)N[C@@H](CC(O)=O)C(=O)N[C@@H](CC1=CNC2=CC=CC=C12)C(=O)N[C@@H]([C@@H](C)CC)C(=O)NCCOCCOCCOCCOCCOCCOCCOCCOCCOCCOCCOCCOCCC(=O)NCCCC[C@H](NC(=O)CCOCCOCCOCCOCCOCCOCCOCCOCCOCCOCCOCCOCCNC(=O)[C@@H](NC(=O)[C@H](CC1=CNC2=CC=CC=C12)NC(=O)[C@H](CC(O)=O)NC(=O)[C@H](CC1=CNC2=CC=CC=C12)NC(=O)[C@H](CC(C)C)NC(=O)[C@H](CC(O)=O)NC(=O)[C@H](C[H])NC(=O)[C@@H]1CC([H])CN1C(=O)[C@@H](NC(=O)[C@@H](NC(=O)[C@@H](NC(=O)[C@@H](NC(=O)[C@@H](NC(=O)C[H])[C@@H](C)CC)[C@@H](C)O)C(C)C)[C@@H](C)O)[C@@H](C)CC)[C@@H](C)CC)C(=O)N[C@@H](CCCCNC(=O)COCCOCCNC(=O)COCCOCCNC(=O)CC[C@H](NC(=O)CCCCCCCCCCCCCCC)C(O)=O)C(N)=O,1,1,,,,,,,,,,,,,,,,,False,True,True,False,30,30
201,[H][C@](NC(=O)[C@H](CC(C)(C)C)NC(=O)[C@H](CC1=CNC=N1)NC(=O)[C@@]([H])(NC(C)=O)[C@@H](C)CC)([C@@H](C)O)C(=O)N[C@H]1CCCSSCCC[C@H](NC(=O)[C@H](CC2=CNC3=C2C=C(Br)C=C3)NC(=O)[C@H](CC(O)=O)NC(=O)[C@H](CC2=CNC3=C2C=CC=C3)NC(=O)[C@H](CCCCCCCC)NC(=O)[C@H](CC(O)=O)NC(=O)[C@H](C)NC(=O)[C@@H]2CCCN2C1=O)C(=O)N[C@@H](CCCCNC(=O)CCOCCOCCOCCOCCOCCOCCOCCOCCOCCOCCOCCOCCOCCOCCOCCOCCOCCOCCOCCOCCOCCC(=O)NCCCC[C@H](NC(=O)[C@@H]1CCCSSCCC[C@H](NC(=O)[C@@]([H])(NC(=O)[C@H](CC(C)(C)C)NC(=O)[C@H](CC2=CNC=N2)NC(=O)[C@@]([H])(NC(C)=O)[C@@H](C)CC)[C@@H](C)O)C(=O)N2CCC[C@H]2C(=O)N[C@@H](C)C(=O)N[C@@H](CC(O)=O)C(=O)N[C@@H](CCCCCCCC)C(=O)N[C@@H](CC2=CNC3=C2C=CC=C3)C(=O)N[C@@H](CC(O)=O)C(=O)N[C@@H](CC2=CNC3=C2C=C(Br)C=C3)C(=O)N1)C(=O)N[C@H](CCCNC(N)=N)C(N)=O)C(=O)N[C@H](CCCNC(N)=N)C(N)=O,4,4,,,,,,,,,,,,,,,,,False,True,True,True,150,150
382,[H]C[C@@H]1NC(=O)[C@@H]2C[C@]3([H])CCCC[C@]3([H])N2C(=O)[C@H](CCCC=CCCC[C@H](NC(=O)[C@H](CC2=CNC3=CC=CC=C23)NC(=O)[C@H](CC(O)=O)NC(=O)[C@H](CC2=CNC3=CC=CC=C23)NC(=O)[C@H](CCCCCCCC)NC(=O)[C@H](CC(O)=O)NC1=O)C(=O)N[C@@H](CCCCNC(=O)CCOCCOCCOCCOCCOCCOCCOCCOCCOCCOCCOCCOCCOCCOCCOCCOCCOCCOCCOCCOCCOCCC(=O)NCCCC[C@H](NC(=O)[C@@H]1CCCC=C\CCC[C@H](NC(=O)[C@H](CCC(O)=O)NC(=O)[C@@H](NC(=O)[C@H](CCC(N)=O)NC(=O)[C@@H](NC(=O)C[H])[C@@H](C)CC)C(C)C)C(=O)N2[C@@H](C[C@]3([H])CCCC[C@]23[H])C(=O)N[C@@H](C[H])C(=O)N[C@@H](CC(O)=O)C(=O)N[C@@H](CCCCCCCC)C(=O)N[C@@H](CC2=CNC3=CC=CC=C23)C(=O)N[C@@H](CC(O)=O)C(=O)N[C@@H](CC2=CNC3=CC=CC=C23)C(=O)N1)C(=O)N[C@H](CCCNC(N)=N)C(N)=O)C(=O)N[C@H](CCCNC(N)=N)C(N)=O)NC(=O)[C@H](CCC(O)=O)NC(=O)[C@@H](NC(=O)[C@H](CCC(N)=O)NC(=O)[C@@H](NC(=O)C[H])[C@@H](C)CC)C(C)C,4,1,,,,,,,,,,,,,,,,,False,True,True,False,150,30
337,[H][C@](NC(=O)[C@@H](NC(=O)[C@H](CC1=CNC=N1)NC(=O)[C@@]([H])(NC(C)=O)[C@@H](C)CC)C(C)(C)C)([C@@H](C)O)C(=O)N[C@H]1CCSCCCCCCSC[C@H](NC(=O)[C@H](CC2=CNC3=C2C=CC=C3)NC(=O)[C@H](CC(O)=O)NC(=O)[C@H](CC2=CNC3=C2C=CC=C3C2=CC=CC=C2)NC(=O)[C@H](CCCCCCCC)NC(=O)[C@H](CC(O)=O)NC(=O)[C@H](C)NC(=O)[C@@H]2CC3CCCCC3N2C1=O)C(=O)N[C@@H](CC(N)=O)C(=O)N[C@H](CCCNC(N)=N)C(N)=O,4,4,,,,,,,,,,,,,,,,,True,False,True,False,150,150
452,[H]C[C@@H]1NC(=O)[C@@H]2C[C@]3([H])CCCC[C@]3([H])N2C(=O)[C@H](CCSCCCSCC[C@H](NC(=O)[C@H](CC2=CNC3=CC=CC=C23)NC(=O)[C@H](CC(O)=O)NC(=O)[C@H](CC2=CNC3=CC=CC=C23)NC(=O)[C@H](CCCCCCCC)NC(=O)[C@H](CC(O)=O)NC1=O)C(=O)N[C@@H](CC(N)=O)C(=O)N[C@H](CCCNC(N)=N)C(N)=O)NC(=O)[C@H](CC(N)=O)NC(=O)[C@@H](NC(=O)[C@H](CC1=CN=CN1)NC(=O)[C@@H](NC(=O)[C@@H](NC(=O)C[H])C(C)(C)C)[C@@H](C)CC)C(C)(C)C,4,4,,,,,,,,,,,,,,,,,True,False,True,False,150,150
252,[H]NC(=O)CC[C@H](NC(=O)[C@H](CC(C)(C)C)NC(=O)[C@H](CC1=CN([H])C=N1)NC(=O)[C@@]([H])(NC(C)=O)[C@@H](C)CC)C(=O)N[C@H]1CCCCNC(=O)CSC[C@H](NC(=O)[C@H](CC2=CN([H])C3=C2C=CC=C3)NC(=O)[C@H](CC(O)=O)NC(=O)[C@H](CC2=CN([H])C3=C2C=CC=C3)NC(=O)[C@H](CCCCCCCC)NC(=O)[C@H](CC(O)=O)NC(=O)[C@H](C)NC(=O)[C@@H]2CC3CCCCC3N2C1=O)C(=O)N[C@@H](CCCCNC(=O)CCOCCOCCOCCOCCOCCOCCOCCOCCOCCOCCOCCOCCOCCOCCOCCOCCOCCOCCOCCOCCOCCC(=O)NCCCC[C@H](NC(=O)[C@@H]1CSCC(=O)NCCCC[C@H](NC(=O)[C@H](CCC(=O)N[H])NC(=O)[C@H](CC(C)(C)C)NC(=O)[C@H](CC2=CN([H])C=N2)NC(=O)[C@@]([H])(NC(C)=O)[C@@H](C)CC)C(=O)N2C3CCCCC3C[C@H]2C(=O)N[C@@H](C)C(=O)N[C@@H](CC(O)=O)C(=O)N[C@@H](CCCCCCCC)C(=O)N[C@@H](CC2=CN([H])C3=C2C=CC=C3)C(=O)N[C@@H](CC(O)=O)C(=O)N[C@@H](CC2=CN([H])C3=C2C=CC=C3)C(=O)N1)C(=O)N[C@H](CCCN=C(N)N[H])C(N)=O)C(=O)N[C@H](CCCN=C(N)N[H])C(N)=O,1,4,,,,,,,,,,,,,,,,,False,True,True,False,30,150
274,[H]NC(N)=NCCC[C@@H](NC(=O)[C@H](CCCCNC(=O)CCOCCOCCOCCOCCOCCOCCOCCOCCOCCOCCOCCOCCOCCOCCOCCOCCOCCOCCOCCOCCOCCC(=O)NCCCC[C@H](NC(=O)[C@@H]1CCCC(=O)NCCCC[C@H](NC(=O)[C@@]([H])(NC(=O)[C@H](CC(C)(C)C)NC(=O)[C@H](CC2=CN([H])C=N2)NC(=O)[C@@]([H])(NC(C)=O)[C@@H](C)CC)[C@@H](C)O[H])C(=O)N2C3CCCCC3C[C@H]2C(=O)N[C@@H](C)C(=O)N[C@@H](CC(O)=O)C(=O)N[C@@H](CCCCCCCC)C(=O)N[C@@H](CC2=CN([H])C3=C2C=CC=C3)C(=O)N[C@@H](CC(O)=O)C(=O)N[C@@H](CC2=CN([H])C3=C2C=CC=C3)C(=O)N1)C(=O)N[C@H](CCCN=C(N)N[H])C(N)=O)NC(=O)[C@@H]1CCCC(=O)NCCCC[C@H](NC(=O)[C@@]([H])(NC(=O)[C@H](CC(C)(C)C)NC(=O)[C@H](CC2=CN([H])C=N2)NC(=O)[C@@]([H])(NC(C)=O)[C@@H](C)CC)[C@@H](C)O[H])C(=O)N2C3CCCCC3C[C@H]2C(=O)N[C@@H](C)C(=O)N[C@@H](CC(O)=O)C(=O)N[C@@H](CCCCCCCC)C(=O)N[C@@H](CC2=CN([H])C3=C2C=CC=C3)C(=O)N[C@@H](CC(O)=O)C(=O)N[C@@H](CC2=CN([H])C3=C2C=CC=C3)C(=O)N1)C(N)=O,1,4,,,,,,,,,,,,,,,,,False,True,True,False,30,150
327,[H]CC(=O)NCCCC[C@H](NC(=O)[C@@H]1CCCCCCCC[C@H](NC(=O)[C@@]([H])(NC(=O)[C@H](CC(C)(C)C)NC(=O)[C@H](CC2=CN([H])C=N2)NC(=O)[C@@]([H])(NC(C)=O)[C@@H](C)CC)[C@@H](C)O[H])C(=O)N2C3CCCCC3C[C@H]2C(=O)N[C@@H](C)C(=O)N[C@@H](CC(O)=O)C(=O)N[C@@H](CCCCCCCC)C(=O)N[C@@H](CC2=CN([H])C3=C2C=CC=C3)C(=O)N[C@@H](CC(O)=O)C(=O)N[C@@H](CC2=CN([H])C3=C2C=CC=C3)C(=O)N1)C(=O)N[C@H](CCCN=C(N)N[H])C(N)=O,4,4,,,,,,,,,,,,,,,,,True,False,True,False,150,150
137,[H]NC(N)=NCCC[C@@H](NC(=O)[C@H](CCCCNC(=O)CCOCCOCCOCCOCCOCCOCCOCCOCCOCCOCCOCCOCCOCCOCCOCCOCCOCCOCCOCCOCCOCCC(=O)NCCCC[C@H](NC(=O)[C@@H]1CCCSSCCC[C@H](NC(=O)[C@@]([H])(NC(=O)[C@H](CC2=CC=C(C=C2)C(C)(C)C)NC(=O)[C@H](CC2=CN([H])C=N2)NC(=O)[C@@]([H])(NC(C)=O)[C@@H](C)CC)[C@@H](C)O[H])C(=O)N2CCC[C@H]2C(=O)N[C@@H](C)C(=O)N[C@@H](CC(O)=O)C(=O)N[C@@H](CCCCCCCC)C(=O)N[C@@H](CC2=CN([H])C3=C2C=CC=C3)C(=O)N[C@@H](CC(O)=O)C(=O)N[C@@H](CC2=CN([H])C3=C2C=CC=C3)C(=O)N1)C(=O)N[C@H](CCCN=C(N)N[H])C(N)=O)NC(=O)[C@@H]1CCCSSCCC[C@H](NC(=O)[C@@]([H])(NC(=O)[C@H](CC2=CC=C(C=C2)C(C)(C)C)NC(=O)[C@H](CC2=CN([H])C=N2)NC(=O)[C@@]([H])(NC(C)=O)[C@@H](C)CC)[C@@H](C)O[H])C(=O)N2CCC[C@H]2C(=O)N[C@@H](C)C(=O)N[C@@H](CC(O)=O)C(=O)N[C@@H](CCCCCCCC)C(=O)N[C@@H](CC2=CN([H])C3=C2C=CC=C3)C(=O)N[C@@H](CC(O)=O)C(=O)N[C@@H](CC2=CN([H])C3=C2C=CC=C3)C(=O)N1)C(N)=O,4,4,,,,,,,,,,,,,,,,,False,True,True,True,150,150
703,[H]C[C@@H]1NC(=O)[C@@H]2C[C@]3([H])CCCC[C@]3([H])N2C(=O)[C@H](CCSCCCSCC[C@H](NC(=O)[C@H](CC2=CNC3=CC=CC=C23)NC(=O)[C@H](CCC(O)=O)NC(=O)[C@H](CC2=CNC3=CC=CC=C23)NC(=O)[C@H](CCCCCCCCCC)NC(=O)[C@H](CC(O)=O)NC1=O)C(=O)N[C@@H](CC(N)=O)C(=O)N[C@H](CCCNC(N)=N)C(N)=O)NC(=O)[C@@H](NC(=O)[C@H](CC(C)(C)C)NC(=O)[C@H](CC1=CN=CN1)NC(=O)[C@@H](NC(=O)[C@H](CCC(O)=O)NC(=O)CC(C)C)[C@@H](C)CC)[C@@H](C)O,4,4,,,,,,,,,,,,,,,,,True,False,True,False,150,150
653,[H]C[C@@H]1NC(=O)[C@@H]2C[C@]3([H])CCCC[C@]3([H])N2C(=O)[C@H](CCCCCCCC[C@](C)(NC(=O)[C@H](CC2=CNC3=CC=CC=C23)NC(=O)[C@H](CCC(O)=O)NC(=O)[C@H](CC2=CNC3=CC=CC=C23)NC(=O)[C@H](CCCCCCCC)NC(=O)[C@H](CC(O)=O)NC1=O)C(=O)N[C@@H](CCCCNC(=O)CCOCCOCCOCCOCCOCCOCCOCCOCCOCCOCCOCCOCCOCCOCCOCCOCCOCCOCCOCCOCCOCCC(=O)NCCCC[C@H](NC(=O)[C@]1(C)CCCCCCCC[C@H](NC(=O)[C@H](CCC(O)=O)NC(=O)[C@@H](NC(=O)[C@H](CCCC[N+](C)(C)C)NC(=O)[C@@H](NC(=O)CCCCC(O)=O)[C@@H](C)CC)C(C)(C)C)C(=O)N2[C@@H](C[C@]3([H])CCCC[C@]23[H])C(=O)N[C@@H](C[H])C(=O)N[C@@H](CC(O)=O)C(=O)N[C@@H](CCCCCCCC)C(=O)N[C@@H](CC2=CNC3=CC=CC=C23)C(=O)N[C@@H](CCC(O)=O)C(=O)N[C@@H](CC2=CNC3=CC=CC=C23)C(=O)N1)C(=O)N[C@H](CCCNC(N)=N)C(N)=O)C(=O)N[C@H](CCCNC(N)=N)C(N)=O)NC(=O)[C@H](CCC(O)=O)NC(=O)[C@@H](NC(=O)[C@H](CCCC[N+](C)(C)C)NC(=O)[C@@H](NC(=O)CCCCC(O)=O)[C@@H](C)CC)C(C)(C)C,4,4,,,,,,,,,,,,,,,,,False,True,True,False,150,150
140,[H]NC(N)=NCCC[C@@H](NC(=O)[C@H](CCCCNC(=O)CCOCCOCCOCCOCCOCCOCCOCCOCCOCCOCCOCCOCCOCCOCCOCCOCCOCCOCCOCCOCCOCCC(=O)NCCCC[C@H](NC(=O)[C@@H]1CCCSSCCC[C@H](NC(=O)[C@@]([H])(NC(=O)[C@H](CC2CCCCC2)NC(=O)[C@H](CC2=CN([H])C=N2)NC(=O)[C@@]([H])(NC(C)=O)[C@@H](C)CC)[C@@H](C)O[H])C(=O)N2CCC[C@H]2C(=O)N[C@@H](C)C(=O)N[C@@H](CC(O)=O)C(=O)N[C@@H](CCCCCCCC)C(=O)N[C@@H](CC2=CN([H])C3=C2C=CC=C3)C(=O)N[C@@H](CC(O)=O)C(=O)N[C@@H](CC2=CN([H])C3=C2C=CC=C3)C(=O)N1)C(=O)N[C@H](CCCN=C(N)N[H])C(N)=O)NC(=O)[C@@H]1CCCSSCCC[C@H](NC(=O)[C@@]([H])(NC(=O)[C@H](CC2CCCCC2)NC(=O)[C@H](CC2=CN([H])C=N2)NC(=O)[C@@]([H])(NC(C)=O)[C@@H](C)CC)[C@@H](C)O[H])C(=O)N2CCC[C@H]2C(=O)N[C@@H](C)C(=O)N[C@@H](CC(O)=O)C(=O)N[C@@H](CCCCCCCC)C(=O)N[C@@H](CC2=CN([H])C3=C2C=CC=C3)C(=O)N[C@@H](CC(O)=O)C(=O)N[C@@H](CC2=CN([H])C3=C2C=CC=C3)C(=O)N1)C(N)=O,1,1,,,,,,,,,,,,,,,,,False,True,True,True,30,30
426,[H]C[C@@H]1NC(=O)[C@@H]2C[C@]3([H])CCCC[C@]3([H])N2C(=O)[C@H](CCC\C=C/CCC[C@H](NC(=O)[C@H](CC2=CNC3=CC=CC=C23)NC(=O)[C@H](CC(O)=O)NC(=O)[C@H](CC2=CNC3=CC=CC=C23)NC(=O)[C@H](CCCCCCCC)NC(=O)[C@H](CC(O)=O)NC1=O)C(=O)N[C@@H](CCCCNC(=O)CCOCCOCCOCCOCCOCCOCCOCCOCCOCCOCCOCCOCCOCCOCCOCCOCCOCCOCCOCCOCCOCCC(=O)NCCCC[C@H](NC(=O)[C@@H]1CCC\C=C/CCC[C@H](NC(=O)[C@H](CCC(O)=O)NC(=O)[C@@H](NC(=O)[C@H](CCCC[N+](C)(C)C)NC(=O)[C@@H](NC(=O)C[H])[C@@H](C)CC)C(C)C)C(=O)N2[C@@H](C[C@]3([H])CCCC[C@]23[H])C(=O)N[C@@H](C[H])C(=O)N[C@@H](CC(O)=O)C(=O)N[C@@H](CCCCCCCC)C(=O)N[C@@H](CC2=CNC3=CC=CC=C23)C(=O)N[C@@H](CC(O)=O)C(=O)N[C@@H](CC2=CNC3=CC=CC=C23)C(=O)N1)C(=O)N[C@H](CCCNC(N)=N)C(N)=O)C(=O)N[C@H](CCCNC(N)=N)C(N)=O)NC(=O)[C@H](CCC(O)=O)NC(=O)[C@@H](NC(=O)[C@H](CCCC[N+](C)(C)C)NC(=O)[C@@H](NC(=O)C[H])[C@@H](C)CC)C(C)C,4,4,,,,,,,,,,,,,,,,,False,True,True,False,150,150
573,[H]C[C@@H]1NC(=O)[C@@H]2C[C@]3([H])CCCC[C@]3([H])N2C(=O)[C@H](CSCCCCCSC[C@H](NC(=O)[C@H](CC2=CNC3=CC=CC=C23)NC(=O)[C@H](CC(O)=O)NC(=O)[C@H](CC2=CNC3=CC=CC=C23)NC(=O)[C@H](CCCCCCCC)NC(=O)[C@H](CC(O)=O)NC1=O)C(=O)N[C@@H](CCCCNC(=O)CCOCCOCCOCCOCCOCCOCCOCCOCCOCCOCCOCCOCCOCCOCCOCCOCCOCCOCCOCCOCCOCCC(=O)NCCCC[C@H](NC(=O)[C@@H]1CSCCCCCSC[C@H](NC(=O)[C@H](CCC(O)=O)NC(=O)[C@@H](NC(=O)[C@H](CCCC[N+](C)(C)C)NC(=O)[C@@H](NC(=O)C[H])[C@@H](C)CC)C(C)(C)C)C(=O)N2[C@@H](C[C@]3([H])CCCC[C@]23[H])C(=O)N[C@@H](C[H])C(=O)N[C@@H](CC(O)=O)C(=O)N[C@@H](CCCCCCCC)C(=O)N[C@@H](CC2=CNC3=CC=CC=C23)C(=O)N[C@@H](CC(O)=O)C(=O)N[C@@H](CC2=CNC3=CC=CC=C23)C(=O)N1)C(=O)N[C@H](CCCNC(N)=N)C(N)=O)C(=O)N[C@H](CCCNC(N)=N)C(N)=O)NC(=O)[C@H](CCC(O)=O)NC(=O)[C@@H](NC(=O)[C@H](CCCC[N+](C)(C)C)NC(=O)[C@@H](NC(=O)C[H])[C@@H](C)CC)C(C)(C)C,4,4,,,,,,,,,,,,,,,,,False,True,True,False,150,150
118,[H]C[C@H](NC(=O)[C@@H]1CC([H])CN1C(=O)[C@@H](NC(=O)[C@@H](NC(=O)[C@H](CC(C)(C)C)NC(=O)[C@H](CC1=CN=CN1)NC(=O)[C@@H](NC(=O)C[H])[C@@H](C)CC)[C@@H](C)O)[C@@H](C)CC)C(=O)N[C@@H](CC(O)=O)C(=O)N[C@H]1CCC\C=C\CCC[C@H](NC(=O)[C@H](CC2=CNC3=CC=CC=C23)NC(=O)[C@H](CC(O)=O)NC(=O)[C@H](CC2=CNC3=CC=CC=C23)NC1=O)C(=O)N[C@@H](CCCCNC(=O)CCOCCOCCOCCOCCOCCOCCOCCOCCOCCOCCOCCOCCOCCOCCOCCOCCOCCOCCOCCOCCOCCC(=O)NCCCC[C@H](NC(=O)[C@@H]1CCC\C=C\CCC[C@H](NC(=O)[C@H](CC(O)=O)NC(=O)[C@H](C[H])NC(=O)[C@@H]2CC([H])CN2C(=O)[C@@H](NC(=O)[C@@H](NC(=O)[C@H](CC(C)(C)C)NC(=O)[C@H](CC2=CN=CN2)NC(=O)[C@@H](NC(=O)C[H])[C@@H](C)CC)[C@@H](C)O)[C@@H](C)CC)C(=O)N[C@@H](CC2=CNC3=CC=CC=C23)C(=O)N[C@@H](CC(O)=O)C(=O)N[C@@H](CC2=CNC3=CC=CC=C23)C(=O)N1)C(=O)N[C@H](CCCNC(N)=N)C(N)=O)C(=O)N[C@H](CCCNC(N)=N)C(N)=O,1,1,,,,,,,,,,,,,,,,,False,True,True,False,30,30
614,[H]C[C@@H]1NC(=O)[C@@H]2C[C@]3([H])CCCC[C@]3([H])N2C(=O)[C@H](CCSCCCSCC[C@H](NC(=O)[C@H](CC2=CNC3=CC=CC=C23)NC(=O)[C@H](CCC(O)=O)NC(=O)[C@H](CC2=CNC3=CC=CC=C23)NC(=O)[C@H](CCCCCCCC)NC(=O)[C@H](CC(O)=O)NC1=O)C(N)=O)NC(=O)[C@@H](NC(=O)[C@H](CC(C)(C)C)NC(=O)[C@H](CC1=CN=CN1)NC(=O)[C@@H](NC(=O)[C@@H](CC1=CN=CN1)NC(=O)C[H])[C@@H](C)CC)[C@@H](C)O,2,2,,,,,,,,,,,,,,,,,True,False,True,False,75,75
271,[H][C@](NC(=O)[C@H](CC(C)(C)C)NC(=O)[C@H](CC1=CNC=N1)NC(=O)[C@@]([H])(NC(C)=O)[C@@H](C)CC)([C@@H](C)O)C(=O)N[C@H]1CCSCC2(COC2)CSCC[C@H](NC(=O)[C@H](CC2=CNC3=C2C=CC=C3)NC(=O)[C@H](CC(O)=O)NC(=O)[C@H](CC2=CNC3=C2C=CC=C3)NC(=O)[C@H](CCCCCCCC)NC(=O)[C@H](CC(O)=O)NC(=O)[C@H](C)NC(=O)[C@@H]2CC3CCCCC3N2C1=O)C(=O)N[C@@H](CCCCNC(=O)CCOCCOCCOCCOCCOCCOCCOCCOCCOCCOCCOCCOCCOCCOCCOCCOCCOCCOCCOCCOCCOCCC(=O)NCCCC[C@H](NC(=O)[C@@H]1CCSCC2(COC2)CSCC[C@H](NC(=O)[C@@]([H])(NC(=O)[C@H](CC(C)(C)C)NC(=O)[C@H](CC2=CNC=N2)NC(=O)[C@@]([H])(NC(C)=O)[C@@H](C)CC)[C@@H](C)O)C(=O)N2C3CCCCC3C[C@H]2C(=O)N[C@@H](C)C(=O)N[C@@H](CC(O)=O)C(=O)N[C@@H](CCCCCCCC)C(=O)N[C@@H](CC2=CNC3=C2C=CC=C3)C(=O)N[C@@H](CC(O)=O)C(=O)N[C@@H](CC2=CNC3=C2C=CC=C3)C(=O)N1)C(=O)N[C@H](CCCNC(N)=N)C(N)=O)C(=O)N[C@H](CCCNC(N)=N)C(N)=O,4,4,,,,,,,,,,,,,,,,,False,True,True,False,150,150
611,[H]NC(N)=NCCC[C@@H](NC(=O)[C@H](CCCCNC(=O)CCOCCOCCOCCOCCOCCOCCOCCOCCOCCOCCOCCOCCOCCOCCOCCOCCOCCOCCOCCOCCOCCC(=O)NCCCC[C@H](NC(=O)[C@@H]1CCSCCCSCC[C@H](NC(=O)[C@H](CCC(O)=O)NC(=O)[C@@H](NC(=O)[C@H](CCCC[N+](C)(C)C)NC(=O)[C@@]([H])(NC(=O)[C@@H](CC2=CN([H])C=N2)NC(=O)CC(C)C)[C@@H](C)CC)C(C)C)C(=O)N2C3CCCCC3C[C@H]2C(=O)N[C@@H](C)C(=O)N[C@@H](CC(O)=O)C(=O)N[C@@H](CCCCCCCC)C(=O)N[C@@H](CC2=CN([H])C3=C2C=CC=C3)C(=O)N[C@@H](CCC(O)=O)C(=O)N[C@@H](CC2=CN([H])C3=C2C=CC=C3)C(=O)N1)C(=O)N[C@H](CCCN=C(N)N[H])C(N)=O)NC(=O)[C@@H]1CCSCCCSCC[C@H](NC(=O)[C@H](CCC(O)=O)NC(=O)[C@@H](NC(=O)[C@H](CCCC[N+](C)(C)C)NC(=O)[C@@]([H])(NC(=O)[C@@H](CC2=CN([H])C=N2)NC(=O)CC(C)C)[C@@H](C)CC)C(C)C)C(=O)N2C3CCCCC3C[C@H]2C(=O)N[C@@H](C)C(=O)N[C@@H](CC(O)=O)C(=O)N[C@@H](CCCCCCCC)C(=O)N[C@@H](CC2=CN([H])C3=C2C=CC=C3)C(=O)N[C@@H](CCC(O)=O)C(=O)N[C@@H](CC2=CN([H])C3=C2C=CC=C3)C(=O)N1)C(N)=O,4,4,,,,,,,,,,,,,,,,,False,True,True,False,150,150
374,[H]C[C@@H]1NC(=O)[C@@H]2C[C@]3([H])CCCC[C@]3([H])N2C(=O)[C@H](CCSCC(=O)NCCCC[C@](C)(NC(=O)[C@H](CC2=CNC3=CC=CC=C23)NC(=O)[C@H](CC(O)=O)NC(=O)[C@H](CC2=CNC3=CC=CC=C23)NC(=O)[C@H](CCCCCCCC)NC(=O)[C@H](CC(C(O)=O)C(O)=O)NC1=O)C(=O)N[C@@H](CCCCNC(=O)CCOCCOCCOCCOCCOCCOCCOCCOCCOCCOCCOCCOCCOCCOCCOCCOCCOCCOCCOCCOCCOCCC(=O)NCCCC[C@H](NC(=O)[C@]1(C)CCCCNC(=O)CSCC[C@H](NC(=O)[C@@H](NC(=O)[C@H](CC(C)(C)C)NC(=O)[C@H](CC2=CN=CN2)NC(=O)[C@@H](NC(=O)C[H])[C@@H](C)CC)[C@@H](C)O)C(=O)N2[C@@H](C[C@]3([H])CCCC[C@]23[H])C(=O)N[C@@H](C[H])C(=O)N[C@@H](CC(C(O)=O)C(O)=O)C(=O)N[C@@H](CCCCCCCC)C(=O)N[C@@H](CC2=CNC3=CC=CC=C23)C(=O)N[C@@H](CC(O)=O)C(=O)N[C@@H](CC2=CNC3=CC=CC=C23)C(=O)N1)C(=O)N[C@H](CCCNC(N)=N)C(N)=O)C(=O)N[C@H](CCCNC(N)=N)C(N)=O)NC(=O)[C@@H](NC(=O)[C@H](CC(C)(C)C)NC(=O)[C@H](CC1=CN=CN1)NC(=O)[C@@H](NC(=O)C[H])[C@@H](C)CC)[C@@H](C)O,4,4,,,,,,,,,,,,,,,,,False,True,True,False,150,150
648,[H]C[C@@H]1NC(=O)[C@@H]2C[C@]3([H])CCCC[C@]3([H])N2C(=O)[C@H](CCSCCCSCC[C@H](NC(=O)[C@H](CC2=CNC3=CC=CC=C23)NC(=O)[C@H](CCC(O)=O)NC(=O)[C@H](CC2=CNC3=CC=CC=C23)NC(=O)[C@H](CCCCCCCC)NC(=O)[C@H](CC(O)=O)NC1=O)C(=O)N[C@@H](CCCCNC(=O)CCOCCOCCOCCOCCOCCOCCOCCOCCOCCOCCOCCOCCOCCOCCOCCOCCOCCOCCOCCOCCOCCC(=O)NCCCC[C@H](NC(=O)[C@@H]1CCSCCCSCC[C@H](NC(=O)[C@H](CCC(O)=O)NC(=O)[C@@H](NC(=O)[C@H](CCCC[N+](C)(C)C)NC(=O)[C@@H](NC(=O)[C@@H](CCC(O)=O)NC(=O)CC(C)C)[C@@H](C)CC)C(C)(C)C)C(=O)N2[C@@H](C[C@]3([H])CCCC[C@]23[H])C(=O)N[C@@H](C[H])C(=O)N[C@@H](CC(O)=O)C(=O)N[C@@H](CCCCCCCC)C(=O)N[C@@H](CC2=CNC3=CC=CC=C23)C(=O)N[C@@H](CCC(O)=O)C(=O)N[C@@H](CC2=CNC3=CC=CC=C23)C(=O)N1)C(=O)N[C@H](CCCNC(N)=N)C(N)=O)C(=O)N[C@H](CCCNC(N)=N)C(N)=O)NC(=O)[C@H](CCC(O)=O)NC(=O)[C@@H](NC(=O)[C@H](CCCC[N+](C)(C)C)NC(=O)[C@@H](NC(=O)[C@@H](CCC(O)=O)NC(=O)CC(C)C)[C@@H](C)CC)C(C)(C)C,4,4,,,,,,,,,,,,,,,,,False,True,True,False,150,150
267,[H]NCCC[C@H](NC(=O)[C@@]([H])(NC(C)=O)[C@@H](C)CC)C(=O)N[C@@H](CC(C)(C)C)C(=O)N[C@@]([H])([C@@H](C)O[H])C(=O)N[C@H]1CCSC\C=C\CSCC[C@H](NC(=O)[C@H](CC2=CN([H])C3=C2C=CC=C3)NC(=O)[C@H](CC(O)=O)NC(=O)[C@H](CC2=CN([H])C3=C2C=CC=C3)NC(=O)[C@H](CCCCCCCC)NC(=O)C(C[C@H](NC(=O)[C@H](C)NC(=O)[C@@H]2CC3CCCCC3N2C1=O)C(O)=O)C(O)=O)C(=O)N[C@@H](CC(=O)N[H])C(=O)N[C@H](CCCN=C(N)N[H])C(N)=O,4,4,,,,,,,,,,,,,,,,,True,False,True,False,150,150
33,[H][C@](NC(=O)[C@@H](NC(=O)[C@@]([H])(NC(=O)[C@@]([H])(NC(C)=O)[C@@H](C)CC)[C@@H](C)O)C(C)C)([C@@H](C)O)C(=O)N[C@@]([H])([C@@H](C)CC)C(=O)N1CCC[C@H]1C(=O)N[C@H]1CSCC2=CC(CSC[C@H](NC(=O)[C@H](CC3=CNC4=C3C=CC=C4)NC(=O)[C@H](CC(C)C)NC(=O)C(C[C@H](NC1=O)C(O)=O)C(O)=O)C(=O)N[C@@H](CC1=CNC3=C1C=CC=C3)C(=O)N[C@@]([H])([C@@H](C)CC)C(=O)N[C@@H](CC(N)=O)C(=O)N[C@H](CCCNC(N)=N)C(N)=O)=CC=C2,1,1,,,,,,,,,,,,,,,,,True,False,True,False,30,30
303,[H]C[C@@H]1NC(=O)[C@@H]2C[C@]3([H])CCCC[C@]3([H])N2C(=O)[C@H](CCCCNC(=O)CSC[C@H](NC(=O)[C@H](CC2=CNC3=CC=CC=C23)NC(=O)[C@H](CC(O)=O)NC(=O)[C@H](CC2=CNC3=CC=CC=C23)NC(=O)[C@H](CCCCCCCC)NC(=O)[C@H](CC(O)=O)NC1=O)C(=O)N[C@@H](CCCCNC(=O)CCOCCOCCOCCOCCOCCOCCOCCOCCOCCOCCOCCOCCOCCOCCOCCOCCOCCOCCOCCOCCOCCC(=O)NCCCC[C@H](NC(=O)[C@@H]1CSCC(=O)NCCCC[C@H](NC(=O)[C@@H](NC(=O)[C@@H](NC(=O)[C@H](CC2=CC=C(OC)C=C2)NC(=O)[C@@H](NC(=O)C[H])[C@@H](C)CC)C(C)C)[C@@H](C)O)C(=O)N2[C@@H](C[C@]3([H])CCCC[C@]23[H])C(=O)N[C@@H](C[H])C(=O)N[C@@H](CC(O)=O)C(=O)N[C@@H](CCCCCCCC)C(=O)N[C@@H](CC2=CNC3=CC=CC=C23)C(=O)N[C@@H](CC(O)=O)C(=O)N[C@@H](CC2=CNC3=CC=CC=C23)C(=O)N1)C(=O)N[C@H](CCCNC(N)=N)C(N)=O)C(=O)N[C@H](CCCNC(N)=N)C(N)=O)NC(=O)[C@@H](NC(=O)[C@@H](NC(=O)[C@H](CC1=CC=C(OC)C=C1)NC(=O)[C@@H](NC(=O)C[H])[C@@H](C)CC)C(C)C)[C@@H](C)O,1,1,,,,,,,,,,,,,,,,,False,True,True,False,30,30
682,[H]C[C@@H]1NC(=O)[C@@H]2C[C@]3([H])CCCC[C@]3([H])N2C(=O)[C@H](CCC\C=C/CCC[C@](C)(NC(=O)[C@H](CC2=CNC3=CC=CC=C23)NC(=O)[C@H](CCC(O)=O)NC(=O)[C@H](CC2=CNC3=CC=CC=C23)NC(=O)[C@H](CCCCCCCC)NC(=O)[C@H](CC(O)=O)NC1=O)C(=O)N[C@@H](CCCCNC(=O)C[H])C(=O)N[C@H](CCCNC(N)=N)C(N)=O)NC(=O)[C@@H](NC(=O)[C@@H](NC(=O)[C@H](CC1=CN=CN1)NC(=O)[C@@H](NC(=O)[C@H](CC1=CN=CN1)NC(=O)C[H])[C@@H](C)CC)C(C)(C)C)[C@@H](C)O,4,4,,,,,,,,,,,,,,,,,True,False,True,False,150,150
631,[H]C[C@@H]1NC(=O)[C@@H]2C[C@]3([H])CCCC[C@]3([H])N2C(=O)[C@H](CCSCCCSCC[C@H](NC(=O)[C@H](CC2=CNC3=CC=CC=C23)NC(=O)[C@H](CC(O)=O)NC(=O)[C@H](CC2=CNC3=CC=CC=C23)NC(=O)[C@H](CCCCCCCC)NC(=O)[C@H](CC(O)=O)NC1=O)C(=O)N[C@@H](CCCCNC(=O)CCOCCOCCOCCOCCOCCOCCOCCOCCOCCOCCOCCOCCOCCOCCOCCOCCOCCOCCOCCOCCOCCC(=O)NCCCC[C@H](NC(=O)[C@@H]1CCSCCCSCC[C@H](NC(=O)[C@H](CCC(O)=O)NC(=O)[C@@H](NC(=O)[C@H](CCCC[N+](C)(C)C)NC(=O)[C@@H](NC(=O)[C@@H](NC(=O)C[H])C(C)(C)C)[C@@H](C)CC)C(C)C)C(=O)N2[C@@H](C[C@]3([H])CCCC[C@]23[H])C(=O)N[C@@H](C[H])C(=O)N[C@@H](CC(O)=O)C(=O)N[C@@H](CCCCCCCC)C(=O)N[C@@H](CC2=CNC3=CC=CC=C23)C(=O)N[C@@H](CC(O)=O)C(=O)N[C@@H](CC2=CNC3=CC=CC=C23)C(=O)N1)C(=O)N[C@H](CCCNC(N)=N)C(N)=O)C(=O)N[C@H](CCCNC(N)=N)C(N)=O)NC(=O)[C@H](CCC(O)=O)NC(=O)[C@@H](NC(=O)[C@H](CCCC[N+](C)(C)C)NC(=O)[C@@H](NC(=O)[C@@H](NC(=O)C[H])C(C)(C)C)[C@@H](C)CC)C(C)C,4,4,,,,,,,,,,,,,,,,,False,True,True,False,150,150
456,[H]C[C@@H]1NC(=O)[C@@H]2C[C@]3([H])CCCC[C@]3([H])N2C(=O)[C@H](CSCCCCCSC[C@H](NC(=O)[C@H](CC2=CNC3=CC=CC=C23)NC(=O)[C@H](CC(O)=O)NC(=O)[C@H](CC2=CNC3=CC=CC=C23)NC(=O)[C@H](CCCCCCCC)NC(=O)[C@H](CC(O)=O)NC1=O)C(=O)N[C@@H](CC(N)=O)C(=O)N[C@H](CCCNC(N)=N)C(N)=O)NC(=O)[C@H](CC(N)=O)NC(=O)[C@@H](NC(=O)[C@H](CC1=CN=CN1)NC(=O)[C@@H](NC(=O)[C@@H](NC(=O)C[H])C(C)(C)C)[C@@H](C)CC)C(C)(C)C,4,3,,,,,,,,,,,,,,,,,True,False,True,False,150,105
169,[H]C[C@@H]1NC(=O)[C@@H]2CC([H])CN2C(=O)[C@H](CCCCNC(=O)CSC[C@H](NC(=O)[C@H](CC2=CNC3=CC=CC=C23)NC(=O)[C@H](CC(O)=O)NC(=O)[C@H](CC2=CNC3=CC=CC=C23)NC(=O)[C@H](CCCCCCCC)NC(=O)[C@H](CC(C(O)=O)C(O)=O)NC1=O)C(=O)N[C@@H](CCCCNC(=O)CCOCCOCCOCCOCCOCCOCCOCCOCCOCCOCCOCCOCCOCCOCCOCCOCCOCCOCCOCCOCCOCCC(=O)NCCCC[C@H](NC(=O)[C@@H]1CSCC(=O)NCCCC[C@H](NC(=O)[C@@H](NC(=O)[C@H](CCCCCCCC)NC(=O)[C@H](CC2=CN=CN2)NC(=O)[C@@H](NC(=O)C[H])[C@@H](C)CC)[C@@H](C)O)C(=O)N2CC([H])C[C@H]2C(=O)N[C@@H](C[H])C(=O)N[C@@H](CC(C(O)=O)C(O)=O)C(=O)N[C@@H](CCCCCCCC)C(=O)N[C@@H](CC2=CNC3=CC=CC=C23)C(=O)N[C@@H](CC(O)=O)C(=O)N[C@@H](CC2=CNC3=CC=CC=C23)C(=O)N1)C(=O)N[C@H](CCCNC(N)=N)C(N)=O)C(=O)N[C@H](CCCNC(N)=N)C(N)=O)NC(=O)[C@@H](NC(=O)[C@H](CCCCCCCC)NC(=O)[C@H](CC1=CN=CN1)NC(=O)[C@@H](NC(=O)C[H])[C@@H](C)CC)[C@@H](C)O,1,1,,,,,,,,,,,,,,,,,False,True,True,False,30,30
585,[H]C[C@@H]1NC(=O)[C@@H]2C[C@]3([H])CCCC[C@]3([H])N2C(=O)[C@H](CCSCCCSCC[C@H](NC(=O)[C@H](CC2=CNC3=CC=CC=C23)NC(=O)[C@H](CCC(O)=O)NC(=O)[C@H](CC2=CNC3=CC=CC=C23)NC(=O)[C@H](CCCCCCCC)NC(=O)[C@H](CC(O)=O)NC1=O)C(=O)N[C@@H](CCCCNC(=O)CCOCCOCCOCCOCCNC(=O)CCOCCOCCOCCOCCNC(=O)COCC(=O)NCCOCCOCCOCCOCCC(=O)NCCOCCOCCOCCOCCC(=O)NCCCC[C@H](NC(=O)[C@@H]1CCSCCCSCC[C@H](NC(=O)[C@H](CCC(O)=O)NC(=O)[C@@H](NC(=O)[C@H](CCCC[N+](C)(C)C)NC(=O)[C@@H](NC(=O)C[H])[C@@H](C)CC)C(C)C)C(=O)N2[C@@H](C[C@]3([H])CCCC[C@]23[H])C(=O)N[C@@H](C[H])C(=O)N[C@@H](CC(O)=O)C(=O)N[C@@H](CCCCCCCC)C(=O)N[C@@H](CC2=CNC3=CC=CC=C23)C(=O)N[C@@H](CCC(O)=O)C(=O)N[C@@H](CC2=CNC3=CC=CC=C23)C(=O)N1)C(=O)N[C@H](CCCNC(N)=N)C(N)=O)C(=O)N[C@H](CCCNC(N)=N)C(N)=O)NC(=O)[C@H](CCC(O)=O)NC(=O)[C@@H](NC(=O)[C@H](CCCC[N+](C)(C)C)NC(=O)[C@@H](NC(=O)C[H])[C@@H](C)CC)C(C)C,4,4,,,,,,,,,,,,,,,,,False,True,True,False,150,150
205,[H]NC(N)=NCCCC(NC(=O)C(CCCCNC(=O)CCOCCOCCOCCOCCOCCOCCOCCOCCOCCOCCOCCOCCOCCOCCOCCOCCOCCOCCOCCOCCOCCC(=O)NCCCCC(NC(=O)C1CSC(C2=CC=CC=C2)C(=O)NCCCCC(NC(=O)C([H])(NC(=O)C(CC(C)(C)C)NC(=O)C(CC2=CN([H])C=N2)NC(=O)C([H])(NC(C)=O)C(C)CC)C(C)O[H])C(=O)N2C3CCCCC3CC2C(=O)NC(C)C(=O)NC(CC(O)=O)C(=O)NC(CCCCCCCC)C(=O)NC(CC2=CN([H])C3=C2C=CC=C3)C(=O)NC(CC(O)=O)C(=O)NC(CC2=CN([H])C3=C2C=CC=C3)C(=O)N1)C(=O)NC(CCCN=C(N)N[H])C(N)=O)NC(=O)C1CSC(C2=CC=CC=C2)C(=O)NCCCCC(NC(=O)C([H])(NC(=O)C(CC(C)(C)C)NC(=O)C(CC2=CN([H])C=N2)NC(=O)C([H])(NC(C)=O)C(C)CC)C(C)O[H])C(=O)N2C3CCCCC3CC2C(=O)NC(C)C(=O)NC(CC(O)=O)C(=O)NC(CCCCCCCC)C(=O)NC(CC2=CN([H])C3=C2C=CC=C3)C(=O)NC(CC(O)=O)C(=O)NC(CC2=CN([H])C3=C2C=CC=C3)C(=O)N1)C(N)=O,4,4,,,,,,,,,,,,,,,,,False,True,True,False,150,150
702,[H]C[C@@H]1NC(=O)[C@@H]2C[C@]3([H])CCCC[C@]3([H])N2C(=O)[C@H](CCSCCCSCC[C@H](NC(=O)[C@H](CC2=CNC3=CC=CC=C23)NC(=O)[C@H](CCC(O)=O)NC(=O)[C@H](CC2=CNC3=CC=CC=C23)NC(=O)[C@H](CCCCCCCCCC)NC(=O)[C@H](CC(O)=O)NC1=O)C(=O)N[C@@H](CC(N)=O)C(=O)N[C@H](CCCNC(N)=N)C(N)=O)NC(=O)[C@@H](NC(=O)[C@H](CC(C)(C)C)NC(=O)[C@H](CC1=CN=CN1)NC(=O)[C@@H](NC(=O)[C@H](CCC(O)=O)NC(=O)C[H])[C@@H](C)CC)[C@@H](C)O,4,4,,,,,,,,,,,,,,,,,True,False,True,False,150,150
270,[H][C@](NC(=O)[C@@H](NC(=O)[C@H](CC1=CNC=N1)NC(=O)[C@@]([H])(NC(C)=O)[C@@H](C)CC)C(C)(C)C)([C@@H](C)O)C(=O)N[C@H]1CCSCCCSCC[C@H](NC(=O)[C@H](CC2=CNC3=C2C=CC=C3)NC(=O)[C@H](CC(O)=O)NC(=O)[C@H](CC2=CNC3=C2C=CC=C3)NC(=O)[C@H](CCCCCCCC)NC(=O)[C@H](CC(O)=O)NC(=O)[C@H](C)NC(=O)[C@@H]2CC3CCCCC3N2C1=O)C(=O)N[C@@H](CC(N)=O)C(=O)N[C@H](CCCNC(N)=N)C(N)=O,3,1,,,,,,,,,,,,,,,,,True,False,True,False,105,30
161,[H]C[C@@H]1NC(=O)[C@@H]2CC([H])CN2C(=O)[C@H](CCCCNC(=O)CSC[C@H](NC(=O)[C@H](CC2=CNC3=CC=CC=C23)NC(=O)[C@H](CC(O)=O)NC(=O)[C@H](CC2=CNC3=CC=CC=C23)NC(=O)[C@H](CCCCCCCC)NC(=O)[C@H](CC(O)=O)NC1=O)C(=O)N[C@@H](CCCCNC(=O)CCOCCOCCOCCOCCOCCOCCOCCOCCOCCOCCOCCOCCOCCOCCOCCOCCOCCOCCOCCOCCOCCC(=O)NCCCC[C@H](NC(=O)[C@@H]1CSCC(=O)NCCCC[C@H](NC(=O)[C@@H](NC(=O)[C@H](CCC2CCCCC2)NC(=O)[C@H](CC2=CN=CN2)NC(=O)[C@@H](NC(=O)C[H])[C@@H](C)CC)[C@@H](C)O)C(=O)N2CC([H])C[C@H]2C(=O)N[C@@H](C[H])C(=O)N[C@@H](CC(O)=O)C(=O)N[C@@H](CCCCCCCC)C(=O)N[C@@H](CC2=CNC3=CC=CC=C23)C(=O)N[C@@H](CC(O)=O)C(=O)N[C@@H](CC2=CNC3=CC=CC=C23)C(=O)N1)C(=O)N[C@H](CCCNC(N)=N)C(N)=O)C(=O)N[C@H](CCCNC(N)=N)C(N)=O)NC(=O)[C@@H](NC(=O)[C@H](CCC1CCCCC1)NC(=O)[C@H](CC1=CN=CN1)NC(=O)[C@@H](NC(=O)C[H])[C@@H](C)CC)[C@@H](C)O,1,1,,,,,,,,,,,,,,,,,False,True,True,False,30,30
346,[H]NC(=O)C[C@H](NC(=O)[C@@H]1CSCC2=CC=CC(CSC[C@H](NC(=O)[C@@]([H])(NC(=O)[C@H](CC(C)(C)C)NC(=O)[C@H](CC3=CN([H])C=N3)NC(=O)[C@@]([H])(NC(C)=O)[C@@H](C)CC)[C@@H](C)O[H])C(=O)N3C4CCCCC4C[C@H]3C(=O)N[C@@H](CC3=CN([H])C=N3)C(=O)N[C@@H](CC(O)=O)C(=O)N[C@@H](CCCCCCCC)C(=O)N[C@@H](CC3=CN([H])C4=C3C=CC=C4)C(=O)N[C@@H](CCC(O)=O)C(=O)N[C@@H](CC3=CN([H])C4=C3C=CC=C4)C(=O)N1)=C2)C(=O)N[C@H](CCCN=C(N)N[H])C(N)=O,3,1,,,,,,,,,,,,,,,,,True,False,True,False,105,30
420,[H]C[C@@H]1NC(=O)[C@@H]2C[C@]3([H])CCCC[C@]3([H])N2C(=O)[C@H](CCSCCCSCC[C@H](NC(=O)[C@H](CC2=CNC3=CC=CC=C23)NC(=O)[C@H](CC(O)=O)NC(=O)[C@H](CC2=CNC3=CC=CC=C23)NC(=O)[C@H](CCCCCCCC)NC(=O)[C@H](CC(O)=O)NC1=O)C(=O)N[C@@H](CCCCNC(=O)CCOCCOCCOCCOCCOCCOCCOCCOCCOCCOCCOCCOCCOCCOCCOCCOCCOCCOCCOCCOCCOCCC(=O)NCCCC[C@H](NC(=O)[C@@H]1CCSCCCSCC[C@H](NC(=O)[C@@H](NC(=O)[C@H](CC(F)F)NC(=O)[C@H](CCCC[N+](C)(C)C)NC(=O)[C@@H](NC(=O)C[H])[C@@H](C)CC)[C@@H](C)O)C(=O)N2[C@@H](C[C@]3([H])CCCC[C@]23[H])C(=O)N[C@@H](C[H])C(=O)N[C@@H](CC(O)=O)C(=O)N[C@@H](CCCCCCCC)C(=O)N[C@@H](CC2=CNC3=CC=CC=C23)C(=O)N[C@@H](CC(O)=O)C(=O)N[C@@H](CC2=CNC3=CC=CC=C23)C(=O)N1)C(=O)N[C@H](CCCNC(N)=N)C(N)=O)C(=O)N[C@H](CCCNC(N)=N)C(N)=O)NC(=O)[C@@H](NC(=O)[C@H](CC(F)F)NC(=O)[C@H](CCCC[N+](C)(C)C)NC(=O)[C@@H](NC(=O)C[H])[C@@H](C)CC)[C@@H](C)O,1,1,,,,,,,,,,,,,,,,,False,True,True,False,30,30
309,[H]NC(N)=NCCCC(NC(=O)C(CCCCNC(=O)CCOCCOCCOCCOCCOCCOCCOCCOCCOCCOCCOCCOCCOCCOCCOCCOCCOCCOCCOCCOCCOCCC(=O)NCCCCC(NC(=O)C1CCCSSCCCC(NC(=O)C([H])(NC(=O)C(CC2=CC=C(C=C2)C(F)(F)F)NC(=O)C(CCO[H])NC(=O)C([H])(NC(C)=O)C(C)CC)C(C)O[H])C(=O)N2C3CCCCC3CC2C(=O)NC(C)C(=O)NC(CC(O)=O)C(=O)NC(CCCCCCCC)C(=O)NC(CC2=CN([H])C3=C2C=CC=C3)C(=O)NC(CC(O)=O)C(=O)NC(CC2=CN([H])C3=C2C=CC=C3)C(=O)N1)C(=O)NC(CCCN=C(N)N[H])C(N)=O)NC(=O)C1CCCSSCCCC(NC(=O)C([H])(NC(=O)C(CC2=CC=C(C=C2)C(F)(F)F)NC(=O)C(CCO[H])NC(=O)C([H])(NC(C)=O)C(C)CC)C(C)O[H])C(=O)N2C3CCCCC3CC2C(=O)NC(C)C(=O)NC(CC(O)=O)C(=O)NC(CCCCCCCC)C(=O)NC(CC2=CN([H])C3=C2C=CC=C3)C(=O)NC(CC(O)=O)C(=O)NC(CC2=CN([H])C3=C2C=CC=C3)C(=O)N1)C(N)=O,4,1,,,,,,,,,,,,,,,,,False,True,True,True,150,30
589,[H]C[C@@H]1NC(=O)[C@@H]2C[C@]3([H])CCCC[C@]3([H])N2C(=O)[C@H](CCCSCSCCC[C@H](NC(=O)[C@H](CC2=CNC3=CC=CC=C23)NC(=O)[C@H](CCC(O)=O)NC(=O)[C@H](CC2=CNC3=CC=CC=C23)NC(=O)[C@H](CCCCCCCC)NC(=O)[C@H](CC(O)=O)NC1=O)C(=O)N[C@@H](CC(N)=O)C(=O)N[C@H](CCCNC(N)=N)C(N)=O)NC(=O)[C@@H](NC(=O)[C@@H](NC(=O)[C@H](CC1=CN=CN1)NC(=O)[C@@H](NC(=O)[C@H](CC1=CN=CN1)NC(=O)C[H])[C@@H](C)CC)C(C)(C)C)[C@@H](C)O,4,4,,,,,,,,,,,,,,,,,True,False,True,False,150,150
84,[H]NCCCC[C@H](NC(=O)[C@H](CC1CCCCC1)NC(=O)[C@H](CC1=CN([H])C2=C1C=CC=C2)NC(=O)[C@H](CC(O)=O)NC(=O)[C@H](CC1=CN([H])C2=C1C=CC=C2)NC(=O)[C@H](CCCCCCCC)NC(=O)[C@H](CC(O)=O)NC(=O)[C@H](C)NC(=O)[C@H]1CCCCN1C(=O)[C@@]([H])(NC(=O)[C@@]([H])(NC(=O)[C@H](CC(C)(C)C)NC(=O)[C@H](CC1=CN([H])C=N1)NC(=O)[C@@]([H])(NC(C)=O)[C@@H](C)CC)[C@@H](C)O[H])[C@@H](C)CC)C(=O)N[C@H](CCCN=C(N)N[H])C(N)=O,1,1,,,,,,,,,,,,,,,,,True,False,True,False,30,30
563,[H]C[C@@H]1NC(=O)[C@@H]2C[C@]3([H])CCCC[C@]3([H])N2C(=O)[C@H](CCSCCCSCC[C@H](NC(=O)[C@H](CC2=CNC3=CC=CC=C23)NC(=O)[C@H](CC(O)=O)NC(=O)[C@H](CC2=CC=C(C=C2)C(O)=O)NC(=O)[C@H](CCCCCCCC)NC(=O)[C@H](CC(O)=O)NC1=O)C(=O)N[C@@H](CCCCNC(=O)CCOCCOCCOCCOCCOCCOCCOCCOCCOCCOCCOCCOCCOCCOCCOCCOCCOCCOCCOCCOCCOCCC(=O)NCCCC[C@H](NC(=O)[C@@H]1CCSCCCSCC[C@H](NC(=O)[C@H](CCC(O)=O)NC(=O)[C@@H](NC(=O)[C@H](CCCC[N+](C)(C)C)NC(=O)[C@@H](NC(=O)C[H])[C@@H](C)CC)C(C)C)C(=O)N2[C@@H](C[C@]3([H])CCCC[C@]23[H])C(=O)N[C@@H](C[H])C(=O)N[C@@H](CC(O)=O)C(=O)N[C@@H](CCCCCCCC)C(=O)N[C@@H](CC2=CC=C(C=C2)C(O)=O)C(=O)N[C@@H](CC(O)=O)C(=O)N[C@@H](CC2=CNC3=CC=CC=C23)C(=O)N1)C(=O)N[C@H](CCCNC(N)=N)C(N)=O)C(=O)N[C@H](CCCNC(N)=N)C(N)=O)NC(=O)[C@H](CCC(O)=O)NC(=O)[C@@H](NC(=O)[C@H](CCCC[N+](C)(C)C)NC(=O)[C@@H](NC(=O)C[H])[C@@H](C)CC)C(C)C,1,4,,,,,,,,,,,,,,,,,False,True,True,False,30,150
125,[H]C[C@H](NC(=O)[C@@H]1CC([H])CN1C(=O)[C@@H](NC(=O)[C@@H](NC(=O)[C@@H](NC(=O)[C@H](CC1=CN=CN1)NC(=O)[C@@H](NC(=O)C[H])[C@@H](C)CC)C(C)C)[C@@H](C)O)[C@@H](C)CC)C(=O)N[C@@H](CC(O)=O)C(=O)N[C@H]1CCCCCCCC[C@H](NC(=O)[C@H](CC2=CNC3=CC=CC=C23)NC(=O)[C@H](CC(O)=O)NC(=O)[C@H](CC2=CNC3=CC=CC=C23)NC1=O)C(=O)N[C@@H](CCCCN[H])C(=O)N[C@H](CCCNC(N)=N)C(N)=O,1,1,,,,,,,,,,,,,,,,,True,False,True,False,30,30
185,[H][C@](NC(=O)[C@H](CSCC1=CC=C(C=C1)C1=CC=C(CSC[C@H](NC(=O)[C@H](CC2=CNC=N2)NC(=O)[C@@]([H])(NC(C)=O)[C@@H](C)CC)C(=O)N[C@@]([H])([C@@H](C)O)C(=O)N[C@@]([H])([C@@H](C)CC)C(=O)N2CCC[C@H]2C(=O)N[C@@H](C)C(=O)N[C@@H](CC(O)=O)C(=O)N[C@@H](CCCCCCCC)C(=O)N[C@@H](CC2=CNC3=C2C=CC=C3)C(=O)N[C@@H](CC(O)=O)C(=O)N[C@@H](CC2=CNC3=C2C=CC=C3)C(=O)N[C@@]([H])([C@@H](C)CC)C(=O)N[C@@H](CC(N)=O)C(=O)N[C@H](CCCNC(N)=N)C(N)=O)C=C1)NC(=O)[C@H](CC1=CNC=N1)NC(=O)[C@@]([H])(NC(C)=O)[C@@H](C)CC)([C@@H](C)O)C(=O)N[C@@]([H])([C@@H](C)CC)C(=O)N1CCC[C@H]1C(=O)N[C@@H](C)C(=O)N[C@@H](CC(O)=O)C(=O)N[C@@H](CCCCCCCC)C(=O)N[C@@H](CC1=CNC2=C1C=CC=C2)C(=O)N[C@@H](CC(O)=O)C(=O)N[C@@H](CC1=CNC2=C1C=CC=C2)C(=O)N[C@@]([H])([C@@H](C)CC)C(=O)N[C@@H](CC(N)=O)C(=O)N[C@H](CCCNC(N)=N)C(N)=O,3,2,,,,,,,,,,,,,,,,,False,True,True,False,105,75
707,[H]C[C@@H]1NC(=O)[C@@H]2C[C@]3([H])CCCC[C@]3([H])N2C(=O)[C@H](CCSCCCSCC[C@H](NC(=O)[C@H](CC2=CNC3=CC=CC=C23)NC(=O)[C@H](CCC(O)=O)NC(=O)[C@H](CC2=CNC3=CC=CC=C23)NC(=O)[C@H](CCCCCCCCCC)NC(=O)[C@H](CC(O)=O)NC1=O)C(=O)N[C@@H](CC(N)=O)C(=O)N[C@H](CCCNC(N)=N)C(N)=O)NC(=O)[C@@H](NC(=O)[C@H](CC(C)(C)C)NC(=O)[C@H](CC1=CN=CN1)NC(=O)[C@@H](NC(=O)[C@@H](CC1=CN=CN1)NC(=O)C[H])[C@@H](C)CC)[C@@H](C)O,4,4,,,,,,,,,,,,,,,,,True,False,True,False,150,150
108,[H]NC(N)=NCCC[C@@H](NC(=O)[C@H](CCCCNC(=O)CCOCCOCCOCCOCCOCCOCCOCCOCCOCCOCCOCCOCCOCCOCCOCCOCCOCCOCCOCCOCCOCCC(=O)NCCCC[C@H](NC(=O)[C@H](CC1CCCCC1)NC(=O)[C@H](CC1=CN([H])C2=C1C=CC=C2)NC(=O)[C@H](CC(O)=O)NC(=O)[C@H](CC1=CN([H])C2=C1C=CC=C2)NC(=O)[C@H](CCCCCCCC)NC(=O)[C@H](CC(O)=O)NC(=O)[C@H](C)NC(=O)[C@@H]1CCCN1C(=O)[C@@H](NC(=O)[C@@]([H])(NC(=O)[C@H](CC(C)(C)C)NC(=O)[C@H](CC1=CN([H])C=N1)NC(=O)[C@@]([H])(NC(C)=O)[C@@H](C)CC)[C@@H](C)O[H])C1CCCCC1)C(=O)N[C@H](CCCN=C(N)N[H])C(N)=O)NC(=O)[C@H](CC1CCCCC1)NC(=O)[C@H](CC1=CN([H])C2=C1C=CC=C2)NC(=O)[C@H](CC(O)=O)NC(=O)[C@H](CC1=CN([H])C2=C1C=CC=C2)NC(=O)[CH](CCCCCCCC)NC(=O)[C@H](CC(O)=O)NC(=O)[C@H](C)NC(=O)[C@@H]1CCCN1C(=O)[C@@H](NC(=O)[C@@]([H])(NC(=O)[C@H](CC(C)(C)C)NC(=O)[C@H](CC1=CN([H])C=N1)NC(=O)[C@@]([H])(NC(C)=O)[C@@H](C)CC)[C@@H](C)O[H])C1CCCCC1)C(N)=O,4,1,,,,,,,,,,,,,,,,,False,True,True,False,150,30
47,[H]CC(=O)N[C@@H]([C@@H](C)CC)C(=O)N[C@@H]([C@@H](C)O)C(=O)N[C@@H](C(C)C)C(=O)N[C@@H]([C@@H](C)O)C(=O)N[C@@H]([C@@H](C)CC)C(=O)N1CC([H])C[C@H]1C(=O)N[C@H]1CCC\C=C\CCC[C@H](NC(=O)[C@H](CC2=CNC3=CC=CC=C23)NC(=O)[C@H](CC(C)C)NC(=O)[C@H](CC(O)=O)NC1=O)C(=O)N[C@@H](CC1=CNC2=CC=CC=C12)C(=O)N[C@@H]([C@@H](C)CC)C(=O)N[C@@H](CC(N)=O)C(=O)N[C@H](CCCNC(N)=N)C(N)=O,1,1,,,,,,,,,,,,,,,,,True,False,True,False,30,30
650,[H]C[C@@H]1NC(=O)[C@@H]2C[C@]3([H])CCCC[C@]3([H])N2C(=O)[C@H](CCCCCCCC[C@](C)(NC(=O)[C@H](CC2=CNC3=CC=CC=C23)NC(=O)[C@H](CCC(O)=O)NC(=O)[C@H](CC2=CNC3=CC=CC=C23)NC(=O)[C@H](CCCCCCCC)NC(=O)[C@H](CC(O)=O)NC1=O)C(=O)N[C@@H](CCCCNC(=O)CCOCCOCCOCCOCCOCCOCCOCCOCCOCCOCCOCCOCCOCCOCCOCCOCCOCCOCCOCCOCCOCCC(=O)NCCCC[C@H](NC(=O)[C@]1(C)CCCCCCCC[C@H](NC(=O)[C@H](CCC(O)=O)NC(=O)[C@@H](NC(=O)[C@H](CCCC[N+](C)(C)C)NC(=O)[C@@H](NC(=O)[C@@H](CCC(O)=O)NC(=O)CC(C)C)[C@@H](C)CC)C(C)(C)C)C(=O)N2[C@@H](C[C@]3([H])CCCC[C@]23[H])C(=O)N[C@@H](C[H])C(=O)N[C@@H](CC(O)=O)C(=O)N[C@@H](CCCCCCCC)C(=O)N[C@@H](CC2=CNC3=CC=CC=C23)C(=O)N[C@@H](CCC(O)=O)C(=O)N[C@@H](CC2=CNC3=CC=CC=C23)C(=O)N1)C(=O)N[C@H](CCCNC(N)=N)C(N)=O)C(=O)N[C@H](CCCNC(N)=N)C(N)=O)NC(=O)[C@H](CCC(O)=O)NC(=O)[C@@H](NC(=O)[C@H](CCCC[N+](C)(C)C)NC(=O)[C@@H](NC(=O)[C@@H](CCC(O)=O)NC(=O)CC(C)C)[C@@H](C)CC)C(C)(C)C,4,4,,,,,,,,,,,,,,,,,False,True,True,False,150,150
481,[H]C[C@@H]1NC(=O)[C@@H]2C[C@]3([H])CCCC[C@]3([H])N2C(=O)[C@H](CCSCCCSCC[C@H](NC(=O)[C@H](CC2=CNC3=CC=CC=C23)NC(=O)[C@H](CC(O)=O)NC(=O)[C@](C)(CC2=CC=CC=C2)NC(=O)[C@H](CCCCCCCC)NC(=O)[C@H](CC(O)=O)NC1=O)C(=O)N[C@@H](CC(N)=O)C(=O)N[C@H](CCCNC(N)=N)C(N)=O)NC(=O)[C@@H](NC(=O)[C@@H](NC(=O)[C@H](CC1=CN=CN1)NC(=O)[C@@H](NC(=O)[C@@H](NC(=O)C[H])C(C)(C)C)[C@@H](C)CC)C(C)(C)C)[C@@H](C)O,4,1,,,,,,,,,,,,,,,,,True,False,True,False,150,30
531,[H]C[C@@H]1NC(=O)[C@@H]2C[C@]3([H])CCCC[C@]3([H])N2C(=O)[C@H](CCC\C=C/CCC[C@H](NC(=O)[C@H](CC2=CNC3=CC=CC=C23)NC(=O)[C@H](CC(O)=O)NC(=O)[C@H](CC2=CNC3=CC=CC=C23)NC(=O)[C@H](CCCCCCCC)NC(=O)[C@H](CC(O)=O)NC1=O)C(=O)N[C@@H](CCCCNC(=O)CCOCCOCCOCCOCCOCCOCCOCCOCCOCCOCCOCCOCCOCCOCCOCCOCCOCCOCCOCCOCCOCCC(=O)NCCCC[C@H](NC(=O)[C@@H]1CCC\C=C/CCC[C@H](NC(=O)[C@H](CCC(O)=O)NC(=O)[C@@H](NC(=O)[C@H](CCC(N)=O)NC(=O)[C@H](CC(C)(C)C)NC(=O)CN(C)C(=O)C[H])C(C)C)C(=O)N2[C@@H](C[C@]3([H])CCCC[C@]23[H])C(=O)N[C@@H](C[H])C(=O)N[C@@H](CC(O)=O)C(=O)N[C@@H](CCCCCCCC)C(=O)N[C@@H](CC2=CNC3=CC=CC=C23)C(=O)N[C@@H](CC(O)=O)C(=O)N[C@@H](CC2=CNC3=CC=CC=C23)C(=O)N1)C(=O)N[C@H](CCCNC(N)=N)C(N)=O)C(=O)N[C@H](CCCNC(N)=N)C(N)=O)NC(=O)[C@H](CCC(O)=O)NC(=O)[C@@H](NC(=O)[C@H](CCC(N)=O)NC(=O)[C@H](CC(C)(C)C)NC(=O)CN(C)C(=O)C[H])C(C)C,4,1,,,,,,,,,,,,,,,,,False,True,True,False,150,30
260,[H]NC(=O)C[C@H](NC(=O)[C@@H]1CCCSSCCC[C@H](NC(=O)[C@@]([H])(NC(=O)[C@H](CC(C)(C)C)NC(=O)[C@H](CC2=CN([H])C=N2)NC(=O)[C@@]([H])(NC(=O)[C@@H](NC(C)=O)C(C)(C)C)[C@@H](C)CC)[C@@H](C)O[H])C(=O)N2C3CCCCC3C[C@H]2C(=O)N[C@@H](C)C(=O)N[C@@H](CC(O)=O)C(=O)N[C@@H](CCCCCCCC)C(=O)N[C@@H](CC2=CN([H])C3=C2C=CC=C3)C(=O)N[C@@H](CC(O)=O)C(=O)N[C@@H](CC2=CN([H])C3=C2C=CC=C3)C(=O)N1)C(=O)N[C@H](CCCN=C(N)N[H])C(N)=O,4,4,,,,,,,,,,,,,,,,,True,False,True,True,150,150
221,[H]NC(N)=NCCC[C@@H](NC(=O)[C@H](CCCCNC(=O)CCOCCOCCOCCOCCOCCOCCOCCOCCOCCOCCOCCOCCOCCOCCOCCOCCOCCOCCOCCOCCOCCC(=O)NCCCC[C@H](NC(=O)[C@@H]1CCCSSCCC[C@H](NC(=O)[C@@]([H])(NC(=O)[C@@H](NC(=O)[C@H](CC2=CN=CC=C2)NC(=O)[C@@]([H])(NC(C)=O)[C@@H](C)CC)C(C)C)[C@@H](C)O[H])C(=O)N2C3CCCCC3C[C@H]2C(=O)N[C@@H](C)C(=O)N[C@@H](CC(O)=O)C(=O)N[C@@H](CCCCCCCC)C(=O)N[C@@H](CC2=CN([H])C3=C2C=CC=C3)C(=O)N[C@@H](CC(O)=O)C(=O)N[C@@H](CC2=CN([H])C3=C2C=CC=C3)C(=O)N1)C(=O)N[C@H](CCCN=C(N)N[H])C(N)=O)NC(=O)[C@@H]1CCCSSCCC[C@H](NC(=O)[C@@]([H])(NC(=O)[C@@H](NC(=O)[C@H](CC2=CN=CC=C2)NC(=O)[C@@]([H])(NC(C)=O)[C@@H](C)CC)C(C)C)[C@@H](C)O[H])C(=O)N2C3CCCCC3C[C@H]2C(=O)N[C@@H](C)C(=O)N[C@@H](CC(O)=O)C(=O)N[C@@H](CCCCCCCC)C(=O)N[C@@H](CC2=CN([H])C3=C2C=CC=C3)C(=O)N[C@@H](CC(O)=O)C(=O)N[C@@H](CC2=CN([H])C3=C2C=CC=C3)C(=O)N1)C(N)=O,4,4,,,,,,,,,,,,,,,,,False,True,True,True,150,150
609,[H]NC(N)=NCCC[C@@H](NC(=O)[C@H](CCCCNC(=O)CCOCCOCCOCCOCCOCCOCCOCCOCCOCCOCCOCCOCCOCCOCCOCCOCCOCCOCCOCCOCCOCCC(=O)NCCCC[C@H](NC(=O)[C@@H]1CCSCCCSCC[C@H](NC(=O)[C@H](CCC(O)=O)NC(=O)[C@@H](NC(=O)[C@H](CCCC[N+](C)(C)C)NC(=O)[C@@]([H])(NC(C)=O)[C@@H](C)CC)C(C)C)C(=O)N2C3CCCCC3C[C@H]2C(=O)N2CCC[C@H]2C(=O)N[C@@H](CC(O)=O)C(=O)N[C@@H](CCCCCCCC)C(=O)N[C@@H](CC2=C3C=CC=CC3=CC=C2)C(=O)NC(C)(C)C(=O)N[C@@H](CC2=CN([H])C3=C2C=CC=C3)C(=O)N1)C(=O)N[C@H](CCCN=C(N)N[H])C(N)=O)NC(=O)[C@@H]1CCSCCCSCC[C@H](NC(=O)[C@H](CCC(O)=O)NC(=O)[C@@H](NC(=O)[C@H](CCCC[N+](C)(C)C)NC(=O)[C@@]([H])(NC(C)=O)[C@@H](C)CC)C(C)C)C(=O)N2C3CCCCC3C[C@H]2C(=O)N2CCC[C@H]2C(=O)N[C@@H](CC(O)=O)C(=O)N[C@@H](CCCCCCCC)C(=O)N[C@@H](CC2=C3C=CC=CC3=CC=C2)C(=O)NC(C)(C)C(=O)N[C@@H](CC2=CN([H])C3=C2C=CC=C3)C(=O)N1)C(N)=O,4,4,,,,,,,,,,,,,,,,,False,True,True,False,150,150
421,[H]C[C@@H]1NC(=O)[C@@H]2C[C@]3([H])CCCC[C@]3([H])N2C(=O)[C@H](CCSCCCSCC[C@H](NC(=O)[C@H](CC2=CNC3=CC=CC=C23)NC(=O)[C@H](CC(O)=O)NC(=O)[C@H](CC2=CNC3=CC=CC=C23)NC(=O)[C@H](CCCCCCCC)NC(=O)[C@H](CC(O)=O)NC1=O)C(=O)N[C@@H](CCCCNC(=O)CCOCCOCCOCCOCCOCCOCCOCCOCCOCCOCCOCCOCCOCCOCCOCCOCCOCCOCCOCCOCCOCCC(=O)NCCCC[C@H](NC(=O)[C@@H]1CCSCCCSCC[C@H](NC(=O)[C@H](CCC(O)=O)NC(=O)[C@@H](NC(=O)[C@H](CCCC[N+](C)(C)C)NC(=O)[C@@H](NC(=O)C[H])[C@@H](C)CC)C(C)(C)C)C(=O)N2[C@@H](C[C@]3([H])CCCC[C@]23[H])C(=O)N[C@@H](C[H])C(=O)N[C@@H](CC(O)=O)C(=O)N[C@@H](CCCCCCCC)C(=O)N[C@@H](CC2=CNC3=CC=CC=C23)C(=O)N[C@@H](CC(O)=O)C(=O)N[C@@H](CC2=CNC3=CC=CC=C23)C(=O)N1)C(=O)N[C@H](CCCNC(N)=N)C(N)=O)C(=O)N[C@H](CCCNC(N)=N)C(N)=O)NC(=O)[C@H](CCC(O)=O)NC(=O)[C@@H](NC(=O)[C@H](CCCC[N+](C)(C)C)NC(=O)[C@@H](NC(=O)C[H])[C@@H](C)CC)C(C)(C)C,4,4,,,,,,,,,,,,,,,,,False,True,True,False,150,150
292,[H]C[C@@H]1NC(=O)[C@@H]2C[C@]3([H])CCCC[C@]3([H])N2C(=O)[C@H](CCCSSCCC[C@H](NC(=O)[C@H](CC2=CNC3=CC=C(C)C=C23)NC(=O)[C@H](CC(O)=O)NC(=O)[C@H](CC2=CNC3=CC=CC=C23)NC(=O)[C@H](CCCCCCCC)NC(=O)[C@H](CC(C(O)=O)C(O)=O)NC1=O)C(=O)N[C@@H](CC(N)=O)C(=O)N[C@H](CCCNC(N)=N)C(N)=O)NC(=O)[C@@H](NC(=O)[C@H](CC(C)(C)C)NC(=O)[C@H](CC1=CN=CN1)NC(=O)[C@@H](NC(=O)C[H])[C@@H](C)CC)[C@@H](C)O,4,4,,,,,,,,,,,,,,,,,True,False,True,True,150,150
577,[H]C[C@@H]1NC(=O)[C@@H]2C[C@@H](CN2C(=O)[C@H](CCSCCCSCC[C@H](NC(=O)[C@H](CC2=CNC3=CC=CC=C23)NC(=O)[C@H](CC(O)=O)NC(=O)[C@H](CC2=CNC3=CC=CC=C23)NC(=O)[C@H](CCCCCCCC)NC(=O)[C@H](CC(O)=O)NC1=O)C(=O)N[C@@H](CCCCNC(=O)CCOCCOCCOCCOCCOCCOCCOCCOCCOCCOCCOCCOCCOCCOCCOCCOCCOCCOCCOCCOCCOCCC(=O)NCCCC[C@H](NC(=O)[C@@H]1CCSCCCSCC[C@H](NC(=O)[C@H](CC(N)=O)NC(=O)[C@@H](NC(=O)[C@H](CC2=CN=CN2)NC(=O)[C@@H](NC(=O)C[H])[C@@H](C)CC)C(C)(C)C)C(=O)N2C[C@H](C[C@H]2C(=O)N[C@@H](C[H])C(=O)N[C@@H](CC(O)=O)C(=O)N[C@@H](CCCCCCCC)C(=O)N[C@@H](CC2=CNC3=CC=CC=C23)C(=O)N[C@@H](CC(O)=O)C(=O)N[C@@H](CC2=CNC3=CC=CC=C23)C(=O)N1)C(F)(F)F)C(=O)N[C@H](CCCNC(N)=N)C(N)=O)C(=O)N[C@H](CCCNC(N)=N)C(N)=O)NC(=O)[C@H](CC(N)=O)NC(=O)[C@@H](NC(=O)[C@H](CC1=CN=CN1)NC(=O)[C@@H](NC(=O)C[H])[C@@H](C)CC)C(C)(C)C)C(F)(F)F,4,4,,,,,,,,,,,,,,,,,False,True,True,False,150,150
331,[H]CC(=O)NCCCC[C@H](NC(=O)[C@@H](NC(=O)[C@@H](NC(=O)[C@H](CC1=CN=CN1)NC(=O)[C@@H](NC(=O)C[H])[C@@H](C)CC)C(C)C)[C@@H](C)O)C(=O)N1[C@@H](C[C@]2([H])CCCC[C@]12[H])C(=O)N[C@@H](CCCCNC(=O)COCCOCCNC(=O)COCCOCCNC(=O)CC[C@H](NC(=O)CCCCCCCCCCCCCCC)C(O)=O)C(=O)N[C@@H](CC(O)=O)C(=O)N[C@@H](CCCCCCCC)C(=O)N[C@@H](CC1=CNC2=CC=CC=C12)C(=O)N[C@@H](CC(O)=O)C(=O)N[C@@H](CC1=CNC2=CC=CC=C12)C(=O)N[C@@H](CS[H])C(=O)N[C@@H](CCCCNC(=O)CCOCCOCCOCCOCCOCCOCCOCCOCCOCCOCCOCCOCCOCCOCCOCCOCCOCCOCCOCCOCCOCCC(=O)NCCCC[C@H](NC(=O)[C@H](CS[H])NC(=O)[C@H](CC1=CNC2=CC=CC=C12)NC(=O)[C@H](CC(O)=O)NC(=O)[C@H](CC1=CNC2=CC=CC=C12)NC(=O)[C@H](CCCCCCCC)NC(=O)[C@H](CC(O)=O)NC(=O)[C@H](CCCCNC(=O)COCCOCCNC(=O)COCCOCCNC(=O)CC[C@H](NC(=O)CCCCCCCCCCCCCCC)C(O)=O)NC(=O)[C@@H]1C[C@]2([H])CCCC[C@]2([H])N1C(=O)[C@H](CCCCNC(=O)C[H])NC(=O)[C@@H](NC(=O)[C@@H](NC(=O)[C@H](CC1=CN=CN1)NC(=O)[C@@H](NC(=O)C[H])[C@@H](C)CC)C(C)C)[C@@H](C)O)C(=O)N[C@H](CCCNC(N)=N)C(N)=O)C(=O)N[C@H](CCCNC(N)=N)C(N)=O,4,1,,,,,,,,,,,,,,,,,False,True,True,False,150,30
380,[H]NC(=O)C[C@H](NC(=O)[C@@H]1CCCSSCCC[C@H](NC(=O)[C@@]([H])(NC(=O)[C@H](CCCCCCCC)NC(=O)[C@H](CCCC[N+](C)(C)C)NC(=O)[C@@]([H])(NC(=O)[C@H](CCC(O)=O)NC(C)=O)[C@@H](C)CC)[C@@H](C)O[H])C(=O)N2C3CCCCC3C[C@H]2C(=O)N[C@@H](C)C(=O)N[C@@H](CC(C(O)=O)C(=O)N[C@@H](CCCCCCCC)C(=O)N[C@@H](CC2=CN([H])C3=C2C=CC=C3)C(=O)N[C@@H](CC(O)=O)C(=O)N[C@@H](CC2=CN([H])C3=C2C=CC=C3)C(=O)N1)C(O)=O)C(=O)N[C@H](CCCN=C(N)N[H])C(N)=O,4,1,,,,,,,,,,,,,,,,,True,False,True,True,150,30
164,[H]C[C@H](NC(=O)[C@@H]1CC([H])CN1C(=O)[C@@H](NC(=O)[C@@H](NC(=O)[C@H](CCCCCCCC)NC(=O)[C@H](CC1=CN=CN1)NC(=O)[C@@H](NC(=O)C[H])[C@@H](C)CC)[C@@H](C)O)C1CCCCC1)C(=O)N[C@@H](CC(C(O)=O)C(O)=O)C(=O)N[C@H]1CCC\C=C\CCC[C@H](NC(=O)[C@H](CC2=CNC3=CC=CC=C23)NC(=O)[C@H](CC(O)=O)NC(=O)[C@H](CC2=CNC3=CC=CC=C23)NC1=O)C(=O)N[C@@H](CCCCNC(=O)CCOCCOCCOCCOCCOCCOCCOCCOCCOCCOCCOCCOCCOCCOCCOCCOCCOCCOCCOCCOCCOCCC(=O)NCCCC[C@H](NC(=O)[C@@H]1CCC\C=C\CCC[C@H](NC(=O)[C@H](CC(C(O)=O)C(O)=O)NC(=O)[C@H](C[H])NC(=O)[C@@H]2CC([H])CN2C(=O)[C@@H](NC(=O)[C@@H](NC(=O)[C@H](CCCCCCCC)NC(=O)[C@H](CC2=CN=CN2)NC(=O)[C@@H](NC(=O)C[H])[C@@H](C)CC)[C@@H](C)O)C2CCCCC2)C(=O)N[C@@H](CC2=CNC3=CC=CC=C23)C(=O)N[C@@H](CC(O)=O)C(=O)N[C@@H](CC2=CNC3=CC=CC=C23)C(=O)N1)C(=O)N[C@H](CCCNC(N)=N)C(N)=O)C(=O)N[C@H](CCCNC(N)=N)C(N)=O,4,1,,,,,,,,,,,,,,,,,False,True,True,False,150,30
439,[H]NC(C[C@@H](C(N[C@@H](C(N)=O)CCC/N=C(N[H])\N)=O)NC([C@@H]1CCCSSCCC[C@@H](C(N2C3CCCCC3C[C@H]2C(N[C@H](C(N[C@H](C(O)=O)CC(C(N[C@H](C(N[C@H](C(N[C@H](C(N[C@H](C(N1)=O)Cc4c5ccccc5n([H])c4)=O)CC(O)=O)=O)Cc6c7ccccc7n([H])c6)=O)CCCCCCCC)=O)C(O)=O)=O)C)=O)=O)NC([C@@](NC([C@H](C(C)C)NC([C@@H](NC([C@@](NC(C)=O)([C@H](CC)C)[H])=O)CCCC[N+](C)(C)C)=O)=O)([C@H](O[H])C)[H])=O)=O)=O,1,4,,,,,,,,,,,,,,,,,True,False,True,True,30,150
661,[H]C[C@@H]1NC(=O)[C@@H]2C[C@]3([H])CCCC[C@]3([H])N2C(=O)[C@H](CCSCCCSCC[C@H](NC(=O)[C@H](CC2=CNC3=CC=CC=C23)NC(=O)[C@H](CCC(O)=O)NC(=O)[C@H](CC2=CC=CC3=CC=CC=C23)NC(=O)[C@H](CCCCCCCC)NC(=O)[C@H](CC(O)=O)NC1=O)C(=O)N[C@@H](CCCCNC(=O)CCOCCOCCOCCOCCOCCOCCOCCOCCOCCOCCOCCOCCOCCOCCOCCOCCOCCOCCOCCOCCOCCC(=O)NCCCC[C@H](NC(=O)[C@@H]1CCSCCCSCC[C@H](NC(=O)[C@H](CCC(O)=O)NC(=O)[C@@H](NC(=O)[C@H](CCCC[N+](C)(C)C)NC(=O)[C@@H](NC(=O)[C@H](CCC(O)=O)NC(=O)CC(C)C)[C@@H](C)CC)C(C)(C)C)C(=O)N2[C@@H](C[C@]3([H])CCCC[C@]23[H])C(=O)N[C@@H](C[H])C(=O)N[C@@H](CC(O)=O)C(=O)N[C@@H](CCCCCCCC)C(=O)N[C@@H](CC2=CC=CC3=CC=CC=C23)C(=O)N[C@@H](CCC(O)=O)C(=O)N[C@@H](CC2=CNC3=CC=CC=C23)C(=O)N1)C(=O)N[C@H](CCCNC(N)=N)C(N)=O)C(=O)N[C@H](CCCNC(N)=N)C(N)=O)NC(=O)[C@H](CCC(O)=O)NC(=O)[C@@H](NC(=O)[C@H](CCCC[N+](C)(C)C)NC(=O)[C@@H](NC(=O)[C@H](CCC(O)=O)NC(=O)CC(C)C)[C@@H](C)CC)C(C)(C)C,4,4,,,,,,,,,,,,,,,,,False,True,True,False,150,150
646,[H]C[C@@H]1NC(=O)[C@@H]2C[C@]3([H])CCCC[C@]3([H])N2C(=O)[C@H](CCSCCCSCC[C@H](NC(=O)[C@H](CC2=CNC3=CC=CC=C23)NC(=O)[C@H](CCC(O)=O)NC(=O)[C@H](CC2=CNC3=CC=CC=C23)NC(=O)[C@H](CCCCCCCC)NC(=O)[C@H](CC(O)=O)NC1=O)C(=O)N[C@@H](CCCCNC(=O)CCOCCOCCOCCOCCOCCOCCOCCOCCOCCOCCOCCOCCOCCOCCOCCOCCOCCOCCOCCOCCOCCC(=O)NCCCC[C@H](NC(=O)[C@@H]1CCSCCCSCC[C@H](NC(=O)[C@H](CCC(O)=O)NC(=O)[C@@H](NC(=O)[C@H](CCCC[N+](C)(C)C)NC(=O)[C@@H](NC(=O)[C@@H](CC2=CN=CN2)NC(=O)CC(C)C)C(C)C)C(C)(C)C)C(=O)N2[C@@H](C[C@]3([H])CCCC[C@]23[H])C(=O)N[C@@H](C[H])C(=O)N[C@@H](CC(O)=O)C(=O)N[C@@H](CCCCCCCC)C(=O)N[C@@H](CC2=CNC3=CC=CC=C23)C(=O)N[C@@H](CCC(O)=O)C(=O)N[C@@H](CC2=CNC3=CC=CC=C23)C(=O)N1)C(=O)N[C@H](CCCNC(N)=N)C(N)=O)C(=O)N[C@H](CCCNC(N)=N)C(N)=O)NC(=O)[C@H](CCC(O)=O)NC(=O)[C@@H](NC(=O)[C@H](CCCC[N+](C)(C)C)NC(=O)[C@@H](NC(=O)[C@@H](CC1=CN=CN1)NC(=O)CC(C)C)C(C)C)C(C)(C)C,4,4,,,,,,,,,,,,,,,,,False,True,True,False,150,150
262,[H]NC(=O)C[C@H](NC(=O)[C@@H]1CCCSSCCC[C@H](NC(=O)[C@@]([H])(NC(=O)[C@H](CC(C)(C)C)NC(=O)[C@H](CC2=CN=CC=C2)NC(=O)[C@@]([H])(NC(C)=O)[C@@H](C)CC)[C@@H](C)O[H])C(=O)N2C3CCCCC3C[C@H]2C(=O)N[C@@H](C)C(=O)N[C@@H](CC(C(O)=O)C(=O)N[C@@H](CCCCCCCC)C(=O)N[C@@H](CC2=CN([H])C3=C2C=CC=C3)C(=O)N[C@@H](CC(O)=O)C(=O)N[C@@H](CC2=CN([H])C3=C2C=CC=C3)C(=O)N1)C(O)=O)C(=O)N[C@H](CCCN=C(N)N[H])C(N)=O,4,1,,,,,,,,,,,,,,,,,True,False,True,True,150,30
306,[H]C[C@@H]1NC(=O)[C@@H]2C[C@]3([H])CCCC[C@]3([H])N2C(=O)[C@H](CCCCNC(=O)CSC[C@H](NC(=O)[C@H](CC2=CNC3=CC=CC=C23)NC(=O)[C@H](CC(O)=O)NC(=O)[C@H](CC2=CNC3=CC=CC=C23)NC(=O)[C@H](CCCCCCCC)NC(=O)[C@H](CC(O)=O)NC1=O)C(=O)N[C@@H](CCCCNC(=O)CCOCCOCCOCCOCCOCCOCCOCCOCCOCCOCCOCCOCCOCCOCCOCCOCCOCCOCCOCCOCCOCCC(=O)NCCCC[C@H](NC(=O)[C@@H]1CSCC(=O)NCCCC[C@H](NC(=O)[C@@H](NC(=O)[C@@H](NC(=O)[C@H](CC2=C(F)C(F)=C(F)C(F)=C2F)NC(=O)[C@@H](NC(=O)C[H])[C@@H](C)CC)C(C)C)[C@@H](C)O)C(=O)N2[C@@H](C[C@]3([H])CCCC[C@]23[H])C(=O)N[C@@H](C[H])C(=O)N[C@@H](CC(O)=O)C(=O)N[C@@H](CCCCCCCC)C(=O)N[C@@H](CC2=CNC3=CC=CC=C23)C(=O)N[C@@H](CC(O)=O)C(=O)N[C@@H](CC2=CNC3=CC=CC=C23)C(=O)N1)C(=O)N[C@H](CCCNC(N)=N)C(N)=O)C(=O)N[C@H](CCCNC(N)=N)C(N)=O)NC(=O)[C@@H](NC(=O)[C@@H](NC(=O)[C@H](CC1=C(F)C(F)=C(F)C(F)=C1F)NC(=O)[C@@H](NC(=O)C[H])[C@@H](C)CC)C(C)C)[C@@H](C)O,1,1,,,,,,,,,,,,,,,,,False,True,True,False,30,30
147,[H][C@](NC(=O)[C@H](CC(C)(C)C)NC(=O)[C@H](CC1=CNC=N1)NC(=O)[C@@]([H])(NC(C)=O)[C@@H](C)CC)([C@@H](C)O)C(=O)N[C@H]1CCCSSCCC[C@H](NC(=O)[C@H](CC2=CNC3=C2C=CC=C3)NC(=O)[C@H](CC(O)=O)NC(=O)[C@H](CC2=CNC3=C2C=CC=C3C2=CC=CC=C2)NC(=O)[C@H](CCCCCCCC)NC(=O)[C@H](CC(O)=O)NC(=O)[C@H](C)NC(=O)[C@@H]2CCCN2C1=O)C(=O)N[C@@H](CCCCNC(=O)CCOCCOCCOCCOCCOCCOCCOCCOCCOCCOCCOCCOCCOCCOCCOCCOCCOCCOCCOCCOCCOCCC(=O)NCCCC[C@H](NC(=O)[C@@H]1CCCSSCCC[C@H](NC(=O)[C@@]([H])(NC(=O)[C@H](CC(C)(C)C)NC(=O)[C@H](CC2=CNC=N2)NC(=O)[C@@]([H])(NC(C)=O)[C@@H](C)CC)[C@@H](C)O)C(=O)N2CCC[C@H]2C(=O)N[C@@H](C)C(=O)N[C@@H](CC(O)=O)C(=O)N[C@@H](CCCCCCCC)C(=O)N[C@@H](CC2=CNC3=C2C=CC=C3C2=CC=CC=C2)C(=O)N[C@@H](CC(O)=O)C(=O)N[C@@H](CC2=CNC3=C2C=CC=C3)C(=O)N1)C(=O)N[C@H](CCCNC(N)=N)C(N)=O)C(=O)N[C@H](CCCNC(N)=N)C(N)=O,4,3,,,,,,,,,,,,,,,,,False,True,True,True,150,105
580,[H]C[C@@H]1NC(=O)[C@@H]2C[C@]3([H])CCCC[C@]3([H])N2C(=O)[C@H](CCCC\C=C/CC[C@H](NC(=O)[C@H](CC2=CNC3=CC=CC=C23)NC(=O)[C@H](CC(O)=O)NC(=O)[C@H](CC2=CNC3=CC=CC=C23)NC(=O)[C@H](CCCCCCCC)NC(=O)[C@H](CC(O)=O)NC1=O)C(=O)N[C@@H](CCCCNC(=O)CCOCCOCCOCCOCCOCCOCCOCCOCCOCCOCCOCCOCCOCCOCCOCCOCCOCCOCCOCCOCCOCCC(=O)NCCCC[C@H](NC(=O)[C@@H]1CC\C=C/CCCC[C@H](NC(=O)[C@H](CCC(O)=O)NC(=O)[C@@H](NC(=O)[C@H](CCC(N)=O)NC(=O)[C@@H](NC(=O)C[H])[C@@H](C)CC)C(C)C)C(=O)N2[C@@H](C[C@]3([H])CCCC[C@]23[H])C(=O)N[C@@H](C[H])C(=O)N[C@@H](CC(O)=O)C(=O)N[C@@H](CCCCCCCC)C(=O)N[C@@H](CC2=CNC3=CC=CC=C23)C(=O)N[C@@H](CC(O)=O)C(=O)N[C@@H](CC2=CNC3=CC=CC=C23)C(=O)N1)C(=O)N[C@H](CCCNC(N)=N)C(N)=O)C(=O)N[C@H](CCCNC(N)=N)C(N)=O)NC(=O)[C@H](CCC(O)=O)NC(=O)[C@@H](NC(=O)[C@H](CCC(N)=O)NC(=O)[C@@H](NC(=O)C[H])[C@@H](C)CC)C(C)C,4,1,,,,,,,,,,,,,,,,,False,True,True,False,150,30
698,[H]C[C@H](NC(=O)[C@H](CC(N)=O)NC(=O)[C@@H]1CCSCCCSCC[C@H](NC(=O)[C@@H](NC(=O)[C@H](CC(C)(C)C)NC(=O)[C@H](C2=CN=CN2)NC(=O)[C@H](CCCC2=CCC=CC=C2)NC(=O)[C@@H](CC2=CN=CN2)NC(=O)CC(C)C)[C@@H](C)O)C(=O)N2[C@@H](C[C@]3([H])CCCC[C@]23[H])C(=O)N[C@@H](C[H])C(=O)N[C@@H](CC(O)=O)C(=O)N[C@@H](CCCCCCCCCC)C(=O)N[C@@H](CC2=CNC3=CC=CC=C23)C(=O)N[C@@H](CCC(O)=O)C(=O)N[C@@H](CC2=CNC3=CC=CC=C23)C(=O)N1)C(=O)N[C@@H](CCCC(O)=O)C(N)=O,4,4,,,,,,,,,,,,,,,,,True,False,True,False,150,150
307,[H]C[C@@H]1NC(=O)[C@@H]2C[C@]3([H])CCCC[C@]3([H])N2C(=O)[C@H](CCCCCCCC[C@H](NC(=O)[C@H](CC2=CNC3=CC=C(C)C=C23)NC(=O)[C@H](CC(O)=O)NC(=O)[C@H](CC2=CNC3=CC=CC=C23)NC(=O)[C@H](CCCCCCCC)NC(=O)[C@H](CC(O)=O)NC1=O)C(=O)N[C@@H](CCCCNC(=O)CCOCCOCCOCCOCCOCCOCCOCCOCCOCCOCCOCCOCCOCCOCCOCCOCCOCCOCCOCCOCCOCCC(=O)NCCCC[C@H](NC(=O)[C@@H]1CCCCCCCC[C@H](NC(=O)[C@@H](NC(=O)[C@H](CC(C)(C)C)NC(=O)[C@H](CC2=CN=CN2)NC(=O)[C@@H](NC(=O)C[H])[C@@H](C)CC)[C@@H](C)O)C(=O)N2[C@@H](C[C@]3([H])CCCC[C@]23[H])C(=O)N[C@@H](C[H])C(=O)N[C@@H](CC(O)=O)C(=O)N[C@@H](CCCCCCCC)C(=O)N[C@@H](CC2=CNC3=CC=CC=C23)C(=O)N[C@@H](CC(O)=O)C(=O)N[C@@H](CC2=CNC3=CC=C(C)C=C23)C(=O)N1)C(=O)N[C@H](CCCNC(N)=N)C(N)=O)C(=O)N[C@H](CCCNC(N)=N)C(N)=O)NC(=O)[C@@H](NC(=O)[C@H](CC(C)(C)C)NC(=O)[C@H](CC1=CN=CN1)NC(=O)[C@@H](NC(=O)C[H])[C@@H](C)CC)[C@@H](C)O,4,4,,,,,,,,,,,,,,,,,False,True,True,False,150,150
597,[H]C[C@@H]1NC(=O)[C@@H]2C[C@]3([H])CCCC[C@]3([H])N2C(=O)[C@H](CCSCCCSCC[C@H](NC(=O)[C@H](CC2=CNC3=CC=CC=C23)NC(=O)[C@H](CCC(O)=O)NC(=O)[C@H](CC2=CNC3=CC=CC=C23)NC(=O)[C@H](CCCCCCCC)NC(=O)[C@H](CC(O)=O)NC1=O)C(=O)N[C@@H](CC(N)=O)C(=O)N[C@H](CCCNC(N)=N)C(N)=O)NC(=O)[C@@H](NC(=O)[C@H](CC(C)(C)C)NC(=O)[C@H](CC1=CN=CN1)NC(=O)[C@@H](NC(=O)[C@H](CCC(=O)OC)NC(=O)C[H])C(C)C)[C@@H](C)O,2,4,,,,,,,,,,,,,,,,,True,False,True,False,75,150
633,[H]CC(=O)N[C@@]([H])([C@@H](C)CC)C(=O)N[C@@H](CCCC[N+](C)(C)C)C(=O)N[C@H](C(=O)N[C@@H](CCC(O)=O)C(=O)N[C@H]1CCCCCCCC[C@H](NC(=O)[C@H](CC2=CN([H])C3=C2C=CC=C3)NC(=O)[C@H](CC(O)=O)NC(=O)[C@H](CC2=CN([H])C3=C2C=CC=C3)NC(=O)[C@H](CCCCCCCC)NC(=O)[C@H](CC(O)=O)NC(=O)[C@H](C)NC(=O)[C@@H]2C[C@]3([H])CCCC[C@]3([H])N2C1=O)C(=O)N[C@@H](CCCCNC(=O)CCOCCOCCOCCOCCOCCOCCOCCOCCOCCOCCOCCOCCOCCOCCOCCOCCOCCOCCOCCOCCOCCC(=O)NCCCC[C@H](NC(=O)[C@@H]1CCCCCCCC[C@H](NC(=O)[C@H](CCC(O)=O)NC(=O)[C@@H](NC(=O)[C@H](CCCC[N+](C)(C)C)NC(=O)[C@@]([H])(NC(=O)C[H])[C@@H](C)CC)C(C)(C)C)C(=O)N2[C@@H](C[C@]3([H])CCCC[C@]23[H])C(=O)N[C@@H](C)C(=O)N[C@@H](CC(O)=O)C(=O)N[C@@H](CCCCCCCC)C(=O)N[C@@H](CC2=CN([H])C3=C2C=CC=C3)C(=O)N[C@@H](CC(O)=O)C(=O)N[C@@H](CC2=CN([H])C3=C2C=CC=C3)C(=O)N1)C(=O)N[C@H](CCCNC(N)=N)C(N)=O)C(=O)N[C@H](CCCNC(N)=N)C(N)=O)C(C)(C)C,4,4,,,,,,,,,,,,,,,,,False,True,True,False,150,150
190,[H][C@](NC(=O)[C@H](CC1CC1)NC(=O)[C@H](CCO)NC(=O)[C@@]([H])(NC(C)=O)[C@@H](C)CC)([C@@H](C)O)C(=O)N[C@H]1CCSCC=C\CSC[C@H](NC(=O)[C@H](CC2=CNC3=C2C=CC=C3)NC(=O)[C@H](CC(O)=O)NC(=O)[C@H](CC2=CNC3=C2C=CC=C3)NC(=O)[C@H](CCCCCCCC)NC(=O)[C@H](CC(O)=O)NC(=O)[C@H](C)NC(=O)[C@@H]2CCCN2C1=O)C(=O)N[C@@H](CCCCNC(=O)CCOCCOCCOCCOCCOCCOCCOCCOCCOCCOCCOCCOCCOCCOCCOCCOCCOCCOCCOCCOCCOCCC(=O)NCCCC[C@H](NC(=O)[C@@H]1CSC\C=C\CSCC[C@H](NC(=O)[C@@]([H])(NC(=O)[C@H](CC2CC2)NC(=O)[C@H](CCO)NC(=O)[C@@]([H])(NC(C)=O)[C@@H](C)CC)[C@@H](C)O)C(=O)N2CCC[C@H]2C(=O)N[C@@H](C)C(=O)N[C@@H](CC(O)=O)C(=O)N[C@@H](CCCCCCCC)C(=O)N[C@@H](CC2=CNC3=C2C=CC=C3)C(=O)N[C@@H](CC(O)=O)C(=O)N[C@@H](CC2=CNC3=C2C=CC=C3)C(=O)N1)C(=O)N[C@H](CCCNC(N)=N)C(N)=O)C(=O)N[C@H](CCCNC(N)=N)C(N)=O,1,1,,,,,,,,,,,,,,,,,False,True,True,False,30,30
167,[H]C[C@H](NC(=O)[C@@H]1C[C@]2([H])CCCC[C@]2([H])N1C(=O)[C@@H](NC(=O)[C@@H](NC(=O)[C@H](CCCCCCCC)NC(=O)[C@H](CC1=CN=CN1)NC(=O)[C@@H](NC(=O)C[H])C1CCCCC1)[C@@H](C)O)C1CCCCC1)C(=O)N[C@@H](CC(C(O)=O)C(O)=O)C(=O)N[C@H]1CCCC=C\CCC[C@H](NC(=O)[C@H](CC2=CNC3=CC=CC=C23)NC(=O)[C@H](CC(O)=O)NC(=O)[C@H](CC2=CNC3=C=CCC=C23)NC1=O)C(=O)N[C@@H](CCCCNC(=O)CCOCCOCCOCCOCCOCCOCCOCCOCCOCCOCCOCCOCCOCCOCCOCCOCCOCCOCCOCCOCCOCCC(=O)NCCCC[C@H](NC(=O)[C@@H]1CCC\C=C\CCC[C@H](NC(=O)[C@H](CC(C(O)=O)C(O)=O)NC(=O)[C@H](C[H])NC(=O)[C@@H]2C[C@]3([H])CCCC[C@]3([H])N2C(=O)[C@@H](NC(=O)[C@@H](NC(=O)[C@H](CCCCCCCC)NC(=O)[C@H](CC2=CN=CN2)NC(=O)[C@@H](NC(=O)C[H])C2CCCCC2)[C@@H](C)O)C2CCCCC2)C(=O)N[C@@H](CC2=CNC3=CC=CC=C23)C(=O)N[C@@H](CC(O)=O)C(=O)N[C@@H](CC2=CNC3=CC=CC=C23)C(=O)N1)C(=O)N[C@H](CCCNC(N)=N)C(N)=O)C(=O)N[C@H](CCCNC(N)=N)C(N)=O,1,1,,,,,,,,,,,,,,,,,False,True,True,False,30,30
187,[H]C[C@H](NC(=O)[C@@H]1C[C@]2([H])CCCC[C@]2([H])N1C(=O)[C@@H](NC(=O)[C@@H](NC(=O)[C@H](CC(C)(C)C)NC(=O)[C@H](CC1=CN=CN1)NC(=O)[C@@H](NC(=O)C[H])C1CCCCC1)[C@@H](C)O)C1CCCCC1)C(=O)N[C@@H](CC(C(O)=O)C(O)=O)C(=O)N[C@H]1CCC\C=C\CCC[C@H](NC(=O)[C@H](CC2=CNC3=CC=CC=C23)NC(=O)[C@H](CC(O)=O)NC(=O)[C@H](CC2=CNC3=CC=CC=C23)NC1=O)C(=O)N[C@@H](CCCCNC(=O)CCOCCOCCOCCOCCOCCOCCOCCOCCOCCOCCOCCOCCOCCOCCOCCOCCOCCOCCOCCOCCOCCC(=O)NCCCC[C@H](NC(=O)[C@@H]1CCC\C=C\CCC[C@H](NC(=O)[C@H](CC(C(O)=O)C(O)=O)NC(=O)[C@H](C[H])NC(=O)[C@@H]2C[C@]3([H])CCCC[C@]3([H])N2C(=O)[C@@H](NC(=O)[C@@H](NC(=O)[C@H](CC(C)(C)C)NC(=O)[C@H](CC2=CN=CN2)NC(=O)[C@@H](NC(=O)C[H])C2CCCCC2)[C@@H](C)O)C2CCCCC2)C(=O)N[C@@H](CC2=CNC3=CC=CC=C23)C(=O)N[C@@H](CC(O)=O)C(=O)N[C@@H](CC2=CNC3=CC=CC=C23)C(=O)N1)C(=O)N[C@H](CCCNC(N)=N)C(N)=O)C(=O)N[C@H](CCCNC(N)=N)C(N)=O,4,2,,,,,,,,,,,,,,,,,False,True,True,False,150,75
383,[H]C[C@@H]1NC(=O)[C@@H]2C[C@]3([H])CCCC[C@]3([H])N2C(=O)[C@H](CSCCCCCSC[C@H](NC(=O)[C@H](CC2=CNC3=CC=CC=C23)NC(=O)[C@H](CC(O)=O)NC(=O)[C@H](CC2=CNC3=CC=CC=C23)NC(=O)[C@H](CCCCCCCC)NC(=O)[C@H](CC(O)=O)NC1=O)C(=O)N[C@@H](CCCCNC(=O)CCOCCOCCOCCOCCOCCOCCOCCOCCOCCOCCOCCOCCOCCOCCOCCOCCOCCOCCOCCOCCOCCC(=O)NCCCC[C@H](NC(=O)[C@@H]1CSCCCCCSC[C@H](NC(=O)[C@@H](NC(=O)[C@@H](NC(=O)[C@H](CCCC[N+](C)(C)C)NC(=O)[C@@H](NC(=O)C[H])[C@@H](C)CC)C(C)C)[C@@H](C)O)C(=O)N2[C@@H](C[C@]3([H])CCCC[C@]23[H])C(=O)N[C@@H](C[H])C(=O)N[C@@H](CC(O)=O)C(=O)N[C@@H](CCCCCCCC)C(=O)N[C@@H](CC2=CNC3=CC=CC=C23)C(=O)N[C@@H](CC(O)=O)C(=O)N[C@@H](CC2=CNC3=CC=CC=C23)C(=O)N1)C(=O)N[C@H](CCCNC(N)=N)C(N)=O)C(=O)N[C@H](CCCNC(N)=N)C(N)=O)NC(=O)[C@@H](NC(=O)[C@@H](NC(=O)[C@H](CCCC[N+](C)(C)C)NC(=O)[C@@H](NC(=O)C[H])[C@@H](C)CC)C(C)C)[C@@H](C)O,3,4,,,,,,,,,,,,,,,,,False,True,True,False,105,150
263,[H]NC(=O)C[C@H](NC(=O)[C@@H]1CCCSSCCC[C@H](NC(=O)[C@@]([H])(NC(=O)[C@H](CC(C)(C)C)NC(=O)[C@H](CC2=CC=C(C=C2)C(N)=O)NC(=O)[C@@]([H])(NC(C)=O)[C@@H](C)CC)[C@@H](C)O[H])C(=O)N2C3CCCCC3C[C@H]2C(=O)N[C@@H](C)C(=O)N[C@@H](CC(C(O)=O)C(=O)N[C@@H](CCCCCCCC)C(=O)N[C@@H](CC2=CN([H])C3=C2C=CC=C3)C(=O)N[C@@H](CC(O)=O)C(=O)N[C@@H](CC2=CN([H])C3=C2C=CC=C3)C(=O)N1)C(O)=O)C(=O)N[C@H](CCCN=C(N)N[H])C(N)=O,4,1,,,,,,,,,,,,,,,,,True,False,True,True,150,30
127,[H]C[C@@H]1NC(=O)[C@@H]2CC([H])CN2C(=O)[C@H](CCCSSCCC[C@H](NC(=O)[C@H](CC2=CNC3=CC=CC=C23)NC(=O)[C@H](CC(O)=O)NC(=O)[C@H](CC2=CNC3=CC=CC=C23)NC(=O)[C@H](CCCCCCCC)NC(=O)[C@H](CC(C(O)=O)C(O)=O)NC1=O)C(=O)N[C@@H](CCCCNC(=O)CCOCCOCCOCCOCCOCCOCCOCCOCCOCCOCCOCCOCCOCCOCCOCCOCCOCCOCCOCCOCCOCCC(=O)NCCCC[C@H](NC(=O)[C@@H]1CCCSSCCC[C@H](NC(=O)[C@@H](NC(=O)[C@@H](NC(=O)[C@H](CC2=CN=CN2)NC(=O)[C@@H](NC(=O)C[H])[C@@H](C)CC)C(C)C)[C@@H](C)O)C(=O)N2CC([H])C[C@H]2C(=O)N[C@@H](C[H])C(=O)N[C@@H](CC(C(O)=O)C(O)=O)C(=O)N[C@@H](CCCCCCCC)C(=O)N[C@@H](CC2=CNC3=CC=CC=C23)C(=O)N[C@@H](CC(O)=O)C(=O)N[C@@H](CC2=CNC3=CC=CC=C23)C(=O)N1)C(=O)N[C@H](CCCNC(N)=N)C(N)=O)C(=O)N[C@H](CCCNC(N)=N)C(N)=O)NC(=O)[C@@H](NC(=O)[C@@H](NC(=O)[C@H](CC1=CN=CN1)NC(=O)[C@@H](NC(=O)C[H])[C@@H](C)CC)C(C)C)[C@@H](C)O,4,1,,,,,,,,,,,,,,,,,False,True,True,True,150,30
719,[H]C[C@@H]1NC(=O)[C@@H]2C[C@]3([H])CCCC[C@]3([H])N2C(=O)[C@H](CCCCCCCC[C@H](NC(=O)[C@H](CC2=CNC3=CC=CC=C23)NC(=O)[C@H](CC(O)=O)NC(=O)[C@H](CC2=CNC3=CC=CC=C23)NC(=O)[C@H](CCCCCCCC)NC(=O)[C@H](CC(O)=O)NC1=O)C(=O)N[C@@H](CCCCNC(=O)CCOCCOCCOCCOCCOCCOCCOCCOCCOCCOCCOCCOCCOCCOCCOCCOCCOCCOCCOCCOCCOCCC(=O)NCCCC[C@H](NC(=O)[C@@H]1CCCCCCCC[C@H](NC(=O)[C@@H](NC(=O)[C@@H](NC(=O)[C@H](CCCC[N+](C)(C)C)NC(=O)[C@@H](NC(=O)C[H])[C@@H](C)CC)C(C)C)[C@@H](C)O)C(=O)N2[C@@H](C[C@]3([H])CCCC[C@]23[H])C(=O)N[C@@H](C[H])C(=O)N[C@@H](CC(O)=O)C(=O)N[C@@H](CCCCCCCC)C(=O)N[C@@H](CC2=CNC3=CC=CC=C23)C(=O)N[C@@H](CC(O)=O)C(=O)N[C@@H](CC2=CNC3=CC=CC=C23)C(=O)N1)C(=O)N[C@H](CCCNC(N)=N)C(N)=O)C(=O)N[C@H](CCCNC(N)=N)C(N)=O)NC(=O)[C@@H](NC(=O)[C@@H](NC(=O)[C@H](CCCC[N+](C)(C)C)NC(=O)[C@@H](NC(=O)C[H])[C@@H](C)CC)C(C)C)[C@@H](C)O,4,4,,,,,,,,,,,,,,,,,False,True,True,False,150,150
273,[H][C@](NC(C)=O)([C@@H](C)CC)C(=O)N[C@@H](CCC(N)=O)C(=O)N[C@@H](CC(C)(C)C)C(=O)N[C@@H](CC(N)=O)C(=O)N[C@H]1CCSC\C=C\CSCC[C@H](NC(=O)[C@H](CC2=CNC3=C2C=CC=C3)NC(=O)[C@H](CC(O)=O)NC(=O)[C@H](CC2=CNC3=C2C=CC=C3)NC(=O)[C@H](CCCCCCCC)NC(=O)[C@H](CC(O)=O)NC(=O)[C@H](C)NC(=O)[C@@H]2CC3CCCCC3N2C1=O)C(=O)N[C@@H](CCCCNC(=O)CCOCCOCCOCCOCCOCCOCCOCCOCCOCCOCCOCCOCCOCCOCCOCCOCCOCCOCCOCCOCCOCCC(=O)NCCCC[C@H](NC(=O)[C@@H]1CCSC\C=C\CSCC[C@H](NC(=O)[C@H](CC(N)=O)NC(=O)[C@H](CC(C)(C)C)NC(=O)[C@H](CCC(N)=O)NC(=O)[C@@]([H])(NC(C)=O)[C@@H](C)CC)C(=O)N2C3CCCCC3C[C@H]2C(=O)N[C@@H](C)C(=O)N[C@@H](CC(O)=O)C(=O)N[C@@H](CCCCCCCC)C(=O)N[C@@H](CC2=CNC3=C2C=CC=C3)C(=O)N[C@@H](CC(O)=O)C(=O)N[C@@H](CC2=CNC3=C2C=CC=C3)C(=O)N1)C(=O)N[C@H](CCCNC(N)=N)C(N)=O)C(=O)N[C@H](CCCNC(N)=N)C(N)=O,4,4,,,,,,,,,,,,,,,,,False,True,True,False,150,150
640,[H]C[C@@H]1NC(=O)[C@@H]2C[C@]3([H])CCCC[C@]3([H])N2C(=O)[C@H](CCSCCCSCC[C@H](NC(=O)[C@H](CC2=CNC3=CC=CC=C23)NC(=O)[C@H](CCC(O)=O)NC(=O)[C@H](CC2=CNC3=CC=CC=C23)NC(=O)[C@H](CCCCCCCC)NC(=O)[C@H](CC(O)=O)NC1=O)C(=O)N[C@@H](CCCCNC(=O)CCOCCOCCOCCOCCOCCOCCOCCOCCNC(=O)COCC(=O)NCCOCCOCCOCCOCCOCCOCCOCCOCCC(=O)N([H])CCCC[C@H](NC(=O)[C@@H]1CCSCCCSCC[C@H](NC(=O)[C@H](CCC(O)=O)NC(=O)[C@@H](NC(=O)[C@H](CCCC[N+](C)(C)C)NC(=O)[C@@H](NC(=O)C[H])[C@@H](C)CC)C(C)C)C(=O)N2[C@@H](C[C@]3([H])CCCC[C@]23[H])C(=O)N[C@@H](C[H])C(=O)N[C@@H](CC(O)=O)C(=O)N[C@@H](CCCCCCCC)C(=O)N[C@@H](CC2=CNC3=CC=CC=C23)C(=O)N[C@@H](CCC(O)=O)C(=O)N[C@@H](CC2=CNC3=CC=CC=C23)C(=O)N1)C(=O)N[C@H](CCCNC(N)=N)C(N)=O)C(=O)N[C@H](CCCNC(N)=N)C(N)=O)NC(=O)[C@H](CCC(O)=O)NC(=O)[C@@H](NC(=O)[C@H](CCCC[N+](C)(C)C)NC(=O)[C@@H](NC(=O)C[H])[C@@H](C)CC)C(C)C,4,4,,,,,,,,,,,,,,,,,False,True,True,False,150,150
644,[H]C[C@@H]1NC(=O)[C@@H]2C[C@]3([H])CCCC[C@]3([H])N2C(=O)[C@H](CCSCCCSCC[C@H](NC(=O)[C@H](CC2=CNC3=CC=CC=C23)NC(=O)[C@H](CC(O)=O)NC(=O)[C@H](CC2=CNC3=CC=CC=C23)NC(=O)[C@H](CCCCCCCC)NC(=O)[C@H](CC(O)=O)NC1=O)C(=O)N[C@@H](CCCCNC(=O)CCOCCOCCOCCOCCOCCOCCOCCOCCOCCOCCOCCOCCOCCOCCOCCOCCOCCOCCOCCOCCOCCC(=O)NCCCC[C@H](NC(=O)[C@@H]1CCSCCCSCC[C@H](NC(=O)[C@H](CCC(O)=O)NC(=O)[C@@H](NC(=O)[C@H](CCCC[N+](C)(C)C)NC(=O)[C@@H](NC(=O)[C@H](CC2=CN=CN2)NC(=O)CCCC(O)=O)[C@@H](C)CC)C(C)(C)C)C(=O)N2[C@@H](C[C@]3([H])CCCC[C@]23[H])C(=O)N[C@@H](C[H])C(=O)N[C@@H](CC(O)=O)C(=O)N[C@@H](CCCCCCCC)C(=O)N[C@@H](CC2=CNC3=CC=CC=C23)C(=O)N[C@@H](CC(O)=O)C(=O)N[C@@H](CC2=CNC3=CC=CC=C23)C(=O)N1)C(=O)N[C@H](CCCNC(N)=N)C(N)=O)C(=O)N[C@H](CCCNC(N)=N)C(N)=O)NC(=O)[C@H](CCC(O)=O)NC(=O)[C@@H](NC(=O)[C@H](CCCC[N+](C)(C)C)NC(=O)[C@@H](NC(=O)[C@H](CC1=CN=CN1)NC(=O)CCCC(O)=O)[C@@H](C)CC)C(C)(C)C,4,4,,,,,,,,,,,,,,,,,False,True,True,False,150,150
387,[H]NC(=O)C[C@H](NC(=O)[C@@H]1CCCSSCCC[C@H](NC(=O)[C@@]([H])(NC(=O)[C@@H](NC(=O)[C@H](CCCC[N+](C)(C)C)NC(=O)[C@@]([H])(NC(=O)[C@@H](CCC(O)=O)NC(C)=O)[C@@H](C)CC)C(C)C)[C@@H](C)O[H])C(=O)N2C3CCCCC3C[C@H]2C(=O)N[C@@H](C)C(=O)N[C@@H](CC(O)=O)C(=O)N[C@@H](CCCCCCCC)C(=O)N[C@@H](CC2=CN([H])C3=C2C=CC=C3)C(=O)N[C@@H](CC(O)=O)C(=O)N[C@@H](CC2=CN([H])C3=C2C=CC=C3)C(=O)N1)C(=O)N[C@H](CCCN=C(N)N[H])C(N)=O,1,4,,,,,,,,,,,,,,,,,True,False,True,True,30,150
152,[H]NC(N)=NCCC[C@@H](NC(=O)[C@H](CCCCNC(=O)CCOCCOCCOCCOCCOCCOCCOCCOCCOCCOCCOCCOCCOCCOCCOCCOCCOCCOCCOCCOCCOCCC(=O)NCCCC[C@H](NC(=O)[C@@H]1CCCSSCCC[C@H](NC(=O)[C@@]([H])(NC(=O)[C@H](CC(C)(C)C)NC(=O)[C@H](CC2=CN([H])C=N2)NC(=O)[C@@]([H])(NC(C)=O)[C@@H](C)CC)[C@@H](C)O[H])C(=O)N2C3CCCCC3C[C@H]2C(=O)N[C@@H](C)C(=O)N[C@@H](CC(C(O)=O)C(=O)N[C@@H](CCCCCCCC)C(=O)N[C@@H](CC2=CN([H])C3=C2C=CC=C3)C(=O)N[C@@H](CC(O)=O)C(=O)N[C@@H](CC2=CN([H])C3=C2C=CC=C3)C(=O)N1)C(O)=O)C(=O)N[C@H](CCCN=C(N)N[H])C(N)=O)NC(=O)[C@@H]1CCCSSCCC[C@H](NC(=O)[C@@]([H])(NC(=O)[C@H](CC(C)(C)C)NC(=O)[C@H](CC2=CN([H])C=N2)NC(=O)[C@@]([H])(NC(C)=O)[C@@H](C)CC)[C@@H](C)O[H])C(=O)N2C3CCCCC3C[C@H]2C(=O)N[C@@H](C)C(=O)N[C@@H](CC(C(O)=O)C(=O)N[C@@H](CCCCCCCC)C(=O)N[C@@H](CC2=CN([H])C3=C2C=CC=C3)C(=O)N[C@@H](CC(O)=O)C(=O)N[C@@H](CC2=CN([H])C3=C2C=CC=C3)C(=O)N1)C(O)=O)C(N)=O,4,2,,,,,,,,,,,,,,,,,False,True,True,True,150,75
143,[H]NCCCC[C@H](NC(=O)[C@@H]1CCCSSCCC[C@H](NC(=O)[C@@]([H])(NC(=O)[C@H](CC(C)(C)C)NC(=O)[C@H](CC2=CN([H])C=N2)NC(=O)[C@@]([H])(NC(=O)CC(C)C)[C@@H](C)CC)[C@@H](C)O[H])C(=O)N2CCC[C@H]2C(=O)N[C@@H](C)C(=O)N[C@@H](CC(O)=O)C(=O)N[C@@H](CCCCCCCC)C(=O)N[C@@H](CC2=CN([H])C3=C2C=CC=C3)C(=O)N[C@@H](CC(O)=O)C(=O)N[C@@H](CC2=CN([H])C3=C2C=CC=C3)C(=O)N1)C(=O)N[C@H](CCCN=C(N)N[H])C(N)=O,1,1,,,,,,,,,,,,,,,,,True,False,True,True,30,30
142,[H]NC(N)=NCCC[C@@H](NC(=O)[C@H](CCCCNC(=O)CCOCCOCCOCCOCCOCCOCCOCCOCCOCCOCCOCCOCCOCCOCCOCCOCCOCCOCCOCCOCCOCCC(=O)NCCCC[C@H](NC(=O)[C@@H]1CCCSSCCC[C@H](NC(=O)[C@@]([H])(NC(=O)[C@@H](NC(=O)[C@H](CC2=CN([H])C=N2)NC(=O)[C@H](CCCCNC(=O)COCCOCCNC(=O)COCCOCCNC(=O)CC[C@H](NC(=O)CCCCCCCCCCC)C(O)=O)NC(C)=O)C(C)C)[C@@H](C)O[H])C(=O)N2CCC[C@H]2C(=O)N[C@@H](C)C(=O)N[C@@H](CC(O)=O)C(=O)N[C@@H](CCCCCCCC)C(=O)N[C@@H](CC2=CN([H])C3=C2C=CC=C3)C(=O)N[C@@H](CC(O)=O)C(=O)N[C@@H](CC2=CN([H])C3=C2C=CC=C3)C(=O)N1)C(=O)N[C@H](CCCN=C(N)N[H])C(N)=O)NC(=O)[C@@H]1CCCSSCCC[C@H](NC(=O)[C@@]([H])(NC(=O)[C@@H](NC(=O)[C@H](CC2=CN([H])C=N2)NC(=O)[C@H](CCCCNC(=O)COCCOCCNC(=O)COCCOCCNC(=O)CC[C@H](NC(=O)CCCCCCCCCCC)C(O)=O)NC(C)=O)C(C)C)[C@@H](C)O[H])C(=O)N2CCC[C@H]2C(=O)N[C@@H](C)C(=O)N[C@@H](CC(O)=O)C(=O)N[C@@H](CCCCCCCC)C(=O)N[C@@H](CC2=CN([H])C3=C2C=CC=C3)C(=O)N[C@@H](CC(O)=O)C(=O)N[C@@H](CC2=CN([H])C3=C2C=CC=C3)C(=O)N1)C(N)=O,1,2,,,,,,,,,,,,,,,,,False,True,True,True,30,75
313,[H][C@](NC(=O)[C@@H](NC(=O)[C@H](CCCNS(=O)(=O)C1=CC=C(C)C=C1)NC(=O)[C@@]([H])(NC(C)=O)[C@@H](C)CC)C(C)C)([C@@H](C)O)C(=O)N[C@H]1CCCSSCCC[C@H](NC(=O)[C@H](CC2=CNC3=C2C=CC=C3)NC(=O)[C@H](CC(O)=O)NC(=O)[C@H](CC2=CNC3=C2C=CC=C3)NC(=O)[C@H](CCCCCCCC)NC(=O)[C@H](CC(O)=O)NC(=O)[C@H](C)NC(=O)[C@@H]2CC3CCCCC3N2C1=O)C(=O)N[C@@H](CCCCNC(=O)CCOCCOCCOCCOCCOCCOCCOCCOCCOCCOCCOCCOCCOCCOCCOCCOCCOCCOCCOCCOCCOCCC(=O)NCCCC[C@H](NC(=O)[C@@H]1CCCSSCCC[C@H](NC(=O)[C@@]([H])(NC(=O)[C@@H](NC(=O)[C@H](CCCNS(=O)(=O)C2=CC=C(C)C=C2)NC(=O)[C@@]([H])(NC(C)=O)[C@@H](C)CC)C(C)C)[C@@H](C)O)C(=O)N2C3CCCCC3C[C@H]2C(=O)N[C@@H](C)C(=O)N[C@@H](CC(O)=O)C(=O)N[C@@H](CCCCCCCC)C(=O)N[C@@H](CC2=CNC3=C2C=CC=C3)C(=O)N[C@@H](CC(O)=O)C(=O)N[C@@H](CC2=CNC3=C2C=CC=C3)C(=O)N1)C(=O)N[C@H](CCCNC(N)=N)C(N)=O)C(=O)N[C@H](CCCNC(N)=N)C(N)=O,4,4,,,,,,,,,,,,,,,,,False,True,True,True,150,150
448,[H]C[C@@H]1NC(=O)[C@@H]2C[C@]3([H])CCCC[C@]3([H])N2C(=O)[C@H](CCSCCCSCC[C@H](NC(=O)[C@H](CC2=CNC3=CC=CC=C23)NC(=O)[C@H](CC(O)=O)NC(=O)[C@H](CC2=CNC3=CC=CC=C23)NC(=O)[C@H](CCCCCCCC)NC(=O)[C@H](CC(O)=O)NC1=O)C(=O)N[C@@H](CC(N)=O)C(=O)N[C@H](CCCNC(N)=N)C(N)=O)NC(=O)[C@@H](NC(=O)[C@@H](NC(=O)[C@H](CC1=CN=CN1)NC(=O)[C@@H](NC(=O)[C@H](CCC(O)=O)NC(=O)CC(C)C)[C@@H](C)CC)C(C)(C)C)[C@@H](C)O,4,1,,,,,,,,,,,,,,,,,True,False,True,False,150,30
417,[H]C[C@@H]1NC(=O)[C@@H]2C[C@]3([H])CCCC[C@]3([H])N2C(=O)[C@H](CCSCCCSCC[C@H](NC(=O)[C@H](CC2=CNC3=CC=CC=C23)NC(=O)[C@H](CC(O)=O)NC(=O)[C@H](CC2=CNC3=CC=CC=C23)NC(=O)[C@H](CCCCCCCC)NC(=O)[C@H](CC(O)=O)NC1=O)C(=O)N[C@@H](CCCCNC(=O)CCOCCOCCOCCOCCOCCOCCOCCOCCOCCOCCOCCOCCOCCOCCOCCOCCOCCOCCOCCOCCOCCC(=O)NCCCC[C@H](NC(=O)[C@@H]1CCSCCCSCC[C@H](NC(=O)[C@@H](NC(=O)[C@H](CC(F)(F)F)NC(=O)[C@H](CCCC[N+](C)(C)C)NC(=O)[C@@H](NC(=O)C[H])[C@@H](C)CC)[C@@H](C)O)C(=O)N2[C@@H](C[C@]3([H])CCCC[C@]23[H])C(=O)N[C@@H](C[H])C(=O)N[C@@H](CC(O)=O)C(=O)N[C@@H](CCCCCCCC)C(=O)N[C@@H](CC2=CNC3=CC=CC=C23)C(=O)N[C@@H](CC(O)=O)C(=O)N[C@@H](CC2=CNC3=CC=CC=C23)C(=O)N1)C(=O)N[C@H](CCCNC(N)=N)C(N)=O)C(=O)N[C@H](CCCNC(N)=N)C(N)=O)NC(=O)[C@@H](NC(=O)[C@H](CC(F)(F)F)NC(=O)[C@H](CCCC[N+](C)(C)C)NC(=O)[C@@H](NC(=O)C[H])[C@@H](C)CC)[C@@H](C)O,1,1,,,,,,,,,,,,,,,,,False,True,True,False,30,30
254,[H]NC(N)=NCCC[C@@H](NC(=O)[C@H](CCCCNC(=O)CCOCCOCCOCCOCCOCCOCCOCCOCCOCCOCCOCCOCCOCCOCCOCCOCCOCCOCCOCCOCCOCCC(=O)NCCCC[C@H](NC(=O)[C@@H]1CSCC2=CC=C(CSC[C@H](NC(=O)[C@@]([H])(NC(=O)[C@H](CC(C)(C)C)NC(=O)[C@H](CC3=CN([H])C=N3)NC(=O)[C@@]([H])(NC(C)=O)[C@@H](C)CC)[C@@H](C)O[H])C(=O)N3C4CCCCC4C[C@H]3C(=O)N[C@@H](C)C(=O)N[C@@H](CC(O)=O)C(=O)N[C@@H](CCCCCCCC)C(=O)N[C@@H](CC3=CN([H])C4=C3C=CC=C4)C(=O)N[C@@H](CC(O)=O)C(=O)N[C@@H](CC3=CN([H])C4=C3C=CC=C4)C(=O)N1)C=C2)C(=O)N[C@H](CCCN=C(N)N[H])C(N)=O)NC(=O)[C@@H]1CSCC2=CC=C(CSC[C@H](NC(=O)[C@@]([H])(NC(=O)[C@H](CC(C)(C)C)NC(=O)[C@H](CC3=CN([H])C=N3)NC(=O)[C@@]([H])(NC(C)=O)[C@@H](C)CC)[C@@H](C)O[H])C(=O)N3C4CCCCC4C[C@H]3C(=O)N[C@@H](C)C(=O)N[C@@H](CC(O)=O)C(=O)N[C@@H](CCCCCCCC)C(=O)N[C@@H](CC3=CN([H])C4=C3C=CC=C4)C(=O)N[C@@H](CC(O)=O)C(=O)N[C@@H](CC3=CN([H])C4=C3C=CC=C4)C(=O)N1)C=C2)C(N)=O,4,4,,,,,,,,,,,,,,,,,False,True,True,False,150,150
666,[H]C[C@@H]1NC(=O)[C@@H]2C[C@]3([H])CCCC[C@]3([H])N2C(=O)[C@H](CCCCCCCC[C@H](NC(=O)[C@H](CC2=CNC3=CC=CC=C23)NC(=O)[C@H](CC(O)=O)NC(=O)[C@H](CC2=CNC3=CC=CC=C23)NC(=O)[C@H](CCCCCCCC)NC(=O)[C@H](CC(O)=O)NC1=O)C(=O)N[C@@H](CCCCNC(=O)CCOCCOCCOCCOCCOCCOCCOCCOCCOCCOCCOCCOCCOCCOCCOCCOCCOCCOCCOCCOCCOCCC(=O)NCCCC[C@H](NC(=O)[C@@H]1CCCCCCCC[C@H](NC(=O)[C@H](CCC(O)=O)NC(=O)[C@@H](NC(=O)[C@H](CCCC[N+](C)(C)C)NC(=O)[C@@H](NC(=O)[C@@H](CCC(O)=O)NC(=O)CC(C)C)[C@@H](C)CC)C(C)(C)C)C(=O)N2[C@@H](C[C@]3([H])CCCC[C@]23[H])C(=O)N[C@@H](C[H])C(=O)N[C@@H](CC(O)=O)C(=O)N[C@@H](CCCCCCCC)C(=O)N[C@@H](CC2=CNC3=CC=CC=C23)C(=O)N[C@@H](CC(O)=O)C(=O)N[C@@H](CC2=CNC3=CC=CC=C23)C(=O)N1)C(=O)N[C@H](CCCNC(N)=N)C(N)=O)C(=O)N[C@H](CCCNC(N)=N)C(N)=O)NC(=O)[C@H](CCC(O)=O)NC(=O)[C@@H](NC(=O)[C@H](CCCC[N+](C)(C)C)NC(=O)[C@@H](NC(=O)[C@@H](CCC(O)=O)NC(=O)CC(C)C)[C@@H](C)CC)C(C)(C)C,4,4,,,,,,,,,,,,,,,,,False,True,True,False,150,150
123,[H]CC(=O)N[C@@H]([C@@H](C)CC)C(=O)N[C@@H](CC1=CN=CN1)C(=O)N[C@@H](CC(C)(C)C)C(=O)N[C@@H]([C@@H](C)O)C(=O)N[C@@H]([C@@H](C)CC)C(=O)N1CC([H])C[C@H]1C(=O)N[C@@]1(C)CCC\C=C\CCC[C@](C)(NC(=O)[C@H](CC2=CNC3=CC=CC=C23)NC(=O)[C@H](CCCCCCCC)NC(=O)[C@H](CC(C(O)=O)C(O)=O)NC1=O)C(=O)N[C@@H](CC1=CNC2=CC=CC=C12)C(=O)N[C@@H]([C@@H](C)CC)C(=O)N[C@@H](CC(N)=O)C(=O)N[C@H](CCCNC(N)=N)C(=O)N[C@@H](CCCCNC(=O)CCOCCOCCOCCOCCOCCOCCOCCOCCOCCOCCOCCOCCOCCOCCOCCOCCOCCOCCOCCOCCOCCOCCOCCOCCOCCC(=O)NCCCC[C@H](NC(=O)[C@@H](CCCNC(N)=N)NC(=O)[C@H](CC(N)=O)NC(=O)[C@@H](NC(=O)[C@H](CC1=CNC2=CC=CC=C12)NC(=O)[C@]1(C)CCC\C=C\CCC[C@](C)(NC(=O)[C@@H]2CC([H])CN2C(=O)[C@@H](NC(=O)[C@@H](NC(=O)[C@H](CC(C)(C)C)NC(=O)[C@H](CC2=CN=CN2)NC(=O)[C@@H](NC(=O)C[H])[C@@H](C)CC)[C@@H](C)O)[C@@H](C)CC)C(=O)N[C@@H](CC(C(O)=O)C(O)=O)C(=O)N[C@@H](CCCCCCCC)C(=O)N[C@@H](CC2=CNC3=CC=CC=C23)C(=O)N1)[C@@H](C)CC)C(N)=O)C(N)=O,4,4,,,,,,,,,,,,,,,,,False,True,True,False,150,150
600,[H]C[C@@H]1NC(=O)[C@@H]2C[C@]3([H])CCCC[C@]3([H])N2C(=O)[C@H](CCSCCCSCC[C@H](NC(=O)[C@H](CC2=CNC3=CC=CC=C23)NC(=O)[C@H](CCC(O)=O)NC(=O)[C@H](CC2=CNC3=CC=CC=C23)NC(=O)[C@H](CCCCCCCC)NC(=O)[C@H](CC(O)=O)NC1=O)C(=O)N[C@@H](CC(N)=O)C(=O)N[C@H](CCCNC(N)=N)C(N)=O)NC(=O)[C@@H](NC(=O)[C@H](CC(C)(C)C)NC(=O)[C@H](CC1=CN=CN1)NC(=O)[C@@H](NC(=O)[C@@H](CC1=CN=CN1)NC(=O)C[H])C(C)C)[C@@H](C)O,4,4,,,,,,,,,,,,,,,,,True,False,True,False,150,150
294,[H][C@](NC(=O)[C@@H](NC(=O)[C@H](CC1=CNC=N1)NC(=O)[C@@]([H])(NC(C)=O)[C@@H](C)CC)C(C)(C)C)([C@@H](C)O)C(=O)N[C@H]1CCSC\C=C\CSCC[C@H](NC(=O)[C@H](CC2=CNC3=C2C=CC=C3)NC(=O)[C@H](CC(O)=O)NC(=O)[C@H](CC2=CNC3=C2C=CC=C3C2=CC=CC=C2)NC(=O)[C@H](CCCCCCCC)NC(=O)C(C[C@H](NC(=O)[C@H](C)NC(=O)[C@@H]2CC3CCCCC3N2C1=O)C(O)=O)C(O)=O)C(=O)N[C@@H](CC(N)=O)C(=O)N[C@H](CCCNC(N)=N)C(N)=O,4,3,,,,,,,,,,,,,,,,,True,False,True,False,150,105
192,[H][C@](NC(=O)[C@H](CC(C)(C)C)NC(=O)[C@H](CCO)NC(=O)[C@@]([H])(NC(C)=O)[C@@H](C)CC)([C@@H](C)O)C(=O)N[C@H]1CCSC\C=C\CSC[C@H](NC(=O)[C@H](CC2=CNC3=C2C=CC=C3)NC(=O)[C@H](CC(O)=O)NC(=O)[C@H](CC2=CNC3=C2C=CC=C3)NC(=O)[C@H](CCCCCCCC)NC(=O)C(C[C@H](NC(=O)[C@H](C)NC(=O)[C@@H]2CC3CCCCC3N2C1=O)C(O)=O)C(O)=O)C(=O)N[C@@H](CCCCNC(=O)CCOCCOCCOCCOCCOCCOCCOCCOCCOCCOCCOCCOCCOCCOCCOCCOCCOCCOCCOCCOCCOCCC(=O)NCCCC[C@H](NC(=O)[C@@H]1CSC\C=C\CSCC[C@H](NC(=O)[C@@]([H])(NC(=O)[C@H](CC(C)(C)C)NC(=O)[C@H](CCO)NC(=O)[C@@]([H])(NC(C)=O)[C@@H](C)CC)[C@@H](C)O)C(=O)N2C3CCCCC3C[C@H]2C(=O)N[C@@H](C)C(=O)N[C@@H](CC(C(O)=O)C(=O)N[C@@H](CCCCCCCC)C(=O)N[C@@H](CC2=CNC3=C2C=CC=C3)C(=O)N[C@@H](CC(O)=O)C(=O)N[C@@H](CC2=CNC3=C2C=CC=C3)C(=O)N1)C(O)=O)C(=O)N[C@H](CCCNC(N)=N)C(N)=O)C(=O)N[C@H](CCCNC(N)=N)C(N)=O,3,1,,,,,,,,,,,,,,,,,False,True,True,False,105,30
39,[H]NC(N)=NCCC[C@@H](NC(=O)[C@@H]1CSCC2=C(CSC[C@H](NC(=O)[C@H](CC(C)C)NC(=O)[C@H](CC(O)=O)NC(=O)[C@H](C)NC(=O)[C@@H]3CCCN3C(=O)[C@@]([H])(NC(=O)[C@@]([H])(NC(=O)[C@@H](NC(=O)[C@H](CC3=CN([H])C=N3)NC(=O)[C@@]([H])(NC(=O)CCOCCOCCOCCOCCOCCOCCOCCOCCOCCOCCOCCOCCOCCOCCOCCOCCOCCOCCOCCOCCOCCC(=O)N[C@@]([H])([C@@H](C)CC)C(=O)N[C@@H](CC3=CN([H])C=N3)C(=O)N[C@@H](C(C)C)C(=O)N[C@@]([H])([C@@H](C)O[H])C(=O)N[C@@]([H])([C@@H](C)CC)C(=O)N3CCC[C@H]3C(=O)N[C@@H](C)C(=O)N[C@@H](CC(O)=O)C(=O)N[C@@H](CC(C)C)C(=O)N[C@H]3CSCC4=C(CSC[C@H](NC(=O)[C@@]([H])(NC(=O)[C@H](CC5=CN([H])C6=C5C=CC=C6)NC(=O)[C@H](CC(O)=O)NC3=O)[C@@H](C)CC)C(=O)N[C@H](CCCN=C(N)N[H])C(N)=O)C=CC=C4)[C@@H](C)CC)C(C)C)[C@@H](C)O[H])[C@@H](C)CC)C(=O)N[C@@H](CC(O)=O)C(=O)N[C@@H](CC3=CN([H])C4=C3C=CC=C4)C(=O)N[C@@]([H])([C@@H](C)CC)C(=O)N1)C=CC=C2)C(N)=O,1,1,,,,,,,,,,,,,,,,,False,True,True,False,30,30
626,[H]C[C@@H]1NC(=O)[C@@H]2C[C@]3([H])CCCC[C@]3([H])N2C(=O)[C@H](CCCCCCCC[C@](C)(NC(=O)[C@H](CC2=CNC3=CC=CC=C23)NC(=O)[C@H](CCC(O)=O)NC(=O)[C@H](CC2=CNC3=CC=CC=C23)NC(=O)[C@H](CCCCCCCC)NC(=O)[C@H](CC(O)=O)NC1=O)C(=O)N[C@@H](CCCCNC(=O)CCOCCOCCOCCOCCOCCOCCOCCOCCOCCOCCOCCOCCOCCOCCOCCOCCOCCOCCOCCOCCOCCC(=O)NCCCC[C@H](NC(=O)[C@]1(C)CCCCCCCC[C@H](NC(=O)[C@H](CCC(O)=O)NC(=O)[C@@H](NC(=O)[C@H](CCCC[N+](C)(C)C)NC(=O)[C@@H](NC(=O)C[H])[C@@H](C)CC)C(C)C)C(=O)N2[C@@H](C[C@]3([H])CCCC[C@]23[H])C(=O)N[C@@H](C[H])C(=O)N[C@@H](CC(O)=O)C(=O)N[C@@H](CCCCCCCC)C(=O)N[C@@H](CC2=CNC3=CC=CC=C23)C(=O)N[C@@H](CCC(O)=O)C(=O)N[C@@H](CC2=CNC3=CC=CC=C23)C(=O)N1)C(=O)N[C@H](CCCNC(N)=N)C(N)=O)C(=O)N[C@H](CCCNC(N)=N)C(N)=O)NC(=O)[C@H](CCC(O)=O)NC(=O)[C@@H](NC(=O)[C@H](CCCC[N+](C)(C)C)NC(=O)[C@@H](NC(=O)C[H])[C@@H](C)CC)C(C)C,4,4,,,,,,,,,,,,,,,,,False,True,True,False,150,150
2,[H]N([C@@H](CCCCN(C)C)C(N)=O)C(=O)[C@H](CCCCNC(=O)CCOCCOCCOCCOCCOCCOCCOCCOCCOCCOCCOCCOCCOCCOCCOCCOCCOCCOCCOCCOCCOCCC(=O)NCCCC[C@H](NC(=O)[C@@H](NC(=O)[C@H](CC1=CNC2=CC=CC=C12)NC(=O)[C@H](CC(O)=O)NC(=O)[C@H](CC1=CNC2=CC=CC=C12)NC(=O)[C@H](CC(C)C)NC(=O)[C@H](CC(O)=O)NC(=O)[C@H](C)NC(=O)[C@@H]1CCCN1C(=O)[C@@H](NC(=O)[C@@H](NC(=O)[C@@H](NC(=O)[C@@H](NC(=O)[C@@H](NC(C)=O)[C@@H](C)CC)[C@@H](C)O)C(C)C)[C@@H](C)O)[C@@H](C)CC)[C@@H](C)CC)C(=O)N([H])[C@@H](CCCCN(C)C)C(N)=O)NC(=O)[C@@H](NC(=O)[C@H](CC1=CNC2=CC=CC=C12)NC(=O)[C@H](CC(O)=O)NC(=O)[C@H](CC1=CNC2=CC=CC=C12)NC(=O)[C@H](CC(C)C)NC(=O)[C@H](CC(O)=O)NC(=O)[C@H](C)NC(=O)[C@@H]1CCCN1C(=O)[C@@H](NC(=O)[C@@H](NC(=O)[C@@H](NC(=O)[C@@H](NC(=O)[C@@H](NC(C)=O)[C@@H](C)CC)[C@@H](C)O)C(C)C)[C@@H](C)O)[C@@H](C)CC)[C@@H](C)CC,1,1,,,,,,,,,,,,,,,,,False,True,True,False,30,30
511,[H]C[C@@H]1NC(=O)[C@@H]2C[C@]3([H])CCCC[C@]3([H])N2C(=O)[C@H](CCSCCCSCC[C@H](NC(=O)[C@H](CC2=CNC3=CC=CC=C23)NC(=O)[C@H](CC(O)=O)NC(=O)[C@H](CC2=CNC3=CC=CC=C23)NC(=O)[C@H](CCCCCCCC)NC(=O)[C@H](CC(O)=O)NC1=O)C(=O)N[C@@H](CC(N)=O)C(=O)N[C@H](CCCNC(N)=N)C(N)=O)NC(=O)[C@@H](NC(=O)[C@H](CC(C)(C)C)NC(=O)[C@H](CC1=CN=CN1)NC(=O)[C@@H](NC(=O)[C@H](CC1=CN=CN1)NC(=O)CC(C)C)[C@@H](C)CC)[C@@H](C)O,4,4,,,,,,,,,,,,,,,,,True,False,True,False,150,150
126,[H]C[C@@H]1NC(=O)[C@@H]2CC([H])CN2C(=O)[C@H](CCCCNC(=O)CSCC[C@H](NC(=O)[C@H](CC2=CNC3=CC=CC=C23)NC(=O)[C@H](CC(O)=O)NC(=O)[C@H](CC2=CNC3=CC=CC=C23)NC(=O)[C@H](CCCCCCCC)NC(=O)[C@H](CC(O)=O)NC1=O)C(=O)N[C@@H](CCCCNC(=O)CCOCCOCCOCCOCCOCCOCCOCCOCCOCCOCCOCCOCCOCCOCCOCCOCCOCCOCCOCCOCCOCCC(=O)NCCCC[C@H](NC(=O)[C@@H]1CCSCC(=O)NCCCC[C@H](NC(=O)[C@@H](NC(=O)[C@H](CC(C)(C)C)NC(=O)[C@@H](NC(=O)[C@@H](NC(=O)C[H])[C@@H](C)CC)[C@@H](C)O)[C@@H](C)O)C(=O)N2CC([H])C[C@H]2C(=O)N[C@@H](C[H])C(=O)N[C@@H](CC(O)=O)C(=O)N[C@@H](CCCCCCCC)C(=O)N[C@@H](CC2=CNC3=CC=CC=C23)C(=O)N[C@@H](CC(O)=O)C(=O)N[C@@H](CC2=CNC3=CC=CC=C23)C(=O)N1)C(=O)N[C@H](CCCNC(N)=N)C(N)=O)C(=O)N[C@H](CCCNC(N)=N)C(N)=O)NC(=O)[C@@H](NC(=O)[C@H](CC(C)(C)C)NC(=O)[C@@H](NC(=O)[C@@H](NC(=O)C[H])[C@@H](C)CC)[C@@H](C)O)[C@@H](C)O,1,1,,,,,,,,,,,,,,,,,False,True,True,False,30,30
416,[H]C[C@@H]1NC(=O)[C@@H]2C[C@]3([H])CCCC[C@]3([H])N2C(=O)[C@H](CCSCCCSCC[C@H](NC(=O)[C@H](CC2=CNC3=CC=CC=C23)NC(=O)[C@H](CC(O)=O)NC(=O)[C@H](CC2=CNC3=CC=CC=C23)NC(=O)[C@H](CCCCCCCC)NC(=O)[C@H](CC(O)=O)NC1=O)C(=O)N[C@@H](CCCCNC(=O)CCOCCOCCOCCOCCOCCOCCOCCOCCOCCOCCOCCOCCOCCOCCOCCOCCOCCOCCOCCOCCOCCC(=O)NCCCC[C@H](NC(=O)[C@@H]1CCSCCCSCC[C@H](NC(=O)[C@H](CCC(O)=O)NC(=O)[C@@H](NC(=O)[C@H](CCCC[N+](C)(C)C)NC(=O)[C@@H](NC(=O)C[H])[C@@H](C)CC)C(C)C)C(=O)N2[C@@H](C[C@]3([H])CCCC[C@]23[H])C(=O)N[C@@H](C[H])C(=O)N[C@@H](CC(O)=O)C(=O)N[C@@H](CCCCCCCC)C(=O)N[C@@H](CC2=CNC3=CC=CC=C23)C(=O)N[C@@H](CC(O)=O)C(=O)N[C@@H](CC2=CNC3=CC=CC=C23)C(=O)N1)C(=O)N[C@H](CCCNC(N)=N)C(N)=O)C(=O)N[C@H](CCCNC(N)=N)C(N)=O)NC(=O)[C@H](CCC(O)=O)NC(=O)[C@@H](NC(=O)[C@H](CCCC[N+](C)(C)C)NC(=O)[C@@H](NC(=O)C[H])[C@@H](C)CC)C(C)C,4,4,,,,,,,,,,,,,,,,,False,True,True,False,150,150
296,[H]NC(N)=NCCC[C@@H](NC(=O)[C@H](CCCCNC(=O)CCOCCOCCOCCOCCOCCOCCOCCOCCOCCOCCOCCOCCOCCOCCOCCOCCOCCOCCOCCOCCOCCC(=O)NCCCC[C@H](NC(=O)[C@@H]1CCCSSCCC[C@H](NC(=O)[C@@]([H])(NC(=O)[C@H](CC(C)(C)C)NC(=O)[C@H](CC2=CN([H])C=N2)NC(=O)[C@@]([H])(NC(C)=O)[C@@H](C)CC)[C@@H](C)O[H])C(=O)N2C3CCCCC3C[C@H]2C(=O)N[C@@H](C)C(=O)N[C@@H](CC(O)=O)C(=O)N[C@@H](CCCCCCCC)C(=O)N[C@@H](CC2=CN([H])C3=C2C=CC=C3)C(=O)N[C@@H](CC(O)=O)C(=O)N[C@@H](CC2=CNC3=CC(C)=CC=C23)C(=O)N1)C(=O)N[C@H](CCCN=C(N)N[H])C(N)=O)NC(=O)[C@@H]1CCCSSCCC[C@H](NC(=O)[C@@]([H])(NC(=O)[C@H](CC(C)(C)C)NC(=O)[C@H](CC2=CN([H])C=N2)NC(=O)[C@@]([H])(NC(C)=O)[C@@H](C)CC)[C@@H](C)O[H])C(=O)N2C3CCCCC3C[C@H]2C(=O)N[C@@H](C)C(=O)N[C@@H](CC(O)=O)C(=O)N[C@@H](CCCCCCCC)C(=O)N[C@@H](CC2=CN([H])C3=C2C=CC=C3)C(=O)N[C@@H](CC(O)=O)C(=O)N[C@@H](CC2=CNC3=CC(C)=CC=C23)C(=O)N1)C(N)=O,4,4,,,,,,,,,,,,,,,,,False,True,True,True,150,150
70,[H][C@](NC(=O)[C@@H](NC(=O)[C@H](CC1=CNC=N1)NC(=O)[C@@]([H])(NC(C)=O)[C@@H](C)CC)C(C)C)([C@@H](C)O)C(=O)N[C@H]1CCCSSCCC[C@H](NC(=O)[C@H](CC2=CNC3=C2C=CC=C3)NC(=O)[C@H](CC(O)=O)NC(=O)[C@H](CC2=CNC3=C2C=CC=C3)NC(=O)[C@H](CCCCCCCC)NC(=O)[C@H](CC(O)=O)NC(=O)[C@H](C)NC(=O)[C@@H]2CCCN2C1=O)C(=O)N[C@@H](CCCCNC(=O)CCOCCOCCOCCOCCOCCOCCOCCOCCOCCOCCOCCOCCOCCOCCOCCOCCOCCOCCOCCOCCOCCC(=O)NCCCC[C@H](NC(=O)[C@@H]1CCCSSCCC[C@H](NC(=O)[C@@]([H])(NC(=O)[C@@H](NC(=O)[C@H](CC2=CNC=N2)NC(=O)[C@@]([H])(NC(C)=O)[C@@H](C)CC)C(C)C)[C@@H](C)O)C(=O)N2CCC[C@H]2C(=O)N[C@@H](C)C(=O)N[C@@H](CC(O)=O)C(=O)N[C@@H](CCCCCCCC)C(=O)N[C@@H](CC2=CNC3=C2C=CC=C3)C(=O)N[C@@H](CC(O)=O)C(=O)N[C@@H](CC2=CNC3=C2C=CC=C3)C(=O)N1)C(=O)N[C@H](CCCNC(N)=N)C(N)=O)C(=O)N[C@H](CCCNC(N)=N)C(N)=O,1,1,,,,,,,,,,,,,,,,,False,True,True,True,30,30
557,[H]C[C@@H]1NC(=O)[C@@H]2C[C@]3([H])CCCC[C@]3([H])N2C(=O)[C@H](CCCSSCCC[C@H](NC(=O)[C@H](CC2=CNC3=CC=CC=C23)NC(=O)[C@H](CC(O)=O)NC(=O)[C@H](CC2=CNC3=CC=CC=C23)NC(=O)[C@H](CCCCCCCC)NC(=O)[C@H](CC(O)=O)NC1=O)C(=O)N[C@@H](CCCCNC(=O)CCOCCOCCOCCOCCOCCOCCOCCOCCOCCOCCOCCOCCOCCOCCOCCOCCOCCOCCOCCOCCOCCC(=O)NCCCC[C@H](NC(=O)[C@@H]1CCCSSCCC[C@H](NC(=O)[C@@H](NC(=O)[C@@H](NC(=O)[C@H](CCC(=O)N2CCCC2)NC(=O)[C@@H](NC(=O)C[H])[C@@H](C)CC)C(C)C)[C@@H](C)O)C(=O)N2[C@@H](C[C@]3([H])CCCC[C@]23[H])C(=O)N[C@@H](C[H])C(=O)N[C@@H](CC(O)=O)C(=O)N[C@@H](CCCCCCCC)C(=O)N[C@@H](CC2=CNC3=CC=CC=C23)C(=O)N[C@@H](CC(O)=O)C(=O)N[C@@H](CC2=CNC3=CC=CC=C23)C(=O)N1)C(=O)N[C@H](CCCNC(N)=N)C(N)=O)C(=O)N[C@H](CCCNC(N)=N)C(N)=O)NC(=O)[C@@H](NC(=O)[C@@H](NC(=O)[C@H](CCC(=O)N1CCCC1)NC(=O)[C@@H](NC(=O)C[H])[C@@H](C)CC)C(C)C)[C@@H](C)O,4,1,,,,,,,,,,,,,,,,,False,True,True,True,150,30
130,[H][C@](NC(=O)[C@H](CC(C)(C)C)NC(=O)[C@H](CC1=CNC=N1)NC(=O)[C@@]([H])(NC(C)=O)[C@@H](C)CC)([C@@H](C)O)C(=O)N[C@H]1CCSCCCCCSC[C@H](NC(=O)[C@H](CC2=CNC3=C2C=CC=C3)NC(=O)[C@H](CC(O)=O)NC(=O)[C@H](CC2=CNC3=C2C=CC=C3)NC(=O)[C@H](CCCCCCCC)NC(=O)[C@H](CC(O)=O)NC(=O)[C@H](C)NC(=O)[C@@H]2CCCN2C1=O)C(=O)N[C@@H](CCCCNC(=O)CCOCCOCCOCCOCCOCCOCCOCCOCCOCCOCCOCCOCCOCCOCCOCCOCCOCCOCCOCCOCCOCCC(=O)NCCCC[C@H](NC(=O)[C@@H]1CSCCCCCSCC[C@H](NC(=O)[C@@]([H])(NC(=O)[C@H](CC(C)(C)C)NC(=O)[C@H](CC2=CNC=N2)NC(=O)[C@@]([H])(NC(C)=O)[C@@H](C)CC)[C@@H](C)O)C(=O)N2CCC[C@H]2C(=O)N[C@@H](C)C(=O)N[C@@H](CC(O)=O)C(=O)N[C@@H](CCCCCCCC)C(=O)N[C@@H](CC2=CNC3=C2C=CC=C3)C(=O)N[C@@H](CC(O)=O)C(=O)N[C@@H](CC2=CNC3=C2C=CC=C3)C(=O)N1)C(=O)N[C@H](CCCNC(N)=N)C(N)=O)C(=O)N[C@H](CCCNC(N)=N)C(N)=O,1,1,,,,,,,,,,,,,,,,,False,True,True,False,30,30
687,[H]C[C@@H]1NC(=O)[C@@H]2C[C@]3([H])CCCC[C@]3([H])N2C(=O)[C@H](CCSCCCSCC[C@H](NC(=O)[C@H](CC2=CNC3=CC=CC=C23)NC(=O)[C@H](CCC(O)=O)NC(=O)[C@H](CC2=CNC3=CC=CC=C23)NC(=O)[C@H](CCCCCCCCCC)NC(=O)[C@H](CC(O)=O)NC1=O)C(=O)N[C@@H](CC(N)=O)C(=O)N[C@H](CCCNC(N)=N)C(N)=O)NC(=O)[C@@H](NC(=O)[C@@H](NC(=O)[C@H](CC1=CN=CN1)NC(=O)[C@@H](NC(=O)[C@H](CCC(O)=O)NC(=O)CC(C)C)C(C)C)C(C)(C)C)[C@@H](C)O,4,4,,,,,,,,,,,,,,,,,True,False,True,False,150,150
259,[H]NC(=O)C[C@H](NC(=O)[C@@H]1CCCSSCCC[C@H](NC(=O)[C@@]([H])(NC(=O)[C@H](CC(C)(C)C)NC(=O)[C@H](CC2=CN([H])C=N2)NC(=O)[C@@]([H])(NC(=O)[C@H](CCC(O)=O)NC(C)=O)[C@@H](C)CC)[C@@H](C)O[H])C(=O)N2C3CCCCC3C[C@H]2C(=O)N[C@@H](C)C(=O)N[C@@H](CC(O)=O)C(=O)N[C@@H](CCCCCCCC)C(=O)N[C@@H](CC2=CN([H])C3=C2C=CC=C3)C(=O)N[C@@H](CC(O)=O)C(=O)N[C@@H](CC2=CN([H])C3=C2C=CC=C3)C(=O)N1)C(=O)N[C@H](CCCN=C(N)N[H])C(N)=O,4,4,,,,,,,,,,,,,,,,,True,False,True,True,150,150
72,[H][C@](NC(=O)[C@H](CC(C)(C)C)NC(=O)[C@H](CC1=CNC=N1)NC(=O)[C@@]([H])(NC(C)=O)[C@@H](C)CC)([C@@H](C)O)C(=O)N[C@@]([H])([C@@H](C)CC)C(=O)N1CC[C@H]1C(=O)N[C@@H](C)C(=O)N[C@@H](CC(O)=O)C(=O)N[C@H]1CCSSCCC[C@H](NC(=O)[C@H](CC2=CNC3=C2C=CC=C3)NC(=O)[C@H](CC(O)=O)NC(=O)[C@H](CC2=CNC3=C2C=CC=C3)NC1=O)C(=O)N[C@@H](CCCCNC(=O)CCOCCOCCOCCOCCOCCOCCOCCOCCOCCOCCOCCOCCOCCOCCOCCOCCOCCOCCOCCOCCOCCC(=O)NCCCC[C@H](NC(=O)[C@@H]1CCCSSCC[C@H](NC(=O)[C@H](CC(O)=O)NC(=O)[C@H](C)NC(=O)[C@@H]2CCN2C(=O)[C@@]([H])(NC(=O)[C@@]([H])(NC(=O)[C@H](CC(C)(C)C)NC(=O)[C@H](CC2=CNC=N2)NC(=O)[C@@]([H])(NC(C)=O)[C@@H](C)CC)[C@@H](C)O)[C@@H](C)CC)C(=O)N[C@@H](CC2=CNC3=C2C=CC=C3)C(=O)N[C@@H](CC(O)=O)C(=O)N[C@@H](CC2=CNC3=C2C=CC=C3)C(=O)N1)C(=O)N[C@H](CCCNC(N)=N)C(N)=O)C(=O)N[C@H](CCCNC(N)=N)C(N)=O,1,1,,,,,,,,,,,,,,,,,False,True,True,True,30,30
602,[H]C[C@@H]1NC(=O)[C@@H]2C[C@]3([H])CCCC[C@]3([H])N2C(=O)[C@H](CCSCCCSCC[C@H](NC(=O)[C@H](CC2=CNC3=CC=CC=C23)NC(=O)[C@H](CCC(O)=O)NC(=O)[C@H](CC2=CNC3=CC=CC=C23)NC(=O)[C@H](CCCCCCCCCC)NC(=O)[C@H](CC(O)=O)NC1=O)C(=O)N[C@@H](CCC(N)=O)C(=O)N[C@H](CCCNC(N)=N)C(N)=O)NC(=O)[C@@H](NC(=O)[C@H](CC(C)(C)C)NC(=O)[C@H](CC1=CN=CN1)NC(=O)[C@@H](NC(=O)[C@@H](CC1=CN=CN1)NC(=O)C[H])C(C)C)[C@@H](C)O,4,4,,,,,,,,,,,,,,,,,True,False,True,False,150,150
185,[H][C@](NC(=O)[C@H](CSC\C=C\CSC[C@H](NC(=O)[C@H](CC1=CNC=N1)NC(=O)[C@@]([H])(NC(C)=O)[C@@H](C)CC)C(=O)N[C@@]([H])([C@@H](C)O)C(=O)N[C@@]([H])([C@@H](C)CC)C(=O)N1CCC[C@H]1C(=O)N[C@@H](C)C(=O)N[C@@H](CC(O)=O)C(=O)N[C@@H](CCCCCCCC)C(=O)N[C@@H](CC1=CNC2=C1C=CC=C2)C(=O)N[C@@H](CC(O)=O)C(=O)N[C@@H](CC1=CNC2=C1C=CC=C2)C(=O)N[C@@]([H])([C@@H](C)CC)C(=O)N[C@@H](CC(N)=O)C(=O)N[C@H](CCCNC(N)=N)C(N)=O)NC(=O)[C@H](CC1=CNC=N1)NC(=O)[C@@]([H])(NC(C)=O)[C@@H](C)CC)([C@@H](C)O)C(=O)N[C@@]([H])([C@@H](C)CC)C(=O)N1CCC[C@H]1C(=O)N[C@@H](C)C(=O)N[C@@H](CC(O)=O)C(=O)N[C@@H](CCCCCCCC)C(=O)N[C@@H](CC1=CNC2=C1C=CC=C2)C(=O)N[C@@H](CC(O)=O)C(=O)N[C@@H](CC1=CNC2=C1C=CC=C2)C(=O)N[C@@]([H])([C@@H](C)CC)C(=O)N[C@@H](CC(N)=O)C(=O)N[C@H](CCCNC(N)=N)C(N)=O,4,1,,,,,,,,,,,,,,,,,False,True,True,False,150,30
624,[H]CC(=O)NCCCC[C@@H]1NC(=O)[C@@H]2CC3CCCCC3N2C(=O)[C@H](CCSCCCSCC[C@H](NC(=O)[C@H](CC2=CN([H])C3=C2C=CC=C3)NC(=O)[C@H](CCC(O)=O)NC(=O)[C@H](CC2=CN([H])C3=C2C=CC=C3)NC(=O)[C@H](CCCCCCCC)NC(=O)[C@H](CC(O)=O)NC1=O)C(=O)N[C@@H](CC(=O)N[H])C(=O)N[C@H](CCC(O)=O)C(N)=O)NC(=O)[C@@]([H])(NC(=O)[C@H](CC(C)(C)C)NC(=O)[C@H](CC1=CN([H])C=N1)NC(=O)[C@@]([H])(NC(=O)[C@H](CC1=CN([H])C=N1)NC(=O)CC(C)C)[C@@H](C)CC)[C@@H](C)O[H],4,2,,,,,,,,,,,,,,,,,True,False,True,False,150,75
234,[H]NC(N)=NCCC[C@@H](NC(=O)[C@H](CCCCNC(=O)CCOCCOCCOCCOCCOCCOCCOCCOCCOCCOCCOCCOCCOCCOCCOCCOCCOCCOCCOCCOCCOCCC(=O)NCCCC[C@H](NC(=O)[C@@H]1CSCC(=O)NCCCC[C@H](NC(=O)[C@@]([H])(NC(=O)[C@H](CC(C)(C)C)NC(=O)[C@H](CC2=CN([H])C=N2)NC(=O)[C@@]([H])(NC(C)=O)[C@@H](C)CC)[C@@H](C)O[H])C(=O)N2C3CCCCC3C[C@H]2C(=O)N[C@@H](C)C(=O)N[C@@H](CC(O)=O)C(=O)N[C@@H](CCCCCCCC)C(=O)N[C@@H](CC2=CN([H])C3=C2C=CC=C3)C(=O)N[C@@H](CC(O)=O)C(=O)N[C@@H](CC2=CNC3=CC(Cl)=CC=C23)C(=O)N1)C(=O)N[C@H](CCCN=C(N)N[H])C(N)=O)NC(=O)[C@@H]1CSCC(=O)NCCCC[C@H](NC(=O)[C@@]([H])(NC(=O)[C@H](CC(C)(C)C)NC(=O)[C@H](CC2=CN([H])C=N2)NC(=O)[C@@]([H])(NC(C)=O)[C@@H](C)CC)[C@@H](C)O[H])C(=O)N2C3CCCCC3C[C@H]2C(=O)N[C@@H](C)C(=O)N[C@@H](CC(O)=O)C(=O)N[C@@H](CCCCCCCC)C(=O)N[C@@H](CC2=CN([H])C3=C2C=CC=C3)C(=O)N[C@@H](CC(O)=O)C(=O)N[C@@H](CC2=CNC3=CC(Cl)=CC=C23)C(=O)N1)C(N)=O,2,4,,,,,,,,,,,,,,,,,False,True,True,False,75,150
322,[H]C[C@@H]1NC(=O)[C@@H]2C[C@]3([H])CCCC[C@]3([H])N2C(=O)[C@H](CCCC=CCCC[C@H](NC(=O)[C@H](CC2=CNC3=CC=CC=C23)NC(=O)[C@H](CC(O)=O)NC(=O)[C@H](CC2=CNC3=CC=CC=C23)NC(=O)[C@H](CCCCCCCC)NC(=O)[C@H](CC(O)=O)NC1=O)C(=O)N[C@@H](CCCCNC(=O)CCOCCOCCOCCOCCOCCOCCOCCOCCOCCOCCOCCOCCOCCOCCOCCOCCOCCOCCOCCOCCOCCC(=O)NCCCC[C@H](NC(=O)[C@@H]1CCCC=C/CCC[C@H](NC(=O)[C@@H](NC(=O)[C@H](CC(C)(C)C)NC(=O)[C@H](CCO)NC(=O)[C@@H](NC(=O)C[H])[C@@H](C)CC)[C@@H](C)O)C(=O)N2[C@@H](C[C@]3([H])CCCC[C@]23[H])C(=O)N[C@@H](C[H])C(=O)N[C@@H](CC(O)=O)C(=O)N[C@@H](CCCCCCCC)C(=O)N[C@@H](CC2=CNC3=CC=CC=C23)C(=O)N[C@@H](CC(O)=O)C(=O)N[C@@H](CC2=CNC3=CC=CC=C23)C(=O)N1)C(=O)N[C@H](CCCNC(N)=N)C(N)=O)C(=O)N[C@H](CCCNC(N)=N)C(N)=O)NC(=O)[C@@H](NC(=O)[C@H](CC(C)(C)C)NC(=O)[C@H](CCO)NC(=O)[C@@H](NC(=O)C[H])[C@@H](C)CC)[C@@H](C)O,4,1,,,,,,,,,,,,,,,,,False,True,True,False,150,30
714,[H][C@](NC(=O)[C@@H](NC(=O)[C@H](CCCCNS(=O)(=O)C1=CC=C(C)C=C1)NC(=O)[C@@]([H])(NC(C)=O)[C@@H](C)CC)C(C)C)([C@@H](C)O)C(=O)N[C@H]1CCCSSCCC[C@H](NC(=O)[C@H](CC2=CNC3=C2C=CC=C3)NC(=O)[C@H](CC(O)=O)NC(=O)[C@H](CC2=CNC3=C2C=CC=C3)NC(=O)[C@H](CCCCCCCC)NC(=O)[C@H](CC(O)=O)NC(=O)[C@H](C)NC(=O)[C@@H]2CC3CCCCC3N2C1=O)C(=O)N[C@@H](CCCCNC(=O)CCOCCOCCOCCOCCOCCOCCOCCOCCOCCOCCOCCOCCOCCOCCOCCOCCOCCOCCOCCOCCOCCC(=O)NCCCC[C@H](NC(=O)[C@@H]1CCCSSCCC[C@H](NC(=O)[C@@]([H])(NC(=O)[C@@H](NC(=O)[C@H](CCCCNS(=O)(=O)C2=CC=C(C)C=C2)NC(=O)[C@@]([H])(NC(C)=O)[C@@H](C)CC)C(C)C)[C@@H](C)O)C(=O)N2C3CCCCC3C[C@H]2C(=O)N[C@@H](C)C(=O)N[C@@H](CC(O)=O)C(=O)N[C@@H](CCCCCCCC)C(=O)N[C@@H](CC2=CNC3=C2C=CC=C3)C(=O)N[C@@H](CC(O)=O)C(=O)N[C@@H](CC2=CNC3=C2C=CC=C3)C(=O)N1)C(=O)N[C@H](CCCNC(N)=N)C(N)=O)C(=O)N[C@H](CCCNC(N)=N)C(N)=O,4,1,,,,,,,,,,,,,,,,,False,True,True,True,150,30
474,[H]C[C@@H]1NC(=O)[C@@H]2C[C@]3([H])CCCC[C@]3([H])N2C(=O)[C@H](CCSCCCSCC[C@H](NC(=O)[C@H](CC2=CNC3=CC=CC=C23)NC(=O)[C@H](CC(O)=O)NC(=O)[C@H](CC2=CNC3=C2C(C)=CC=C3)NC(=O)[C@H](CCCCCCCC)NC(=O)[C@H](CC(O)=O)NC1=O)C(=O)N[C@@H](CC(N)=O)C(=O)N[C@H](CCCNC(N)=N)C(N)=O)NC(=O)[C@@H](NC(=O)[C@@H](NC(=O)[C@H](CC1=CN=CN1)NC(=O)[C@@H](NC(=O)[C@@H](NC(=O)C[H])C(C)(C)C)[C@@H](C)CC)C(C)(C)C)[C@@H](C)O,4,3,,,,,,,,,,,,,,,,,True,False,True,False,150,105
125,[H]C[C@H](NC(=O)[C@@H]1CC([H])CN1C(=O)[C@@H](NC(=O)[C@@H](NC(=O)[C@@H](NC(=O)[C@H](CC1=CN=CN1)NC(=O)[C@@H](NC(=O)C[H])[C@@H](C)CC)C(C)C)[C@@H](C)O)[C@@H](C)CC)C(=O)N[C@@H](CC(O)=O)C(=O)N[C@H]1CCCCCCCC[C@H](NC(=O)[C@H](CC2=CNC3=CC=CC=C23)NC(=O)[C@H](CC(O)=O)NC(=O)[C@H](CC2=CNC3=CC=CC=C23)NC1=O)C(=O)N[C@@H](CCCCNC(=O)CCOCCOCCOCCOCCOCCOCCOCCOCCOCCOCCOCCOCCOCCOCCOCCOCCOCCOCCOCCOCCOCCC(=O)NCCCC[C@H](NC(=O)[C@@H]1CCCCCCCC[C@H](NC(=O)[C@H](CC(O)=O)NC(=O)[C@H](C[H])NC(=O)[C@@H]2CC([H])CN2C(=O)[C@@H](NC(=O)[C@@H](NC(=O)[C@@H](NC(=O)[C@H](CC2=CN=CN2)NC(=O)[C@@H](NC(=O)C[H])[C@@H](C)CC)C(C)C)[C@@H](C)O)[C@@H](C)CC)C(=O)N[C@@H](CC2=CNC3=CC=CC=C23)C(=O)N[C@@H](CC(O)=O)C(=O)N[C@@H](CC2=CNC3=CC=CC=C23)C(=O)N1)C(=O)N[C@H](CCCNC(N)=N)C(N)=O)C(=O)N[C@H](CCCNC(N)=N)C(N)=O,1,1,,,,,,,,,,,,,,,,,False,True,True,False,30,30
341,[H]NC(=O)C[C@H](NC(=O)[C@@H]1CSCC2=CC=C(CSC[C@H](NC(=O)[C@@]([H])(NC(=O)[C@H](CC(C)(C)C)NC(=O)[C@H](CC3=CC=C(C=C3)C(N)=O)NC(=O)[C@@]([H])(NC(C)=O)[C@@H](C)CC)[C@@H](C)O[H])C(=O)N3C4CCCCC4C[C@H]3C(=O)N[C@@H](C)C(=O)N[C@@H](CC(O)=O)C(=O)N[C@@H](CCCCCCCC)C(=O)N[C@@H](CC3=CN([H])C4=C3C=CC=C4)C(=O)N[C@@H](CC(O)=O)C(=O)N[C@@H](CC3=CN([H])C4=C3C=CC=C4)C(=O)N1)C=C2)C(=O)N[C@H](CCCN=C(N)N[H])C(N)=O,3,1,,,,,,,,,,,,,,,,,True,False,True,False,105,30
408,[H]C[C@@H]1NC(=O)[C@@H]2C[C@]3([H])CCCC[C@]3([H])N2C(=O)[C@H](CCCCNC(=O)CSC[C@H](NC(=O)[C@H](CC2=CNC3=CC=CC=C23)NC(=O)[C@H](CC(O)=O)NC(=O)[C@H](CC2=CNC3=CC(C)=CC=C23)NC(=O)[C@H](CCCCCCCC)NC(=O)[C@H](CC(O)=O)NC1=O)C(=O)N[C@@H](CCCCNC(=O)CCOCCOCCOCCOCCOCCOCCOCCOCCOCCOCCOCCOCCOCCOCCOCCOCCOCCOCCOCCOCCOCCC(=O)NCCCC[C@H](NC(=O)[C@@H]1CSCC(=O)NCCCC[C@H](NC(=O)[C@@H](NC(=O)[C@H](CC(C)(C)C)NC(=O)[C@H](CC2=CN=CN2)NC(=O)[C@@H](NC(=O)C[H])[C@@H](C)CC)[C@@H](C)O)C(=O)N2[C@@H](C[C@]3([H])CCCC[C@]23[H])C(=O)N[C@@H](C[H])C(=O)N[C@@H](CC(O)=O)C(=O)N[C@@H](CCCCCCCC)C(=O)N[C@@H](CC2=CNC3=CC(C)=CC=C23)C(=O)N[C@@H](CC(O)=O)C(=O)N[C@@H](CC2=CNC3=CC=CC=C23)C(=O)N1)C(=O)N[C@H](CCCNC(N)=N)C(N)=O)C(=O)N[C@H](CCCNC(N)=N)C(N)=O)NC(=O)[C@@H](NC(=O)[C@H](CC(C)(C)C)NC(=O)[C@H](CC1=CN=CN1)NC(=O)[C@@H](NC(=O)C[H])[C@@H](C)CC)[C@@H](C)O,1,4,,,,,,,,,,,,,,,,,False,True,True,False,30,150
215,[H][C@](NC(=O)[C@@H](NC(=O)[C@H](CCNS(C)(=O)=O)NC(=O)[C@@]([H])(NC(C)=O)[C@@H](C)CC)C(C)C)([C@@H](C)O)C(=O)N[C@H]1CCCSSCCC[C@H](NC(=O)[C@H](CC2=CNC3=C2C=CC=C3)NC(=O)[C@H](CC(O)=O)NC(=O)[C@H](CC2=CNC3=C2C=CC=C3)NC(=O)[C@H](CCCCCCCC)NC(=O)[C@H](CC(O)=O)NC(=O)[C@H](C)NC(=O)[C@@H]2CC3CCCCC3N2C1=O)C(=O)N[C@@H](CCCCNC(=O)CCOCCOCCOCCOCCOCCOCCOCCOCCOCCOCCOCCOCCOCCOCCOCCOCCOCCOCCOCCOCCOCCC(=O)NCCCC[C@H](NC(=O)[C@@H]1CCCSSCCC[C@H](NC(=O)[C@@]([H])(NC(=O)[C@@H](NC(=O)[C@H](CCNS(C)(=O)=O)NC(=O)[C@@]([H])(NC(C)=O)[C@@H](C)CC)C(C)C)[C@@H](C)O)C(=O)N2C3CCCCC3C[C@H]2C(=O)N[C@@H](C)C(=O)N[C@@H](CC(O)=O)C(=O)N[C@@H](CCCCCCCC)C(=O)N[C@@H](CC2=CNC3=C2C=CC=C3)C(=O)N[C@@H](CC(O)=O)C(=O)N[C@@H](CC2=CNC3=C2C=CC=C3)C(=O)N1)C(=O)N[C@H](CCCNC(N)=N)C(N)=O)C(=O)N[C@H](CCCNC(N)=N)C(N)=O,4,1,,,,,,,,,,,,,,,,,False,True,True,True,150,30
622,[H]NC(N)=NCCC[C@@H](NC(=O)[C@H](CCCCNC(=O)CCOCCOCCOCCOCCOCCOCCOCCOCCOCCOCCOCCOCCOCCOCCOCCOCCOCCOCCOCCOCCOCCC(=O)NCCCC[C@H](NC(=O)[C@@H]1CCSCCCSCC[C@H](NC(=O)[C@H](CCC(O)=O)NC(=O)[C@@H](NC(=O)[C@H](CCCC[N+](C)(C)C)NC(=O)[C@@]([H])(NC(=O)[C@H](CC2=CN([H])C=N2)NC(=O)CC(C)C)[C@@H](C)CC)C(C)(C)C)C(=O)N2C3CCCCC3C[C@H]2C(=O)N[C@@H](C)C(=O)N[C@@H](CC(O)=O)C(=O)N[C@@H](CCCCCCCC)C(=O)N[C@@H](CC2=CN([H])C3=C2C=CC=C3)C(=O)N[C@@H](CCC(O)=O)C(=O)N[C@@H](CC2=CN([H])C3=C2C=CC=C3)C(=O)N1)C(=O)N[C@H](CCCN=C(N)N[H])C(N)=O)NC(=O)[C@@H]1CCSCCCSCC[C@H](NC(=O)[C@H](CCC(O)=O)NC(=O)[C@@H](NC(=O)[C@H](CCCC[N+](C)(C)C)NC(=O)[C@@]([H])(NC(=O)[C@H](CC2=CN([H])C=N2)NC(=O)CC(C)C)[C@@H](C)CC)C(C)(C)C)C(=O)N2C3CCCCC3C[C@H]2C(=O)N[C@@H](C)C(=O)N[C@@H](CC(O)=O)C(=O)N[C@@H](CCCCCCCC)C(=O)N[C@@H](CC2=CN([H])C3=C2C=CC=C3)C(=O)N[C@@H](CCC(O)=O)C(=O)N[C@@H](CC2=CN([H])C3=C2C=CC=C3)C(=O)N1)C(N)=O,4,4,,,,,,,,,,,,,,,,,False,True,True,False,150,150
415,[H]C[C@@H]1NC(=O)[C@@H]2C[C@]3([H])CCCC[C@]3([H])N2C(=O)[C@H](CCSCC2(COC2)CSCC[C@H](NC(=O)[C@H](CC2=CNC3=CC=CC=C23)NC(=O)[C@H](CC(O)=O)NC(=O)[C@H](CC2=CNC3=CC=CC=C23)NC(=O)[C@H](CCCCCCCC)NC(=O)[C@H](CC(O)=O)NC1=O)C(=O)N[C@@H](CCCCNC(=O)CCOCCOCCOCCOCCOCCOCCOCCOCCOCCOCCOCCOCCOCCOCCOCCOCCOCCOCCOCCOCCOCCC(=O)NCCCC[C@H](NC(=O)[C@@H]1CCSCC2(COC2)CSCC[C@H](NC(=O)[C@@H](NC(=O)[C@@H](NC(=O)[C@H](CCCC[N+](C)(C)C)NC(=O)[C@@H](NC(=O)C[H])[C@@H](C)CC)C(C)C)[C@@H](C)O)C(=O)N2[C@@H](C[C@]3([H])CCCC[C@]23[H])C(=O)N[C@@H](C[H])C(=O)N[C@@H](CC(O)=O)C(=O)N[C@@H](CCCCCCCC)C(=O)N[C@@H](CC2=CNC3=CC=CC=C23)C(=O)N[C@@H](CC(O)=O)C(=O)N[C@@H](CC2=CNC3=CC=CC=C23)C(=O)N1)C(=O)N[C@H](CCCNC(N)=N)C(N)=O)C(=O)N[C@H](CCCNC(N)=N)C(N)=O)NC(=O)[C@@H](NC(=O)[C@@H](NC(=O)[C@H](CCCC[N+](C)(C)C)NC(=O)[C@@H](NC(=O)C[H])[C@@H](C)CC)C(C)C)[C@@H](C)O,4,4,,,,,,,,,,,,,,,,,False,True,True,False,150,150
193,[H][C@](NC(=O)[C@H](CC(C)(C)C)NC(=O)[C@H](CC1=CNC=N1)NC(=O)[C@@]([H])(NC(C)=O)[C@@H](C)CC)([C@@H](C)O)C(=O)N[C@H]1CCSC\C=C\CSC[C@H](NC(=O)[C@H](CC2=CNC3=C2C=CC=C3)NC(=O)[C@H](CC(O)=O)NC(=O)[C@H](CC2=CNC3=C2C=CC=C3)NC(=O)[C@H](CCCCCCCC)NC(=O)C(C[C@H](NC(=O)[C@H](C)NC(=O)[C@@H]2CCCN2C1=O)C(O)=O)C(O)=O)C(=O)N[C@@H](CCCCNC(=O)CCOCCOCCOCCOCCOCCOCCOCCOCCOCCOCCOCCOCCOCCOCCOCCOCCOCCOCCOCCOCCOCCC(=O)NCCCC[C@H](NC(=O)[C@@H]1CSC\C=C\CSCC[C@H](NC(=O)[C@@]([H])(NC(=O)[C@H](CC(C)(C)C)NC(=O)[C@H](CC2=CNC=N2)NC(=O)[C@@]([H])(NC(C)=O)[C@@H](C)CC)[C@@H](C)O)C(=O)N2CCC[C@H]2C(=O)N[C@@H](C)C(=O)N[C@@H](CC(C(O)=O)C(=O)N[C@@H](CCCCCCCC)C(=O)N[C@@H](CC2=CNC3=C2C=CC=C3)C(=O)N[C@@H](CC(O)=O)C(=O)N[C@@H](CC2=CNC3=C2C=CC=C3)C(=O)N1)C(O)=O)C(=O)N[C@H](CCCNC(N)=N)C(N)=O)C(=O)N[C@H](CCCNC(N)=N)C(N)=O,4,4,,,,,,,,,,,,,,,,,False,True,True,False,150,150
711,[H][C@](NC(=O)[C@H](CC(C)(C)C)NC(=O)[C@H](CC1=CNC=N1)NC(=O)[C@@]([H])(NC(C)=O)[C@@H](C)CC)([C@@H](C)O)C(=O)N[C@H]1CCSC\C=C\CSCC[C@H](NC(=O)[C@H](CC2=CNC3=C2C=CC=C3)NC(=O)[C@H](CC(O)=O)NC(=O)[C@H](CC2=CNC3=C2C=CC=C3)NC(=O)[C@H](CCCCCCCC)NC(=O)[C@H](CC(O)=O)NC(=O)[C@H](C)NC(=O)[C@@H]2CCCN2C1=O)C(=O)N[C@@H](CCCCNC(=O)CCOCCOCCOCCOCCOCCOCCOCCOCCOCCOCCOCCOCCOCCOCCOCCOCCOCCOCCOCCOCCOCCC(=O)NCCCC[C@H](NC(=O)[C@@H]1CCSC\C=C\CSCC[C@H](NC(=O)[C@@]([H])(NC(=O)[C@H](CC(C)(C)C)NC(=O)[C@H](CC2=CNC=N2)NC(=O)[C@@]([H])(NC(C)=O)[C@@H](C)CC)[C@@H](C)O)C(=O)N2CCC[C@H]2C(=O)N[C@@H](C)C(=O)N[C@@H](CC(O)=O)C(=O)N[C@@H](CCCCCCCC)C(=O)N[C@@H](CC2=CNC3=C2C=CC=C3)C(=O)N[C@@H](CC(O)=O)C(=O)N[C@@H](CC2=CNC3=C2C=CC=C3)C(=O)N1)C(=O)N[C@H](CCCNC(N)=N)C(N)=O)C(=O)N[C@H](CCCNC(N)=N)C(N)=O,4,4,,,,,,,,,,,,,,,,,False,True,True,False,150,150
403,[H]C[C@@H]1NC(=O)[C@@H]2C[C@]3([H])CCCC[C@]3([H])N2C(=O)[C@H](CCCCNC(=O)CSC[C@H](NC(=O)[C@H](CC2=CNC3=CC=CC=C23)NC(=O)[C@H](CC(O)=O)NC(=O)[C@H](CC2=CNC3=CC=CC=C23)NC(=O)[C@H](CCCCCCCC)NC(=O)[C@H](CC(O)=O)NC1=O)C(=O)N[C@@H](CCCCNC(=O)CCOCCOCCOCCOCCOCCOCCOCCOCCOCCOCCOCCOCCOCCOCCOCCOCCOCCOCCOCCOCCOCCC(=O)NCCCC[C@H](NC(=O)[C@@H]1CSCC(=O)NCCCC[C@H](NC(=O)[C@H](CC2=CN=CN2)NC(=O)[C@H](CC(C)(C)C)NC(=O)[C@H](CC2=CN=CN2)NC(=O)[C@@H](NC(=O)C[H])[C@@H](C)CC)C(=O)N2[C@@H](C[C@]3([H])CCCC[C@]23[H])C(=O)N[C@@H](C[H])C(=O)N[C@@H](CC(O)=O)C(=O)N[C@@H](CCCCCCCC)C(=O)N[C@@H](CC2=CNC3=CC=CC=C23)C(=O)N[C@@H](CC(O)=O)C(=O)N[C@@H](CC2=CNC3=CC=CC=C23)C(=O)N1)C(=O)N[C@H](CCCNC(N)=N)C(N)=O)C(=O)N[C@H](CCCNC(N)=N)C(N)=O)NC(=O)[C@H](CC1=CN=CN1)NC(=O)[C@H](CC(C)(C)C)NC(=O)[C@H](CC1=CN=CN1)NC(=O)[C@@H](NC(=O)C[H])[C@@H](C)CC,1,4,,,,,,,,,,,,,,,,,False,True,True,False,30,150
445,[H]C[C@@H]1NC(=O)[C@@H]2C[C@]3([H])CCCC[C@]3([H])N2C(=O)[C@H](CCSCCCSCC[C@H](NC(=O)[C@H](CC2=CNC3=CC=CC=C23)NC(=O)[C@H](CC(O)=O)NC(=O)[C@H](CC2=CNC3=CC=CC=C23)NC(=O)[C@H](CCCCCCCC)NC(=O)[C@H](CC(O)=O)NC1=O)C(=O)N[C@@H](CC(N)=O)C(=O)N[C@H](CCCNC(N)=N)C(N)=O)NC(=O)[C@@H](NC(=O)[C@@H](NC(=O)[C@H](CC1=CN=CN1)NC(=O)[C@@H](NC(=O)[C@H](CC1=CN=CN1)NC(=O)C[H])[C@@H](C)CC)C(C)(C)C)[C@@H](C)O,4,2,,,,,,,,,,,,,,,,,True,False,True,False,150,75
679,[H]C[C@@H]1NC(=O)[C@@H]2C[C@]3([H])CCCC[C@]3([H])N2C(=O)[C@H](CCSCCCSCC[C@H](NC(=O)[C@H](CC2=CNC3=CC=CC=C23)NC(=O)[C@H](CCC(O)=O)NC(=O)[C@H](CC2=CNC3=CC=CC=C23)NC(=O)[C@H](CCCCCCCC)NC(=O)[C@H](CC(O)=O)NC1=O)C(=O)N[C@@H](CC(N)=O)C(=O)N[C@H](CCCNC(N)=N)C(N)=O)NC(=O)[C@@H](NC(=O)[C@H](CC(C)(C)C)NC(=O)[C@H](CC1=CN=CN1)NC(=O)[C@@H](NC(=O)[C@H](CC1=CN=CN1)NC(=O)CC(C)C)C(C)C)[C@@H](C)O,4,4,,,,,,,,,,,,,,,,,True,False,True,False,150,150
532,[H]CC(=O)N(C)CC(=O)N[C@@H](CC(C)(C)C)C(=O)N[C@@H](CCC(=O)N[H])C(=O)N[C@H](C(=O)N[C@@H](CCC(O)=O)C(=O)N[C@H]1CCCCCCCC[C@H](NC(=O)[C@H](CC2=CN([H])C3=C2C=CC=C3)NC(=O)[C@H](CC(O)=O)NC(=O)[C@H](CC2=CN([H])C3=C2C=CC=C3)NC(=O)[C@H](CCCCCCCC)NC(=O)[C@H](CC(O)=O)NC(=O)[C@H](C)NC(=O)[C@@H]2C[C@]3([H])CCCC[C@]3([H])N2C1=O)C(=O)N[C@@H](CCCCNC(=O)CCOCCOCCOCCOCCOCCOCCOCCOCCOCCOCCOCCOCCOCCOCCOCCOCCOCCOCCOCCOCCOCCC(=O)NCCCC[C@H](NC(=O)[C@@H]1CCCCCCCC[C@H](NC(=O)[C@H](CCC(O)=O)NC(=O)[C@@H](NC(=O)[C@H](CCC(=O)N[H])NC(=O)[C@H](CC(C)(C)C)NC(=O)CN(C)C(=O)C[H])C(C)(C)C)C(=O)N2[C@@H](C[C@]3([H])CCCC[C@]23[H])C(=O)N[C@@H](C)C(=O)N[C@@H](CC(O)=O)C(=O)N[C@@H](CCCCCCCC)C(=O)N[C@@H](CC2=CN([H])C3=C2C=CC=C3)C(=O)N[C@@H](CC(O)=O)C(=O)N[C@@H](CC2=CN([H])C3=C2C=CC=C3)C(=O)N1)C(=O)N[C@H](CCCNC(N)=N)C(N)=O)C(=O)N[C@H](CCCNC(N)=N)C(N)=O)C(C)(C)C,4,1,,,,,,,,,,,,,,,,,False,True,True,False,150,30
584,[H]C[C@@H]1NC(=O)[C@@H]2C[C@]3([H])CCCC[C@]3([H])N2C(=O)[C@H](CCC\C=C/CCC[C@](C)(NC(=O)[C@H](CC2=CNC3=CC=CC=C23)NC(=O)[C@H](CCC(O)=O)NC(=O)[C@H](CC2=CNC3=CC=CC=C23)NC(=O)[C@H](CCCCCCCC)NC(=O)[C@H](CC(O)=O)NC1=O)C(=O)N[C@@H](CCCCNC(=O)CCOCCOCCOCCOCCOCCOCCOCCOCCOCCOCCOCCOCCOCCOCCOCCOCCOCCOCCOCCOCCOCCC(=O)NCCCC[C@H](NC(=O)[C@]1(C)CCC\C=C/CCC[C@H](NC(=O)[C@H](CCC(O)=O)NC(=O)[C@@H](NC(=O)[C@H](CCCC[N+](C)(C)C)NC(=O)[C@@H](NC(=O)C[H])[C@@H](C)CC)C(C)C)C(=O)N2[C@@H](C[C@]3([H])CCCC[C@]23[H])C(=O)N[C@@H](C[H])C(=O)N[C@@H](CC(O)=O)C(=O)N[C@@H](CCCCCCCC)C(=O)N[C@@H](CC2=CNC3=CC=CC=C23)C(=O)N[C@@H](CCC(O)=O)C(=O)N[C@@H](CC2=CNC3=CC=CC=C23)C(=O)N1)C(=O)N[C@H](CCCNC(N)=N)C(N)=O)C(=O)N[C@H](CCCNC(N)=N)C(N)=O)NC(=O)[C@H](CCC(O)=O)NC(=O)[C@@H](NC(=O)[C@H](CCCC[N+](C)(C)C)NC(=O)[C@@H](NC(=O)C[H])[C@@H](C)CC)C(C)C,4,4,,,,,,,,,,,,,,,,,False,True,True,False,150,150
36,[H]NC(N)=NCCC[C@@H](NC(=O)[C@H](CCCCNC(=O)CCOCCOCCOCCOCCOCCOCCOCCOCCOCCOCCOCCOCCOCCOCCOCCOCCOCCOCCOCCOCCOCCC(=O)NCCCC[C@H](NC(=O)[C@@H]1CCCSSCCC[C@H](NC(=O)[C@@]([H])(NC(=O)[C@@H](NC(=O)[C@H](CC2=CN([H])C=N2)NC(=O)[C@@]([H])(NC(C)=O)[C@@H](C)CC)C(C)C)[C@@H](C)O[H])C(=O)N2CCC[C@H]2C(=O)N[C@@H](C)C(=O)N[C@@H](CC(O)=O)C(=O)N[C@@H](CC(C)C)C(=O)N[C@@H](CC2=CN([H])C3=C2C=CC=C3)C(=O)N[C@@H](CC(O)=O)C(=O)N[C@@H](CC2=CN([H])C3=C2C=CC=C3)C(=O)N1)C(=O)N[C@H](CCCN=C(N)N[H])C(N)=O)NC(=O)[C@@H]1CCCSSCCC[C@H](NC(=O)[C@@]([H])(NC(=O)[C@@H](NC(=O)[C@H](CC2=CN([H])C=N2)NC(=O)[C@@]([H])(NC(C)=O)[C@@H](C)CC)C(C)C)[C@@H](C)O[H])C(=O)N2CCC[C@H]2C(=O)N[C@@H](C)C(=O)N[C@@H](CC(O)=O)C(=O)N[C@@H](CC(C)C)C(=O)N[C@@H](CC2=CN([H])C3=C2C=CC=C3)C(=O)N[C@@H](CC(O)=O)C(=O)N[C@@H](CC2=CN([H])C3=C2C=CC=C3)C(=O)N1)C(N)=O,1,1,,,,,,,,,,,,,,,,,False,True,True,True,30,30
342,[H]NCCC[C@H](NC(=O)[C@@]([H])(NC(C)=O)[C@@H](C)CC)C(=O)N[C@@H](CC(C)(C)C)C(=O)N[C@@]([H])([C@@H](C)O[H])C(=O)N[C@H]1CSCC2=CC=C(CSC[C@H](NC(=O)[C@H](CC3=CN([H])C4=C3C=CC=C4)NC(=O)[C@H](CC(O)=O)NC(=O)[C@H](CC3=CN([H])C4=C3C=CC=C4)NC(=O)[C@H](CCCCCCCC)NC(=O)[C@H](CC(O)=O)NC(=O)[C@H](C)NC(=O)[C@@H]3CC4CCCCC4N3C1=O)C(=O)N[C@@H](CC(=O)N[H])C(=O)N[C@H](CCCN=C(N)N[H])C(N)=O)C=C2,3,4,,,,,,,,,,,,,,,,,True,False,True,False,105,150
469,[H]C[C@@H]1NC(=O)[C@@H]2C[C@]3([H])CCCC[C@]3([H])N2C(=O)[C@H](CCSCCCSCC[C@H](NC(=O)[C@H](CC2=CNC3=CC=CC=C23)NC(=O)[C@H](CC(O)=O)NC(=O)[C@H](CC2=CC=CC3=CC=CC=C23)NC(=O)[C@H](CCCCCCCC)NC(=O)[C@H](CC(O)=O)NC1=O)C(=O)N[C@@H](CC(N)=O)C(=O)N[C@H](CCCNC(N)=N)C(N)=O)NC(=O)[C@@H](NC(=O)[C@@H](NC(=O)[C@H](CC1=CN=CN1)NC(=O)[C@@H](NC(=O)[C@@H](NC(=O)C[H])C(C)(C)C)[C@@H](C)CC)C(C)(C)C)[C@@H](C)O,4,1,,,,,,,,,,,,,,,,,True,False,True,False,150,30
658,[H]C[C@@H]1NC(=O)[C@@H]2C[C@]3([H])CCCC[C@]3([H])N2C(=O)[C@H](CCSCCCSCC[C@H](NC(=O)[C@H](CC2=CNC3=CC=CC=C23)NC(=O)[C@H](CCC(O)=O)NC(=O)[C@H](CC2=CNC3=CC=CC=C23)NC(=O)[C@H](CCCCCCCC)NC(=O)[C@H](CC(O)=O)NC1=O)C(=O)N[C@@H](CCCCNC(=O)CCOCCOCCOCCOCCOCCOCCOCCOCCOCCOCCOCCOCCOCCOCCOCCOCCOCCOCCOCCOCCOCCC(=O)NCCCC[C@H](NC(=O)[C@@H]1CCSCCCSCC[C@H](NC(=O)[C@H](CCC(O)=O)NC(=O)[C@@H](NC(=O)[C@H](CCCC[N+](C)(C)C)NC(=O)[C@@H](NC(=O)[C@@H](CCC(O)=O)NC(=O)C(C)(C)C)[C@@H](C)CC)C(C)(C)C)C(=O)N2[C@@H](C[C@]3([H])CCCC[C@]23[H])C(=O)N[C@@H](C[H])C(=O)N[C@@H](CC(O)=O)C(=O)N[C@@H](CCCCCCCC)C(=O)N[C@@H](CC2=CNC3=CC=CC=C23)C(=O)N[C@@H](CCC(O)=O)C(=O)N[C@@H](CC2=CNC3=CC=CC=C23)C(=O)N1)C(=O)N[C@H](CCCNC(N)=N)C(N)=O)C(=O)N[C@H](CCCNC(N)=N)C(N)=O)NC(=O)[C@H](CCC(O)=O)NC(=O)[C@@H](NC(=O)[C@H](CCCC[N+](C)(C)C)NC(=O)[C@@H](NC(=O)[C@@H](CCC(O)=O)NC(=O)C(C)(C)C)[C@@H](C)CC)C(C)(C)C,4,4,,,,,,,,,,,,,,,,,False,True,True,False,150,150
154,[H]NC(N)=NCCC[C@@H](NC(=O)[C@H](CCCCNC(=O)CCOCCOCCOCCOCCOCCOCCOCCOCCOCCOCCOCCOCCOCCOCCOCCOCCOCCOCCOCCOCCOCCC(=O)NCCCC[C@H](NC(=O)[C@@H]1CCCSSCCC[C@H](NC(=O)[C@@]([H])(NC(=O)[C@H](CCCCCC)NC(=O)[C@H](CC2=CN([H])C=N2)NC(=O)[C@@]([H])(NC(C)=O)[C@@H](C)CC)[C@@H](C)O[H])C(=O)N2C3CCCCC3C[C@H]2C(=O)N[C@@H](C)C(=O)N[C@@H](CC(C(O)=O)C(=O)N[C@@H](CCCCCCCC)C(=O)N[C@@H](CC2=CN([H])C3=C2C=CC=C3)C(=O)N[C@@H](CC(O)=O)C(=O)N[C@@H](CC2=CN([H])C3=C2C=CC=C3)C(=O)N1)C(O)=O)C(=O)N[C@H](CCCN=C(N)N[H])C(N)=O)NC(=O)[C@@H]1CCCSSCCC[C@H](NC(=O)[C@@]([H])(NC(=O)[C@H](CCCCCC)NC(=O)[C@H](CC2=CN([H])C=N2)NC(=O)[C@@]([H])(NC(C)=O)[C@@H](C)CC)[C@@H](C)O[H])C(=O)N2C3CCCCC3C[C@H]2C(=O)N[C@@H](C)C(=O)N[C@@H](CC(C(O)=O)C(=O)N[C@@H](CCCCCCCC)C(=O)N[C@@H](CC2=CN([H])C3=C2C=CC=C3)C(=O)N[C@@H](CC(O)=O)C(=O)N[C@@H](CC2=CN([H])C3=C2C=CC=C3)C(=O)N1)C(O)=O)C(N)=O,4,1,,,,,,,,,,,,,,,,,False,True,True,True,150,30
264,[H]NC(N)=NCCC[C@@H](NC(=O)[C@H](CCCCNC(=O)COCCOCCNC(=O)COCCOCCNC(=O)CC[C@H](NC(=O)CCCCCCCCCCC)C(O)=O)NC(=O)[C@@H]1CCCSSCCC[C@H](NC(=O)[C@@]([H])(NC(=O)[C@H](CC(C)(C)C)NC(=O)[C@H](CC2=CN([H])C=N2)NC(=O)[C@@]([H])(NC(C)=O)[C@@H](C)CC)[C@@H](C)O[H])C(=O)N2C3CCCCC3C[C@H]2C(=O)N[C@@H](C)C(=O)N[C@@H](CC(C(O)=O)C(=O)N[C@@H](CCCCCCCC)C(=O)N[C@@H](CC2=CN([H])C3=C2C=CC=C3)C(=O)N[C@@H](CC(O)=O)C(=O)N[C@@H](CC2=CN([H])C3=C2C=CC=C3)C(=O)N1)C(O)=O)C(N)=O,4,4,,,,,,,,,,,,,,,,,False,True,True,True,150,150
310,[H]NC(N)=NCCC[C@@H](NC(=O)[C@H](CCCCNC(=O)CCOCCOCCOCCOCCOCCOCCOCCOCCOCCOCCOCCOCCOCCOCCOCCOCCOCCOCCOCCOCCOCCC(=O)NCCCC[C@H](NC(=O)[C@@H]1CCCSSCCC[C@H](NC(=O)[C@@]([H])(NC(=O)[C@@H](NC(=O)[C@H](CCCCNC(N)=N)NC(=O)[C@@]([H])(NC(C)=O)[C@@H](C)CC)C(C)C)[C@@H](C)O[H])C(=O)N2C3CCCCC3C[C@H]2C(=O)N[C@@H](C)C(=O)N[C@@H](CC(O)=O)C(=O)N[C@@H](CCCCCCCC)C(=O)N[C@@H](CC2=CN([H])C3=C2C=CC=C3)C(=O)N[C@@H](CC(O)=O)C(=O)N[C@@H](CC2=CN([H])C3=C2C=CC=C3)C(=O)N1)C(=O)N[C@H](CCCN=C(N)N[H])C(N)=O)NC(=O)[C@@H]1CCCSSCCC[C@H](NC(=O)[C@@]([H])(NC(=O)[C@@H](NC(=O)[C@H](CCCCNC(N)=N)NC(=O)[C@@]([H])(NC(C)=O)[C@@H](C)CC)C(C)C)[C@@H](C)O[H])C(=O)N2C3CCCCC3C[C@H]2C(=O)N[C@@H](C)C(=O)N[C@@H](CC(O)=O)C(=O)N[C@@H](CCCCCCCC)C(=O)N[C@@H](CC2=CN([H])C3=C2C=CC=C3)C(=O)N[C@@H](CC(O)=O)C(=O)N[C@@H](CC2=CN([H])C3=C2C=CC=C3)C(=O)N1)C(N)=O,4,1,,,,,,,,,,,,,,,,,False,True,True,True,150,30
253,[H]NC(N)=NCCC[C@@H](NC(=O)[C@H](CCCCNC(=O)CCOCCOCCOCCOCCOCCOCCOCCOCCOCCOCCOCCOCCOCCOCCOCCOCCOCCOCCOCCOCCOCCC(=O)NCCCC[C@H](NC(=O)[C@@H]1CCCSSCCC[C@H](NC(=O)[C@@]([H])(NC(=O)[C@H](CC(C)(C)C)NC(=O)[C@H](CC2=CN([H])C=N2)NC(=O)[C@@]([H])(NC(C)=O)[C@@H](C)CC)[C@@H](C)O[H])C(=O)N2C3CCCCC3C[C@H]2C(=O)N[C@@H](C)C(=O)N[C@@H](CC(C(O)=O)C(=O)N[C@@H](CCCCCCCC)C(=O)N[C@@H](CC2=CN([H])C3=C2C=CC=C3)C(=O)N[C@@H](CC(O)=O)C(=O)N[C@@H](CC2=CNC3=CC=C(C)C=C23)C(=O)N1)C(O)=O)C(=O)N[C@H](CCCN=C(N)N[H])C(N)=O)NC(=O)[C@@H]1CCCSSCCC[C@H](NC(=O)[C@@]([H])(NC(=O)[C@H](CC(C)(C)C)NC(=O)[C@H](CC2=CN([H])C=N2)NC(=O)[C@@]([H])(NC(C)=O)[C@@H](C)CC)[C@@H](C)O[H])C(=O)N2C3CCCCC3C[C@H]2C(=O)N[C@@H](C)C(=O)N[C@@H](CC(C(O)=O)C(=O)N[C@@H](CCCCCCCC)C(=O)N[C@@H](CC2=CN([H])C3=C2C=CC=C3)C(=O)N[C@@H](CC(O)=O)C(=O)N[C@@H](CC2=CNC3=CC=C(C)C=C23)C(=O)N1)C(O)=O)C(N)=O,4,4,,,,,,,,,,,,,,,,,False,True,True,True,150,150
363,[H]C[C@@H]1NC(=O)[C@@H]2C[C@]3([H])CCCC[C@]3([H])N2C(=O)[C@H](CCCCCCCC[C@H](NC(=O)[C@H](CC2=CNC3=CC=CC=C23)NC(=O)[C@H](CC(O)=O)NC(=O)[C@H](CC2=CNC3=CC=CC=C23)NC(=O)[C@H](CCCCCCCC)NC(=O)[C@H](CC(O)=O)NC1=O)C(=O)N[C@@H](CCCCNC(=O)CCOCCOCCOCCOCCOCCOCCOCCOCCOCCOCCOCCOCCOCCOCCOCCOCCOCCOCCOCCOCCOCCC(=O)NCCCC[C@H](NC(=O)[C@@H]1CCCCCCCC[C@H](NC(=O)[C@@H](NC(=O)[C@@H](NC(=O)[C@H](CCC(N)=O)NC(=O)[C@@H](NC(=O)C[H])[C@@H](C)CC)C(C)C)[C@@H](C)O)C(=O)N2[C@@H](C[C@]3([H])CCCC[C@]23[H])C(=O)N[C@@H](C[H])C(=O)N[C@@H](CC(O)=O)C(=O)N[C@@H](CCCCCCCC)C(=O)N[C@@H](CC2=CNC3=CC=CC=C23)C(=O)N[C@@H](CC(O)=O)C(=O)N[C@@H](CC2=CNC3=CC=CC=C23)C(=O)N1)C(=O)N[C@H](CCCNC(N)=N)C(N)=O)C(=O)N[C@H](CCCNC(N)=N)C(N)=O)NC(=O)[C@@H](NC(=O)[C@@H](NC(=O)[C@H](CCC(N)=O)NC(=O)[C@@H](NC(=O)C[H])[C@@H](C)CC)C(C)C)[C@@H](C)O,4,1,,,,,,,,,,,,,,,,,False,True,True,False,150,30
250,CCCCCCCCC%16NC(=O)C(CC(=O)O)NC(=O)C(C)NC(=O)C2CC1CCCCC1N2C(=O)C(NC(=O)C(NC(=O)C(CC(C)(C)C)NC(=O)C(Cc3c[nH]cn3)NC(=O)C(NC(C)=O)C(C)CC)C(C)O)CCCCNC(=O)CSC(C)(C)C(C(=O)NC(CCCCNC(=O)CCOCCOCCOCCOCCOCCOCCOCCOCCOCCOCCOCCOCCOCCOCCOCCOCCOCCOCCOCCOCCOCCC(=O)NCCCCC(NC(=O)C%11NC(=O)C(Cc4c[nH]c5ccccc45)NC(=O)C(CC(=O)O)NC(=O)C(Cc6c[nH]c7ccccc67)NC(=O)C(CCCCCCCC)NC(=O)C(CC(=O)O)NC(=O)C(C)NC(=O)C9CC8CCCCC8N9C(=O)C(NC(=O)C(NC(=O)C(CC(C)(C)C)NC(=O)C(Cc%10c[nH]cn%10)NC(=O)C(NC(C)=O)C(C)CC)C(C)O)CCCCNC(=O)CSC%11(C)C)C(=O)NC(CCC/N=C(N)/N)C(N)=O)C(=O)NC(CCC/N=C(N)\N)C(N)=O)NC(=O)C(Cc%12c[nH]c%13ccccc%12%13)NC(=O)C(CC(=O)O)NC(=O)C(Cc%14c[nH]c%15ccccc%14%15)NC%16=O,1,4,,,,,,,,,,,,,,,,,False,True,True,False,30,150
200,[H][C@](NC(=O)[C@H](CCSC\C=C\CSCC[C@H](NC(=O)[C@H](CC1=CNC=N1)NC(=O)[C@@]([H])(NC(C)=O)[C@@H](C)CC)C(=O)N[C@@]([H])([C@@H](C)O)C(=O)N[C@@]([H])([C@@H](C)CC)C(=O)N1CCC[C@H]1C(=O)N[C@@H](C)C(=O)N[C@@H](CC(O)=O)C(=O)N[C@@H](CCCCCCCC)C(=O)N[C@@H](CC1=CNC2=C1C=CC=C2)C(=O)N[C@@H](CC(O)=O)C(=O)N[C@@H](CC1=CNC2=C1C=CC=C2)C(=O)N[C@@]([H])([C@@H](C)CC)C(=O)N[C@@H](CC(N)=O)C(=O)N[C@H](CCCNC(N)=N)C(N)=O)NC(=O)[C@H](CC1=CNC=N1)NC(=O)[C@@]([H])(NC(C)=O)[C@@H](C)CC)([C@@H](C)O)C(=O)N[C@@]([H])([C@@H](C)CC)C(=O)N1CCC[C@H]1C(=O)N[C@@H](C)C(=O)N[C@@H](CC(O)=O)C(=O)N[C@@H](CCCCCCCC)C(=O)N[C@@H](CC1=CNC2=C1C=CC=C2)C(=O)N[C@@H](CC(O)=O)C(=O)N[C@@H](CC1=CNC2=C1C=CC=C2)C(=O)N[C@@]([H])([C@@H](C)CC)C(=O)N[C@@H](CC(N)=O)C(=O)N[C@H](CCCNC(N)=N)C(N)=O,4,1,,,,,,,,,,,,,,,,,False,True,True,False,150,30
593,[H]C[C@@H]1NC(=O)[C@@H]2C[C@]3([H])CCCC[C@]3([H])N2C(=O)[C@H](CCSCCCSCC[C@H](NC(=O)[C@H](CC2=CNC3=CC=CC=C23)NC(=O)[C@H](CCC(O)=O)NC(=O)[C@H](CC2=CNC3=CC=CC=C23)NC(=O)[C@H](CCCCCCCC)NC(=O)[C@H](CC(O)=O)NC1=O)C(=O)N[C@@H](CC(N)=O)C(=O)N[C@H](CCCNC(N)=N)C(N)=O)NC(=O)[C@@H](NC(=O)[C@H](CC(C)(C)C)NC(=O)[C@H](CC1=CN=CN1)NC(=O)[C@@H](NC(=O)[C@@H](CC1=CC=CC=N1)NC(=O)C[H])[C@@H](C)CC)[C@@H](C)O,4,4,,,,,,,,,,,,,,,,,True,False,True,False,150,150
34,[H]C[C@H](NC(=O)[C@@H]1CC([H])CN1C(=O)[C@@H](NC(=O)[C@@H](NC(=O)[C@@H](NC(=O)[C@@H](NC(=O)[C@@H](NC(=O)[C@@H](N[H])CCCCNC(=O)COCCOCCNC(=O)COCCOCCNC(=O)CC[C@H](NC(=O)CCCCCCCCCCC)C(O)=O)[C@@H](C)CC)[C@@H](C)O)C(C)C)[C@@H](C)O)[C@@H](C)CC)C(=O)N[C@@H](CC(O)=O)C(=O)N[C@@H](CC(C)C)C(=O)N[C@@H](CC1=CNC2=CC=CC=C12)C(=O)N[C@@H](CC(O)=O)C(=O)N[C@@H](CC1=CNC2=CC=CC=C12)C(=O)N[C@@H]([C@@H](C)CC)C(=O)N[C@@H](CCCCN[H])C(=O)N[C@H](CCCNC(N)=N)C(N)=O,1,1,,,,,,,,,,,,,,,,,False,True,True,False,30,30
513,[H]C[C@@H]1NC(=O)[C@@H]2C[C@]3([H])CCCC[C@]3([H])N2C(=O)[C@H](CCSCCCSCC[C@H](NC(=O)[C@H](CC2=CNC3=CC=CC=C23)NC(=O)[C@H](CC(O)=O)NC(=O)[C@H](CC2=CNC3=CC=CC=C23)NC(=O)[C@H](CCCCCCCC)NC(=O)[C@H](CC(O)=O)NC1=O)C(=O)N[C@@H](CC(N)=O)C(=O)N[C@H](CCCNC(N)=N)C(N)=O)NC(=O)[C@@H](NC(=O)[C@H](CC(C)(C)C)NC(=O)[C@H](CC1=CN=CN1)NC(=O)[C@@H](NC(=O)[C@@H](CC1=CN=CN1)NC(=O)CC(C)C)[C@@H](C)CC)[C@@H](C)O,4,4,,,,,,,,,,,,,,,,,True,False,True,False,150,150
38,[H]NC(N)=NCCC[C@@H](NC(=O)[C@@H]1CSCC2=C(CSC[C@H](NC(=O)[C@H](CC(C)C)NC(=O)[C@H](CC(O)=O)NC(=O)[C@H](C)NC(=O)[C@@H]3CCCN3C(=O)[C@@]([H])(NC(=O)[C@@]([H])(NC(=O)[C@@H](NC(=O)[C@H](CC3=CN([H])C=N3)NC(=O)[C@@]([H])(NC(C)=O)[C@@H](C)CC)C(C)C)[C@@H](C)O[H])[C@@H](C)CC)C(=O)N[C@@H](CC(O)=O)C(=O)N[C@@H](CC3=CN([H])C4=C3C=CC=C4)C(=O)N[C@@]([H])([C@@H](C)CC)C(=O)N1)C=CC=C2)C(N)=O,1,1,,,,,,,,,,,,,,,,,True,False,True,False,30,30
351,[H]NC(N)=NCCC[C@@H](NC(=O)[C@H](CCCCNC(=O)CCOCCOCCOCCOCCOCCOCCOCCOCCOCCOCCOCCOCCOCCOCCOCCOCCOCCOCCOCCOCCOCCC(=O)NCCCC[C@H](NC(=O)[C@@H]1CCNC(=O)CSCCC[C@H](NC(=O)[C@@]([H])(NC(=O)[C@H](CC(C)(C)C)NC(=O)[C@H](CC2=CN([H])C=N2)NC(=O)[C@@]([H])(NC(C)=O)[C@@H](C)CC)[C@@H](C)O[H])C(=O)N2C3CCCCC3C[C@H]2C(=O)N[C@@H](C)C(=O)N[C@@H](CC(O)=O)C(=O)N[C@@H](CCCCCCCC)C(=O)N[C@@H](CC2=CN([H])C3=C2C=CC=C3)C(=O)N[C@@H](CC(O)=O)C(=O)N[C@@H](CC2=CN([H])C3=C2C=CC=C3)C(=O)N1)C(=O)N[C@H](CCCN=C(N)N[H])C(N)=O)NC(=O)[C@@H]1CCNC(=O)CSCCC[C@H](NC(=O)[C@@]([H])(NC(=O)[C@H](CC(C)(C)C)NC(=O)[C@H](CC2=CN([H])C=N2)NC(=O)[C@@]([H])(NC(C)=O)[C@@H](C)CC)[C@@H](C)O[H])C(=O)N2C3CCCCC3C[C@H]2C(=O)N[C@@H](C)C(=O)N[C@@H](CC(O)=O)C(=O)N[C@@H](CCCCCCCC)C(=O)N[C@@H](CC2=CN([H])C3=C2C=CC=C3)C(=O)N[C@@H](CC(O)=O)C(=O)N[C@@H](CC2=CN([H])C3=C2C=CC=C3)C(=O)N1)C(N)=O,1,4,,,,,,,,,,,,,,,,,False,True,True,False,30,150
710,[H]C[C@@H]1NC(=O)[C@@H]2C[C@]3([H])CCCC[C@]3([H])N2C(=O)[C@H](CCSCCCSCC[C@H](NC(=O)[C@H](CC2=CNC3=CC=CC=C23)NC(=O)[C@H](CCC(O)=O)NC(=O)[C@H](CC2=CNC3=CC=CC=C23)NC(=O)[C@H](CCCCCCCCCC)NC(=O)[C@H](CC(O)=O)NC1=O)C(=O)N[C@@H](CC(N)=O)C(=O)N[C@H](CCCNC(N)=N)C(N)=O)NC(=O)[C@@H](NC(=O)[C@H](CC(C)(C)C)NC(=O)[C@H](CC1=CN=CN1)NC(=O)[C@@H](NC(=O)[C@H](CCC(O)=O)NC(=O)CO)[C@@H](C)CC)[C@@H](C)O,4,4,,,,,,,,,,,,,,,,,True,False,True,False,150,150
48,[H]CC(=O)N[C@@H]([C@@H](C)CC)C(=O)N[C@@H]([C@@H](C)O)C(=O)N[C@@H](C(C)C)C(=O)N[C@@H]([C@@H](C)O)C(=O)N[C@@H]([C@@H](C)CC)C(=O)N1CC([H])C[C@H]1C(=O)N[C@H]1CCCC\C=C/CCCC[C@H](NC(=O)[C@H](CC2=CNC3=CC=CC=C23)NC(=O)[C@H](CC(C)C)NC(=O)[C@H](CC(O)=O)NC1=O)C(=O)N[C@@H](CC1=CNC2=CC=CC=C12)C(=O)N[C@@H]([C@@H](C)CC)C(=O)N[C@@H](CC(N)=O)C(=O)N[C@H](CCCNC(N)=N)C(N)=O,4,2,,,,,,,,,,,,,,,,,True,False,True,False,150,75
88,[H]NC(N)=NCCC[C@@H](NC(=O)[C@H](CCCCNC(=O)CCOCCOCCOCCOCCOCCOCCOCCOCCOCCOCCOCCOCCOCCOCCOCCOCCOCCOCCOCCOCCOCCC(=O)NCCCC[C@H](NC(=O)[C@H](CC1CCCCC1)NC(=O)[C@H](CC1=CN([H])C2=C1C=CC=C2)NC(=O)[C@H](CC(O)=O)NC(=O)[C@H](CC1=CN([H])C2=C1C=CC=C2)NC(=O)[C@H](CCCCCCCC)NC(=O)[C@H](CC(O)=O)NC(=O)[C@H](C)NC(=O)[C@@H]1CCN1C(=O)[C@@]([H])(NC(=O)[C@@]([H])(NC(=O)[C@H](CC(C)(C)C)NC(=O)[C@H](CC1=CN([H])C=N1)NC(=O)[C@@]([H])(NC(C)=O)[C@@H](C)CC)[C@@H](C)O[H])[C@@H](C)CC)C(=O)N[C@H](CCCN=C(N)N[H])C(N)=O)NC(=O)[C@H](CC1CCCCC1)NC(=O)[C@H](CC1=CN([H])C2=C1C=CC=C2)NC(=O)[C@H](CC(O)=O)NC(=O)[C@H](CC1=CN([H])C2=C1C=CC=C2)NC(=O)[C@H](CCCCCCCC)NC(=O)[C@H](CC(O)=O)NC(=O)[C@H](C)NC(=O)[C@@H]1CCN1C(=O)[C@@]([H])(NC(=O)[C@@]([H])(NC(=O)[C@H](CC(C)(C)C)NC(=O)[C@H](CC1=CN([H])C=N1)NC(=O)[C@@]([H])(NC(C)=O)[C@@H](C)CC)[C@@H](C)O[H])[C@@H](C)CC)C(N)=O,2,1,,,,,,,,,,,,,,,,,False,True,True,False,75,30
388,[H]NC(=O)CC[C@@H]1NC(=O)[C@@H]2CC3CCCCC3N2C(=O)[C@H](CCCSSCCC[C@H](NC(=O)[C@H](CC2=CN([H])C3=C2C=CC=C3)NC(=O)[C@H](CC(O)=O)NC(=O)[C@H](CC2=CN([H])C3=C2C=CC=C3)NC(=O)[C@H](CCCCCCCC)NC(=O)[C@H](CC(O)=O)NC1=O)C(=O)N[C@@H](CCCCNC(=O)CCOCCOCCOCCOCCOCCOCCOCCOCCOCCOCCOCCOCCOCCOCCOCCOCCOCCOCCOCCOCCOCCC(=O)NCCCC[C@H](NC(=O)[C@@H]1CCCSSCCC[C@H](NC(=O)[C@@]([H])(NC(=O)[C@@H](NC(=O)[C@H](CCCC[N+](C)(C)C)NC(=O)[C@@]([H])(NC(C)=O)[C@@H](C)CC)C(C)C)[C@@H](C)O[H])C(=O)N2C3CCCCC3C[C@H]2C(=O)N[C@@H](CCC(=O)N[H])C(=O)N[C@@H](CC(O)=O)C(=O)N[C@@H](CCCCCCCC)C(=O)N[C@@H](CC2=CN([H])C3=C2C=CC=C3)C(=O)N[C@@H](CC(O)=O)C(=O)N[C@@H](CC2=CN([H])C3=C2C=CC=C3)C(=O)N1)C(=O)N[C@H](CCCN=C(N)N[H])C(N)=O)C(=O)N[C@H](CCCN=C(N)N[H])C(N)=O)NC(=O)[C@@]([H])(NC(=O)[C@@H](NC(=O)[C@H](CCCC[N+](C)(C)C)NC(=O)[C@@]([H])(NC(C)=O)[C@@H](C)CC)C(C)C)[C@@H](C)O[H],4,4,,,,,,,,,,,,,,,,,False,True,True,True,150,150
381,[H]NC(N)=NCCC[C@@H](NC(=O)[C@H](CCCCNC(=O)CCOCCOCCOCCOCCOCCOCCOCCOCCOCCOCCOCCOCCOCCOCCOCCOCCOCCOCCOCCOCCOCCC(=O)NCCCC[C@H](NC(=O)[C@@H]1CCCSSCCC[C@H](NC(=O)[C@@]([H])(NC(=O)[C@H](CC2CC2)NC(=O)[C@H](CCCC[N+](C)(C)C)NC(=O)[C@@]([H])(NC(C)=O)[C@@H](C)CC)[C@@H](C)O[H])C(=O)N2C3CCCCC3C[C@H]2C(=O)N[C@@H](C)C(=O)N[C@@H](CC(O)=O)C(=O)N[C@@H](CCCCCCCC)C(=O)N[C@@H](CC2=CN([H])C3=C2C=CC=C3)C(=O)N[C@@H](CC(O)=O)C(=O)N[C@@H](CC2=CN([H])C3=C2C=CC=C3)C(=O)N1)C(=O)N[C@H](CCCN=C(N)N[H])C(N)=O)NC(=O)[C@@H]1CCCSSCCC[C@H](NC(=O)[C@@]([H])(NC(=O)[C@H](CC2CC2)NC(=O)[C@H](CCCC[N+](C)(C)C)NC(=O)[C@@]([H])(NC(C)=O)[C@@H](C)CC)[C@@H](C)O[H])C(=O)N2C3CCCCC3C[C@H]2C(=O)N[C@@H](C)C(=O)N[C@@H](CC(O)=O)C(=O)N[C@@H](CCCCCCCC)C(=O)N[C@@H](CC2=CN([H])C3=C2C=CC=C3)C(=O)N[C@@H](CC(O)=O)C(=O)N[C@@H](CC2=CN([H])C3=C2C=CC=C3)C(=O)N1)C(N)=O,4,2,,,,,,,,,,,,,,,,,False,True,True,True,150,75
93,[H]C[C@@H]1NC(=O)[C@@H]2CC([H])CN2C(=O)[C@H](CCCCCCCCCC[C@H](NC(=O)[C@H](CC2=CNC3=CC=CC=C23)NC(=O)[C@H](CC(O)=O)NC(=O)[C@H](CC2=CNC3=CC=CC=C23)NC(=O)[C@H](CCCCCCCC)NC(=O)[C@H](CC(O)=O)NC1=O)C(=O)N[C@@H](CCCCNC(=O)CCOCCOCCOCCOCCOCCOCCOCCOCCOCCOCCOCCOCCOCCOCCOCCOCCOCCOCCOCCOCCOCCC(=O)NCCCC[C@H](NC(=O)[C@@H]1CCCCCCCCCC[C@H](NC(=O)[C@@H](NC(=O)[C@H](CC(C)(C)C)NC(=O)[C@@H](NC(=O)[C@@H](NC(=O)C[H])[C@@H](C)CC)[C@@H](C)O)[C@@H](C)O)C(=O)N2CC([H])C[C@H]2C(=O)N[C@@H](C[H])C(=O)N[C@@H](CC(O)=O)C(=O)N[C@@H](CCCCCCCC)C(=O)N[C@@H](CC2=CNC3=CC=CC=C23)C(=O)N[C@@H](CC(O)=O)C(=O)N[C@@H](CC2=CNC3=CC=CC=C23)C(=O)N1)C(=O)N[C@H](CCCNC(N)=N)C(N)=O)C(=O)N[C@H](CCCNC(N)=N)C(N)=O)NC(=O)[C@@H](NC(=O)[C@H](CC(C)(C)C)NC(=O)[C@@H](NC(=O)[C@@H](NC(=O)C[H])[C@@H](C)CC)[C@@H](C)O)[C@@H](C)O,4,4,,,,,,,,,,,,,,,,,False,True,True,False,150,150
416,[H]C[C@@H]1NC(=O)[C@@H]2C[C@]3([H])CCCC[C@]3([H])N2C(=O)[C@H](CCSCC2(COC2)CSCC[C@H](NC(=O)[C@H](CC2=CNC3=CC=CC=C23)NC(=O)[C@H](CC(O)=O)NC(=O)[C@H](CC2=CNC3=CC=CC=C23)NC(=O)[C@H](CCCCCCCC)NC(=O)[C@H](CC(O)=O)NC1=O)C(=O)N[C@@H](CCCCNC(=O)CCOCCOCCOCCOCCOCCOCCOCCOCCOCCOCCOCCOCCOCCOCCOCCOCCOCCOCCOCCOCCOCCC(=O)NCCCC[C@H](NC(=O)[C@@H]1CCSCC2(COC2)CSCC[C@H](NC(=O)[C@H](CCC(O)=O)NC(=O)[C@@H](NC(=O)[C@H](CCCC[N+](C)(C)C)NC(=O)[C@@H](NC(=O)C[H])[C@@H](C)CC)C(C)C)C(=O)N2[C@@H](C[C@]3([H])CCCC[C@]23[H])C(=O)N[C@@H](C[H])C(=O)N[C@@H](CC(O)=O)C(=O)N[C@@H](CCCCCCCC)C(=O)N[C@@H](CC2=CNC3=CC=CC=C23)C(=O)N[C@@H](CC(O)=O)C(=O)N[C@@H](CC2=CNC3=CC=CC=C23)C(=O)N1)C(=O)N[C@H](CCCNC(N)=N)C(N)=O)C(=O)N[C@H](CCCNC(N)=N)C(N)=O)NC(=O)[C@H](CCC(O)=O)NC(=O)[C@@H](NC(=O)[C@H](CCCC[N+](C)(C)C)NC(=O)[C@@H](NC(=O)C[H])[C@@H](C)CC)C(C)C,4,4,,,,,,,,,,,,,,,,,False,True,True,False,150,150
139,[H]NC(N)=NCCC[C@@H](NC(=O)[C@H](CCCCNC(=O)CCOCCOCCOCCOCCOCCOCCOCCOCCOCCOCCOCCOCCOCCOCCOCCOCCOCCOCCOCCOCCOCCC(=O)NCCCC[C@H](NC(=O)[C@@H]1CCCSSCCC[C@H](NC(=O)[C@@]([H])(NC(=O)[C@@H](NC(=O)[C@H](CC2=CN([H])C=N2)NC(=O)[C@@]([H])(NC(C)=O)[C@@H](C)CC)C2CC3=C(C2)C=CC=C3)[C@@H](C)O[H])C(=O)N2CCC[C@H]2C(=O)N[C@@H](C)C(=O)N[C@@H](CC(O)=O)C(=O)N[C@@H](CCCCCCCC)C(=O)N[C@@H](CC2=CN([H])C3=C2C=CC=C3)C(=O)N[C@@H](CC(O)=O)C(=O)N[C@@H](CC2=CN([H])C3=C2C=CC=C3)C(=O)N1)C(=O)N[C@H](CCCN=C(N)N[H])C(N)=O)NC(=O)[C@@H]1CCCSSCCC[C@H](NC(=O)[C@@]([H])(NC(=O)[C@@H](NC(=O)[C@H](CC2=CN([H])C=N2)NC(=O)[C@@]([H])(NC(C)=O)[C@@H](C)CC)C2CC3=C(C2)C=CC=C3)[C@@H](C)O[H])C(=O)N2CCC[C@H]2C(=O)N[C@@H](C)C(=O)N[C@@H](CC(O)=O)C(=O)N[C@@H](CCCCCCCC)C(=O)N[C@@H](CC2=CN([H])C3=C2C=CC=C3)C(=O)N[C@@H](CC(O)=O)C(=O)N[C@@H](CC2=CN([H])C3=C2C=CC=C3)C(=O)N1)C(N)=O,2,2,,,,,,,,,,,,,,,,,False,True,True,True,75,75
375,[H]CC(=O)N[C@@H]([C@@H](C)CC)C(=O)N[C@@H](CC1=CN=CN1)C(=O)N[C@@H](CC(C)(C)C)C(=O)N[C@@H]([C@@H](C)O)C(=O)N[C@H]1CCCCNC(=O)CSC[C@H](NC(=O)[C@H](CC2=CNC3=CC=CC=C23)NC(=O)[C@H](CC(O)=O)NC(=O)[C@H](CC2=CNC3=CC=CC=C23)NC(=O)[C@H](CCCCCCCC)NC(=O)[C@H](CC(C(O)=O)C(O)=O)NC(=O)C(C)(C)NC(=O)[C@@H]2C[C@]3([H])CCCC[C@]3([H])N2C1=O)C(=O)N[C@@H](CCCCNC(=O)CCOCCOCCOCCOCCOCCOCCOCCOCCOCCOCCOCCOCCOCCOCCOCCOCCOCCOCCOCCOCCOCCC(=O)NCCCC[C@H](NC(=O)[C@@H]1CSCC(=O)NCCCC[C@H](NC(=O)[C@@H](NC(=O)[C@H](CC(C)(C)C)NC(=O)[C@H](CC2=CN=CN2)NC(=O)[C@@H](NC(=O)C[H])[C@@H](C)CC)[C@@H](C)O)C(=O)N2[C@@H](C[C@]3([H])CCCC[C@]23[H])C(=O)NC(C)(C)C(=O)N[C@@H](CC(C(O)=O)C(O)=O)C(=O)N[C@@H](CCCCCCCC)C(=O)N[C@@H](CC2=CNC3=CC=CC=C23)C(=O)N[C@@H](CC(O)=O)C(=O)N[C@@H](CC2=CNC3=CC=CC=C23)C(=O)N1)C(=O)N[C@H](CCCNC(N)=N)C(N)=O)C(=O)N[C@H](CCCNC(N)=N)C(N)=O,3,4,,,,,,,,,,,,,,,,,False,True,True,False,105,150
642,[H]NC(N)=NCCC[C@@H](NC(=O)[C@H](CCCCNC(=O)CCOCCOCCOCCOCCOCCOCCOCCOCCOCCOCCOCCOCCOCCOCCOCCOCCOCCOCCOCCOCCOCCC(=O)NCCCC[C@H](NC(=O)[C@@H]1CCSCCCSCC[C@H](NC(=O)[C@H](CCC(O)=O)NC(=O)[C@@H](NC(=O)[C@H](CCCC[N+](C)(C)C)NC(=O)[C@@]([H])(NC(=O)[C@@H](CC2=CN([H])C=N2)NC(C)=O)[C@@H](C)CC)C(C)(C)C)C(=O)N2C3CCCCC3C[C@H]2C(=O)N[C@@H](C)C(=O)N[C@@H](CC(O)=O)C(=O)N[C@@H](CCCCCCCC)C(=O)N[C@@H](CC2=CN([H])C3=C2C=CC=C3)C(=O)N[C@H](CC(O)=O)C(=O)N[C@@H](CC2=CN([H])C3=C2C=CC=C3)C(=O)N1)C(=O)N[C@H](CCCN=C(N)N[H])C(N)=O)NC(=O)[C@@H]1CCSCCCSCC[C@H](NC(=O)[C@H](CCC(O)=O)NC(=O)[C@@H](NC(=O)[C@H](CCCC[N+](C)(C)C)NC(=O)[C@@]([H])(NC(=O)[C@@H](CC2=CN([H])C=N2)NC(C)=O)[C@@H](C)CC)C(C)(C)C)C(=O)N2C3CCCCC3C[C@H]2C(=O)N[C@@H](C)C(=O)N[C@@H](CC(O)=O)C(=O)N[C@@H](CCCCCCCC)C(=O)N[C@@H](CC2=CN([H])C3=C2C=CC=C3)C(=O)N[C@@H](CC(O)=O)C(=O)N[C@@H](CC2=CN([H])C3=C2C=CC=C3)C(=O)N1)C(N)=O,4,4,,,,,,,,,,,,,,,,,False,True,True,False,150,150
397,[H]CC(=O)N[C@@H]([C@@H](C)CC)C(=O)N[C@@H](CC1=CN=CN1)C(=O)N[C@@H](CC(C)(C)C)C(=O)N[C@@H]([C@@H](C)O)C(=O)N[C@@H]([C@@H](C)CC)C(=O)N1[C@@H](C[C@]2([H])CCCC[C@]12[H])C(=O)N[C@@]1(C)CCC\C=C\CCC[C@](C)(NC(=O)[C@H](CC2=CNC3=CC=CC=C23)NC(=O)[C@H](CCCCCCCC)NC(=O)[C@H](CC(C(O)=O)C(O)=O)NC1=O)C(=O)N[C@@H](CC1=CNC2=CC=CC=C12)C(=O)N[C@@H]([C@@H](C)CC)C(=O)N[C@@H](CC(N)=O)C(=O)N[C@H](CCCNC(N)=N)C(N)=O,4,4,,,,,,,,,,,,,,,,,True,False,True,False,150,150
255,[H]NC(N)=NCCCC(NC(=O)C(CCCCNC(=O)CCOCCOCCOCCOCCOCCOCCOCCOCCOCCOCCOCCOCCOCCOCCOCCOCCOCCOCCOCCOCCOCCC(=O)NCCCCC(NC(=O)C1CCCSSCCCC(NC(=O)C([H])(NC(=O)C(CC(C)(C)C)NC(=O)C(CC2=CN([H])C=N2)NC(=O)C([H])(NC(C)=O)C(C)CC)C(C)O[H])C(=O)N2C3CCCCC3CC2C(=O)NC(CCCCNC(N)=N)C(=O)NC(CC(O)=O)C(=O)NC(CCCCCCCC)C(=O)NC(CC2=CN([H])C3=C2C=CC=C3)C(=O)NC(CC(O)=O)C(=O)NC(CC2=CN([H])C3=C2C=CC=C3)C(=O)N1)C(=O)NC(CCCN=C(N)N[H])C(N)=O)NC(=O)C1CCCSSCCCC(NC(=O)C([H])(NC(=O)C(CC(C)(C)C)NC(=O)C(CC2=CN([H])C=N2)NC(=O)C([H])(NC(C)=O)C(C)CC)C(C)O[H])C(=O)N2C3CCCCC3CC2C(=O)NC(CCCCNC(N)=N)C(=O)NC(CC(O)=O)C(=O)NC(CCCCCCCC)C(=O)NC(CC2=CN([H])C3=C2C=CC=C3)C(=O)NC(CC(O)=O)C(=O)NC(CC2=CN([H])C3=C2C=CC=C3)C(=O)N1)C(N)=O,4,4,,,,,,,,,,,,,,,,,False,True,True,True,150,150
299,[H]NC(=O)C[C@H](NC(=O)[C@H](CC(C)(C)C)NC(=O)[C@H](CC1=CN([H])C=N1)NC(=O)[C@@]([H])(NC(C)=O)[C@@H](C)CC)C(=O)N[C@H]1CCCCNC(=O)CSC[C@H](NC(=O)[C@H](CC2=CN([H])C3=C2C=CC=C3)NC(=O)[C@H](CC(O)=O)NC(=O)[C@H](CC2=CN([H])C3=C2C=CC=C3)NC(=O)[C@H](CCCCCCCC)NC(=O)[C@H](CC(O)=O)NC(=O)[C@H](CC2=CN([H])C=N2)NC(=O)[C@@H]2CC3CCCCC3N2C1=O)C(=O)N[C@@H](CCCCNC(=O)CCOCCOCCOCCOCCOCCOCCOCCOCCOCCOCCOCCOCCOCCOCCOCCOCCOCCOCCOCCOCCOCCC(=O)NCCCC[C@H](NC(=O)[C@@H]1CSCC(=O)NCCCC[C@H](NC(=O)[C@H](CC(=O)N[H])NC(=O)[C@H](CC(C)(C)C)NC(=O)[C@H](CC2=CN([H])C=N2)NC(=O)[C@@]([H])(NC(C)=O)[C@@H](C)CC)C(=O)N2C3CCCCC3C[C@H]2C(=O)N[C@@H](CC2=CN([H])C=N2)C(=O)N[C@@H](CC(O)=O)C(=O)N[C@@H](CCCCCCCC)C(=O)N[C@@H](CC2=CN([H])C3=C2C=CC=C3)C(=O)N[C@@H](CC(O)=O)C(=O)N[C@@H](CC2=CN([H])C3=C2C=CC=C3)C(=O)N1)C(=O)N[C@H](CCCN=C(N)N[H])C(N)=O)C(=O)N[C@H](CCCN=C(N)N[H])C(N)=O,1,1,,,,,,,,,,,,,,,,,False,True,True,False,30,30
106,[H][C@](NC(=O)[C@@H](NC(=O)[C@H](CC1=CNC=N1)NC(=O)[C@@]([H])(NC(C)=O)[C@@H](C)CC)C(C)(C)C)([C@@H](C)O)C(=O)N[C@H]1CCCSSCCC[C@H](NC(=O)[C@H](CC2=CNC3=C2C=CC=C3)NC(=O)[C@H](CC(O)=O)NC(=O)[C@H](CC2=CNC3=C2C=CC=C3)NC(=O)[C@H](CC(C)C)NC(=O)[C@H](CC(O)=O)NC(=O)[C@H](C)NC(=O)[C@@H]2CCCN2C1=O)C(=O)N[C@@H](CCCCNC(=O)CCOCCOCCOCCOCCOCCOCCOCCOCCOCCOCCOCCOCCOCCOCCOCCOCCOCCOCCOCCOCCOCCC(=O)NCCCC[C@H](NC(=O)[C@@H]1CCCSSCCC[C@H](NC(=O)[C@@]([H])(NC(=O)[C@@H](NC(=O)[C@H](CC2=CNC=N2)NC(=O)[C@@]([H])(NC(C)=O)[C@@H](C)CC)C(C)(C)C)[C@@H](C)O)C(=O)N2CCC[C@H]2C(=O)N[C@@H](C)C(=O)N[C@@H](CC(O)=O)C(=O)N[C@@H](CC(C)C)C(=O)N[C@@H](CC2=CNC3=C2C=CC=C3)C(=O)N[C@@H](CC(O)=O)C(=O)N[C@@H](CC2=CNC3=C2C=CC=C3)C(=O)N1)C(=O)N[C@H](CCCNC(N)=N)C(N)=O)C(=O)N[C@H](CCCNC(N)=N)C(N)=O,1,1,,,,,,,,,,,,,,,,,False,True,True,True,30,30
587,[H]C[C@@H]1NC(=O)[C@@H]2C[C@]3([H])CCCC[C@]3([H])N2C(=O)[C@H](CCC\C=C/CCC[C@H](NC(=O)[C@H](CC2=CNC3=CC=CC=C23)NC(=O)[C@H](CCC(O)=O)NC(=O)[C@H](CC2=CNC3=CC=CC=C23)NC(=O)[C@H](CCCCCCCC)NC(=O)[C@H](CC(O)=O)NC1=O)C(=O)N[C@@H](CCCCNC(=O)C[H])C(=O)N[C@H](CCCNC(N)=N)C(N)=O)NC(=O)[C@@H](NC(=O)[C@H](CC(C)(C)C)NC(=O)[C@H](CC1=CN=CN1)NC(=O)[C@@H](NC(=O)[C@H](CC1=CN=CN1)NC(=O)C[H])[C@@H](C)CC)[C@@H](C)O,4,4,,,,,,,,,,,,,,,,,True,False,True,False,150,150
389,[H]NC(N)=NCCC[C@@H](NC(=O)[C@H](CCCCNC(=O)CCOCCOCCOCCOCCOCCOCCOCCOCCOCCOCCOCCOCCOCCOCCOCCOCCOCCOCCOCCOCCOCCC(=O)NCCCC[C@H](NC(=O)[C@@H]1CCCSSCCC[C@H](NC(=O)[C@@]([H])(NC(=O)[C@@H](NC(=O)[C@H](CCCC[N+](C)(C)C)NC(=O)[C@@]([H])(NC(C)=O)[C@@H](C)CC)C(C)C)[C@@H](C)O[H])C(=O)N2C3CCCCC3C[C@H]2C(=O)N[C@@H](CO[H])C(=O)N[C@@H](CC(O)=O)C(=O)N[C@@H](CCCCCCCC)C(=O)N[C@@H](CC2=CN([H])C3=C2C=CC=C3)C(=O)N[C@@H](CC(O)=O)C(=O)N[C@@H](CC2=CN([H])C3=C2C=CC=C3)C(=O)N1)C(=O)N[C@H](CCCN=C(N)N[H])C(N)=O)NC(=O)[C@@H]1CCCSSCCC[C@H](NC(=O)[C@@]([H])(NC(=O)[C@@H](NC(=O)[C@H](CCCC[N+](C)(C)C)NC(=O)[C@@]([H])(NC(C)=O)[C@@H](C)CC)C(C)C)[C@@H](C)O[H])C(=O)N2C3CCCCC3C[C@H]2C(=O)N[C@@H](CO[H])C(=O)N[C@@H](CC(O)=O)C(=O)N[C@@H](CCCCCCCC)C(=O)N[C@@H](CC2=CN([H])C3=C2C=CC=C3)C(=O)N[C@@H](CC(O)=O)C(=O)N[C@@H](CC2=CN([H])C3=C2C=CC=C3)C(=O)N1)C(N)=O,4,4,,,,,,,,,,,,,,,,,False,True,True,True,150,150
542,[H]C[C@@H]1NC(=O)[C@@H]2C[C@]3([H])CCCC[C@]3([H])N2C(=O)[C@H](CCC\C=C/CCC[C@H](NC(=O)[C@H](CC2=CNC3=CC=CC=C23)NC(=O)[C@H](CC(O)=O)NC(=O)[C@H](CC2=CNC3=CC=CC=C23)NC(=O)[C@H](CCCCCCCC)NC(=O)[C@H](CC(O)=O)NC1=O)C(=O)N[C@@H](CCCCNC(=O)CCOCCOCCOCCOCCOCCOCCOCCOCCOCCOCCOCCOCCOCCOCCOCCOCCOCCOCCOCCOCCOCCC(=O)NCCCC[C@H](NC(=O)[C@@H]1CCC\C=C/CCC[C@H](NC(=O)[C@H](CCC(O)=O)NC(=O)[C@@H](NC(=O)[C@H](CCC(N)=O)NC(=O)[C@H](CC(C)(C)C)NC(=O)CN(C)C(=O)C[H])C(C)(C)C)C(=O)N2[C@@H](C[C@]3([H])CCCC[C@]23[H])C(=O)N[C@@H](C[H])C(=O)N[C@@H](CC(O)=O)C(=O)N[C@@H](CCCCCCCC)C(=O)N[C@@H](CC2=CNC3=CC=CC=C23)C(=O)N[C@@H](CC(O)=O)C(=O)N[C@@H](CC2=CNC3=CC=CC=C23)C(=O)N1)C(=O)N[C@H](CCCNC(N)=N)C(N)=O)C(=O)N[C@H](CCCNC(N)=N)C(N)=O)NC(=O)[C@H](CCC(O)=O)NC(=O)[C@@H](NC(=O)[C@H](CCC(N)=O)NC(=O)[C@H](CC(C)(C)C)NC(=O)CN(C)C(=O)C[H])C(C)(C)C,4,1,,,,,,,,,,,,,,,,,False,True,True,False,150,30
418,[H]C[C@@H]1NC(=O)[C@@H]2C[C@]3([H])CCCC[C@]3([H])N2C(=O)[C@H](CCSCCCSCC[C@H](NC(=O)[C@H](CC2=CNC3=CC=CC=C23)NC(=O)[C@H](CC(O)=O)NC(=O)[C@H](CC2=CNC3=CC=CC=C23)NC(=O)[C@H](CCCCCCCC)NC(=O)[C@H](CC(O)=O)NC1=O)C(=O)N[C@@H](CCCCNC(=O)CCOCCOCCOCCOCCOCCOCCOCCOCCOCCOCCOCCOCCOCCOCCOCCOCCOCCOCCOCCOCCOCCC(=O)NCCCC[C@H](NC(=O)[C@@H]1CCSCCCSCC[C@H](NC(=O)[C@@H](NC(=O)[C@H](CCC(F)(F)F)NC(=O)[C@H](CCCC[N+](C)(C)C)NC(=O)[C@@H](NC(=O)C[H])[C@@H](C)CC)[C@@H](C)O)C(=O)N2[C@@H](C[C@]3([H])CCCC[C@]23[H])C(=O)N[C@@H](C[H])C(=O)N[C@@H](CC(O)=O)C(=O)N[C@@H](CCCCCCCC)C(=O)N[C@@H](CC2=CNC3=CC=CC=C23)C(=O)N[C@@H](CC(O)=O)C(=O)N[C@@H](CC2=CNC3=CC=CC=C23)C(=O)N1)C(=O)N[C@H](CCCNC(N)=N)C(N)=O)C(=O)N[C@H](CCCNC(N)=N)C(N)=O)NC(=O)[C@@H](NC(=O)[C@H](CCC(F)(F)F)NC(=O)[C@H](CCCC[N+](C)(C)C)NC(=O)[C@@H](NC(=O)C[H])[C@@H](C)CC)[C@@H](C)O,4,4,,,,,,,,,,,,,,,,,False,True,True,False,150,150
231,[H]NC(=O)C[C@H](NC(=O)[C@H](CC(C)(C)C)NC(=O)[C@H](CC1=CN([H])C=N1)NC(=O)[C@@]([H])(NC(C)=O)[C@@H](C)CC)C(=O)N[C@H]1CCCCNC(=O)CSC[C@H](NC(=O)[C@H](CC2=CN([H])C3=C2C=CC=C3)NC(=O)[C@H](CC(O)=O)NC(=O)[C@H](CC2=CN([H])C3=C2C=CC=C3)NC(=O)[C@H](CCCCCCCC)NC(=O)[C@H](CC(O)=O)NC(=O)[C@H](C)NC(=O)[C@@H]2CC3CCCCC3N2C1=O)C(=O)N[C@@H](CCCCNC(=O)CCOCCOCCOCCOCCOCCOCCOCCOCCOCCOCCOCCOCCOCCOCCOCCOCCOCCOCCOCCOCCOCCC(=O)NCCCC[C@H](NC(=O)[C@@H]1CSCC(=O)NCCCC[C@H](NC(=O)[C@H](CC(=O)N[H])NC(=O)[C@H](CC(C)(C)C)NC(=O)[C@H](CC2=CN([H])C=N2)NC(=O)[C@@]([H])(NC(C)=O)[C@@H](C)CC)C(=O)N2C3CCCCC3C[C@H]2C(=O)N[C@@H](C)C(=O)N[C@@H](CC(O)=O)C(=O)N[C@@H](CCCCCCCC)C(=O)N[C@@H](CC2=CN([H])C3=C2C=CC=C3)C(=O)N[C@@H](CC(O)=O)C(=O)N[C@@H](CC2=CN([H])C3=C2C=CC=C3)C(=O)N1)C(=O)N[C@H](CCCN=C(N)N[H])C(N)=O)C(=O)N[C@H](CCCN=C(N)N[H])C(N)=O,1,4,,,,,,,,,,,,,,,,,False,True,True,False,30,150
268,[H]NC(=O)C[C@H](NC(=O)[C@@H]1CCSC\C=C\CSCC[C@H](NC(=O)[C@@]([H])(NC(=O)[C@H](CC(C)(C)C)NC(=O)[C@H](CC2=CN([H])C=N2)NC(=O)[C@@]([H])(NC(C)=O)[C@@H](C)CC)[C@@H](C)O[H])C(=O)N2C3CCCCC3C[C@H]2C(=O)N[C@@H](CC2=CN([H])C=N2)C(=O)N[C@@H](CC(C(O)=O)C(=O)N[C@@H](CCCCCCCC)C(=O)N[C@@H](CC2=CN([H])C3=C2C=CC=C3)C(=O)N[C@@H](CCC(O)=O)C(=O)N[C@@H](CC2=CN([H])C3=C2C=CC=C3)C(=O)N1)C(O)=O)C(=O)N[C@H](CCCN=C(N)N[H])C(N)=O,4,2,,,,,,,,,,,,,,,,,True,False,True,False,150,75
634,[H]CC(=O)N(C)CC(=O)N[C@@]([H])([C@@H](C)CC)C(=O)N[C@@H](CCCC[N+](C)(C)C)C(=O)N[C@H](C(=O)N[C@@H](CCC(O)=O)C(=O)N[C@H]1CCCCCCCC[C@H](NC(=O)[C@H](CC2=CN([H])C3=C2C=CC=C3)NC(=O)[C@H](CC(O)=O)NC(=O)[C@H](CC2=CN([H])C3=C2C=CC=C3)NC(=O)[C@H](CCCCCCCC)NC(=O)[C@H](CC(O)=O)NC(=O)[C@H](C)NC(=O)[C@@H]2C[C@]3([H])CCCC[C@]3([H])N2C1=O)C(=O)N[C@@H](CCCCNC(=O)CCOCCOCCOCCOCCOCCOCCOCCOCCOCCOCCOCCOCCOCCOCCOCCOCCOCCOCCOCCOCCOCCC(=O)NCCCC[C@H](NC(=O)[C@@H]1CCCCCCCC[C@H](NC(=O)[C@H](CCC(O)=O)NC(=O)[C@@H](NC(=O)[C@H](CCCC[N+](C)(C)C)NC(=O)[C@@]([H])(NC(=O)CN(C)C(=O)C[H])[C@@H](C)CC)C(C)(C)C)C(=O)N2[C@@H](C[C@]3([H])CCCC[C@]23[H])C(=O)N[C@@H](C)C(=O)N[C@@H](CC(O)=O)C(=O)N[C@@H](CCCCCCCC)C(=O)N[C@@H](CC2=CN([H])C3=C2C=CC=C3)C(=O)N[C@@H](CC(O)=O)C(=O)N[C@@H](CC2=CN([H])C3=C2C=CC=C3)C(=O)N1)C(=O)N[C@H](CCCNC(N)=N)C(N)=O)C(=O)N[C@H](CCCNC(N)=N)C(N)=O)C(C)(C)C,4,4,,,,,,,,,,,,,,,,,False,True,True,False,150,150
541,[H]C[C@@H]1NC(=O)[C@@H]2C[C@]3([H])CCCC[C@]3([H])N2C(=O)[C@H](CCC\C=C/CCC[C@H](NC(=O)[C@H](CC2=CNC3=CC=CC=C23)NC(=O)[C@H](CC(O)=O)NC(=O)[C@H](CC2=CNC3=CC=CC=C23)NC(=O)[C@H](CCCCCCCC)NC(=O)[C@H](CC(O)=O)NC1=O)C(=O)N[C@@H](CCCCNC(=O)CCOCCOCCOCCOCCOCCOCCOCCOCCOCCOCCOCCOCCOCCOCCOCCOCCOCCOCCOCCOCCOCCC(=O)NCCCC[C@H](NC(=O)[C@@H]1CCC\C=C/CCC[C@H](NC(=O)[C@H](CCC(O)=O)NC(=O)[C@@H](NC(=O)[C@H](CCC(N)=O)NC(=O)[C@@H](NC(=O)CN(C)C(=O)C[H])[C@@H](C)CC)C(C)(C)C)C(=O)N2[C@@H](C[C@]3([H])CCCC[C@]23[H])C(=O)N[C@@H](C[H])C(=O)N[C@@H](CC(O)=O)C(=O)N[C@@H](CCCCCCCC)C(=O)N[C@@H](CC2=CNC3=CC=CC=C23)C(=O)N[C@@H](CC(O)=O)C(=O)N[C@@H](CC2=CNC3=CC=CC=C23)C(=O)N1)C(=O)N[C@H](CCCNC(N)=N)C(N)=O)C(=O)N[C@H](CCCNC(N)=N)C(N)=O)NC(=O)[C@H](CCC(O)=O)NC(=O)[C@@H](NC(=O)[C@H](CCC(N)=O)NC(=O)[C@@H](NC(=O)CN(C)C(=O)C[H])[C@@H](C)CC)C(C)(C)C,4,1,,,,,,,,,,,,,,,,,False,True,True,False,150,30
700,[H]C[C@@H]1NC(=O)[C@@H]2C[C@]3([H])CCCC[C@]3([H])N2C(=O)[C@H](CCCC=CCCCC[C@H](NC(=O)[C@H](CC2=CNC3=CC=CC=C23)NC(=O)[C@H](CCC(O)=O)NC(=O)[C@H](CC2=CNC3=CC=CC=C23)NC(=O)[C@H](CCCCCCCCCC)NC(=O)[C@H](CC(O)=O)NC1=O)C(=O)N[C@@H](CC(N)=O)C(=O)N[C@H](CCCNC(N)=N)C(N)=O)NC(=O)[C@@H](NC(=O)[C@H](CC(C)(C)C)NC(=O)[C@H](CC1=CN=CN1)NC(=O)[C@@H](NC(=O)[C@H](CCC(O)=O)NC(=O)CC(C)C)[C@@H](C)CC)[C@@H](C)O,4,4,,,,,,,,,,,,,,,,,True,False,True,False,150,150
395,[H]C[C@@H]1NC(=O)[C@@H]2C[C@]3([H])CCCC[C@]3([H])N2C(=O)[C@H](CCCCCCCC[C@H](NC(=O)[C@H](CC2=CNC3=CC=CC=C23)NC(=O)[C@H](CC(O)=O)NC(=O)[C@H](CC2=CNC3=CC=CC=C23)NC(=O)[C@H](CCCCCCCC)NC(=O)[C@H](CC(C(O)=O)C(O)=O)NC1=O)C(=O)N[C@@H](CCCCNC(=O)CCOCCOCCOCCOCCOCCOCCOCCOCCOCCOCCOCCOCCOCCOCCOCCOCCOCCOCCOCCOCCOCCC(=O)NCCCC[C@H](NC(=O)[C@@H]1CCCCCCCC[C@H](NC(=O)[C@@H](NC(=O)[C@@H](NC(=O)[C@H](CC2=CN=CN2)NC(=O)[C@@H](NC(=O)C[H])[C@@H](C)CC)C(C)C)[C@@H](C)O)C(=O)N2[C@@H](C[C@]3([H])CCCC[C@]23[H])C(=O)N[C@@H](C[H])C(=O)N[C@@H](CC(C(O)=O)C(O)=O)C(=O)N[C@@H](CCCCCCCC)C(=O)N[C@@H](CC2=CNC3=CC=CC=C23)C(=O)N[C@@H](CC(O)=O)C(=O)N[C@@H](CC2=CNC3=CC=CC=C23)C(=O)N1)C(=O)N[C@H](CCCNC(N)=N)C(N)=O)C(=O)N[C@H](CCCNC(N)=N)C(N)=O)NC(=O)[C@@H](NC(=O)[C@@H](NC(=O)[C@H](CC1=CN=CN1)NC(=O)[C@@H](NC(=O)C[H])[C@@H](C)CC)C(C)C)[C@@H](C)O,4,1,,,,,,,,,,,,,,,,,False,True,True,False,150,30
186,[H][C@](NC(=O)[C@H](CC1CC1)NC(=O)[C@H](CCO)NC(=O)[C@@]([H])(NC(C)=O)[C@@H](C)CC)([C@@H](C)O)C(=O)N[C@H]1CCCSSCCC[C@H](NC(=O)[C@H](CC2=CNC3=C2C=CC=C3)NC(=O)[C@H](CC(O)=O)NC(=O)[C@H](CC2=CNC3=C2C=CC=C3)NC(=O)[C@H](CCCCCCCC)NC(=O)C(C[C@H](NC(=O)[C@H](C)NC(=O)[C@@H]2CCCN2C1=O)C(O)=O)C(O)=O)C(=O)N[C@@H](CCCCNC(=O)CCOCCOCCOCCOCCOCCOCCOCCOCCOCCOCCOCCOCCOCCOCCOCCOCCOCCOCCOCCOCCOCCC(=O)NCCCC[C@H](NC(=O)[C@@H]1CCCSSCCC[C@H](NC(=O)[C@@]([H])(NC(=O)[C@H](CC2CC2)NC(=O)[C@H](CCO)NC(=O)[C@@]([H])(NC(C)=O)[C@@H](C)CC)[C@@H](C)O)C(=O)N2CCC[C@H]2C(=O)N[C@@H](C)C(=O)N[C@@H](CC(C(O)=O)C(=O)N[C@@H](CCCCCCCC)C(=O)N[C@@H](CC2=CNC3=C2C=CC=C3)C(=O)N[C@@H](CC(O)=O)C(=O)N[C@@H](CC2=CNC3=C2C=CC=C3)C(=O)N1)C(O)=O)C(=O)N[C@H](CCCNC(N)=N)C(N)=O)C(=O)N[C@H](CCCNC(N)=N)C(N)=O,1,1,,,,,,,,,,,,,,,,,False,True,True,True,30,30
636,[H]C[C@@H]1NC(=O)[C@@H]2C[C@]3([H])CCCC[C@]3([H])N2C(=O)[C@H](CCSCCCSCC[C@H](NC(=O)[C@H](CC2=CNC3=CC=CC=C23)NC(=O)[C@H](CCC(O)=O)NC(=O)[C@H](CC2=CNC3=CC=CC=C23)NC(=O)[C@H](CCCCCCCC)NC(=O)[C@H](CC(O)=O)NC1=O)C(=O)N[C@@H](CCCCNC(=O)CCOCCOCCOCCOCCOCCOCCOCCOCCOCCOCCOCCOCCOCCOCCOCCOCCOCCOCCOCCOCCOCCC(=O)NCCCC[C@H](NC(=O)[C@@H]1CCSCCCSCC[C@H](NC(=O)[C@H](CCC(O)=O)NC(=O)[C@@H](NC(=O)[C@H](CCCC[N+](C)(C)C)NC(=O)[C@@H](NC(=O)C[H])[C@@H](C)CC)C(C)(C)C)C(=O)N2[C@@H](C[C@]3([H])CCCC[C@]23[H])C(=O)N[C@@H](C[H])C(=O)N[C@@H](CC(O)=O)C(=O)N[C@@H](CCCCCCCC)C(=O)N[C@@H](CC2=CNC3=CC=CC=C23)C(=O)N[C@@H](CCC(O)=O)C(=O)N[C@@H](CC2=CNC3=CC=CC=C23)C(=O)N1)C(=O)N[C@H](CCCNC(N)=N)C(N)=O)C(=O)N[C@H](CCCNC(N)=N)C(N)=O)NC(=O)[C@H](CCC(O)=O)NC(=O)[C@@H](NC(=O)[C@H](CCCC[N+](C)(C)C)NC(=O)[C@@H](NC(=O)C[H])[C@@H](C)CC)C(C)(C)C,4,4,,,,,,,,,,,,,,,,,False,True,True,False,150,150
499,[H]C[C@@H]1NC(=O)[C@@H]2C[C@]3([H])CCCC[C@]3([H])N2C(=O)[C@H](CCSCCCSCC[C@H](NC(=O)[C@H](CC2=CNC3=CC=CC=C23)NC(=O)[C@H](CCC(O)=O)NC(=O)[C@H](CC2=CNC3=CC=CC=C23)NC(=O)[C@H](CCCCCCCC)NC(=O)[C@H](CC(O)=O)NC1=O)C(=O)N[C@@H](CC(N)=O)C(=O)N[C@H](CCCNC(N)=N)C(N)=O)NC(=O)[C@@H](NC(=O)[C@H](CC(C)(C)C)NC(=O)[C@H](CC1=CN=CN1)NC(=O)[C@@H](NC(=O)[C@H](CC1=CN=CN1)NC(=O)C[H])[C@@H](C)CC)[C@@H](C)O,4,4,,,,,,,,,,,,,,,,,True,False,True,False,150,150
4,CC[C@H](C)[C@H](NC(C)=O)C(=O)N[C@@H]([C@@H](C)O)C(=O)N[C@@H](C(C)C)C(=O)N[C@@H]([C@@H](C)O)C(=O)N[C@@H]([C@@H](C)CC)C(=O)N1CCC[C@H]1C(=O)N[C@@H](C)C(=O)N[C@@H](CC(O)=O)C(=O)N[C@@H](CC(C)C)C(=O)N[C@@H](CC1=CNC2=CC=CC=C12)C(=O)N[C@@H](CC(O)=O)C(=O)N[C@@H](CC1=CNC2=CC=CC=C12)C(=O)N[C@@H]([C@@H](C)CC)C(=O)N[C@@H](CC(N)=O)C(=O)N[C@@H](CCCCN)C(N)=O,1,1,,,,,,,,,,,,,,,,,True,False,True,False,30,30
236,[H]C[C@@H]1NC(=O)[C@@H]2C[C@]3([H])CCCC[C@]3([H])N2C(=O)[C@H](CCCCNC(=O)CSC[C@H](NC(=O)[C@H](CC2=CNC3=CC=CC=C23)NC(=O)[C@H](CC(O)=O)NC(=O)[C@H](CC2=CNC3=CC=CC=C23)NC(=O)[C@H](CCCCCCCC)NC(=O)[C@H](CC(O)=O)NC1=O)C(=O)N[C@@H](CCCCNC(=O)CCOCCOCCOCCOCCOCCOCCOCCOCCOCCOCCOCCOCCOCCOCCOCCOCCOCCOCCOCCOCCOCCC(=O)NCCCC[C@H](NC(=O)[C@@H]1CSCC(=O)NCCCC[C@H](NC(=O)[C@@H](NC(=O)[C@@H](NC(=O)[C@H](CCCCNC(=O)C[H])NC(=O)[C@@H](NC(=O)C[H])[C@@H](C)CC)C(C)C)[C@@H](C)O)C(=O)N2[C@@H](C[C@]3([H])CCCC[C@]23[H])C(=O)N[C@@H](C[H])C(=O)N[C@@H](CC(O)=O)C(=O)N[C@@H](CCCCCCCC)C(=O)N[C@@H](CC2=CNC3=CC=CC=C23)C(=O)N[C@@H](CC(O)=O)C(=O)N[C@@H](CC2=CNC3=CC=CC=C23)C(=O)N1)C(=O)N[C@H](CCCNC(N)=N)C(N)=O)C(=O)N[C@H](CCCNC(N)=N)C(N)=O)NC(=O)[C@@H](NC(=O)[C@@H](NC(=O)[C@H](CCCCNC(=O)C[H])NC(=O)[C@@H](NC(=O)C[H])[C@@H](C)CC)C(C)C)[C@@H](C)O,1,1,,,,,,,,,,,,,,,,,False,True,True,False,30,30
376,[H]C[C@@H]1NC(=O)[C@@H]2C[C@]3([H])CCCC[C@]3([H])N2C(=O)[C@H](CCCCNC(=O)CSC[C@H](NC(=O)[C@H](CC2=CNC3=CC=CC=C23)NC(=O)[C@](C)(CC(O)=O)NC(=O)[C@H](CC2=CNC3=CC=CC=C23)NC(=O)[C@H](CCCCCCCC)NC(=O)[C@H](CC(C(O)=O)C(O)=O)NC1=O)C(=O)N[C@@H](CCCCNC(=O)CCOCCOCCOCCOCCOCCOCCOCCOCCOCCOCCOCCOCCOCCOCCOCCOCCOCCOCCOCCOCCOCCC(=O)NCCCC[C@H](NC(=O)[C@@H]1CSCC(=O)NCCCC[C@H](NC(=O)[C@@H](NC(=O)[C@H](CC(C)(C)C)NC(=O)[C@H](CC2=CN=CN2)NC(=O)[C@@H](NC(=O)C[H])[C@@H](C)CC)[C@@H](C)O)C(=O)N2[C@@H](C[C@]3([H])CCCC[C@]23[H])C(=O)N[C@@H](C[H])C(=O)N[C@@H](CC(C(O)=O)C(O)=O)C(=O)N[C@@H](CCCCCCCC)C(=O)N[C@@H](CC2=CNC3=CC=CC=C23)C(=O)N[C@@](C)(CC(O)=O)C(=O)N[C@@H](CC2=CNC3=CC=CC=C23)C(=O)N1)C(=O)N[C@H](CCCNC(N)=N)C(N)=O)C(=O)N[C@H](CCCNC(N)=N)C(N)=O)NC(=O)[C@@H](NC(=O)[C@H](CC(C)(C)C)NC(=O)[C@H](CC1=CN=CN1)NC(=O)[C@@H](NC(=O)C[H])[C@@H](C)CC)[C@@H](C)O,4,4,,,,,,,,,,,,,,,,,False,True,True,False,150,150
394,[H]NC(N)=NCCC[C@@H](NC(=O)[C@H](CCCCNC(=O)CCOCCOCCOCCOCCOCCOCCOCCOCCOCCOCCOCCOCCOCCOCCOCCOCCOCCOCCOCCOCCOCCC(=O)NCCCC[C@H](NC(=O)[C@@H]1CCCSSCCC[C@H](NC(=O)[C@@]([H])(NC(=O)[C@@H](NC(=O)[C@H](CCCC[N+](C)(C)C)NC(=O)[C@@]([H])(NC(C)=O)[C@@H](C)CC)C(C)C)[C@@H](C)O[H])C(=O)N2C3CCCCC3C[C@H]2C(=O)N[C@@H](CCC(O)=O)C(=O)N[C@@H](CC(O)=O)C(=O)N[C@@H](CCCCCCCC)C(=O)N[C@@H](CC2=CN([H])C3=C2C=CC=C3)C(=O)N[C@@H](CC(O)=O)C(=O)N[C@@H](CC2=CN([H])C3=C2C=CC=C3)C(=O)N1)C(=O)N[C@H](CCCN=C(N)N[H])C(N)=O)NC(=O)[C@@H]1CCCSSCCC[C@H](NC(=O)[C@@]([H])(NC(=O)[C@@H](NC(=O)[C@H](CCCC[N+](C)(C)C)NC(=O)[C@@]([H])(NC(C)=O)[C@@H](C)CC)C(C)C)[C@@H](C)O[H])C(=O)N2C3CCCCC3C[C@H]2C(=O)N[C@@H](CCC(O)=O)C(=O)N[C@@H](CC(O)=O)C(=O)N[C@@H](CCCCCCCC)C(=O)N[C@@H](CC2=CN([H])C3=C2C=CC=C3)C(=O)N[C@@H](CC(O)=O)C(=O)N[C@@H](CC2=CN([H])C3=C2C=CC=C3)C(=O)N1)C(N)=O,4,4,,,,,,,,,,,,,,,,,False,True,True,True,150,150
662,[H]NC(N)=NCCC[C@@H](NC(=O)[C@H](CCCCNC(=O)CCOCCOCCOCCOCCOCCOCCOCCOCCOCCOCCOCCOCCOCCOCCOCCOCCOCCOCCOCCOCCOCCC(=O)NCCCC[C@H](NC(=O)[C@@H]1CCSCCCSCC[C@H](NC(=O)[C@H](CCC(O)=O)NC(=O)[C@@H](NC(=O)[C@H](CCCC[N+](C)(C)C)NC(=O)[C@@]([H])(NC(=O)CC[C@H](NC(=O)CC(C)C)C(O)=O)[C@@H](C)CC)C(C)(C)C)C(=O)N2C3CCCCC3C[C@H]2C(=O)N[C@@H](C)C(=O)N[C@@H](CC(O)=O)C(=O)N[C@@H](CCCCCCCC)C(=O)N[C@@H](CC2=CN([H])C3=C2C=CC=C3)C(=O)N[C@@H](CCC(O)=O)C(=O)N[C@@H](CC2=CN([H])C3=C2C=CC=C3)C(=O)N1)C(=O)N[C@H](CCCN=C(N)N[H])C(N)=O)NC(=O)[C@@H]1CCSCCCSCC[C@H](NC(=O)[C@H](CCC(O)=O)NC(=O)[C@@H](NC(=O)[C@H](CCCC[N+](C)(C)C)NC(=O)[C@@]([H])(NC(=O)CC[C@H](NC(=O)CC(C)C)C(O)=O)[C@@H](C)CC)C(C)(C)C)C(=O)N2C3CCCCC3C[C@H]2C(=O)N[C@@H](C)C(=O)N[C@@H](CC(O)=O)C(=O)N[C@@H](CCCCCCCC)C(=O)N[C@@H](CC2=CN([H])C3=C2C=CC=C3)C(=O)N[C@@H](CCC(O)=O)C(=O)N[C@@H](CC2=CN([H])C3=C2C=CC=C3)C(=O)N1)C(N)=O,4,4,,,,,,,,,,,,,,,,,False,True,True,False,150,150
204,[H]NC(=O)C[C@H](NC(=O)[C@@H]1CCCSSCCC[C@H](NC(=O)[C@@]([H])(NC(=O)[C@H](CC(C)(C)C)NC(=O)[C@H](CC2=CN([H])C=N2)NC(=O)[C@@]([H])(NC(C)=O)[C@@H](C)CC)[C@@H](C)O[H])C(=O)N2C3CCCCC3C[C@H]2C(=O)N[C@@H](C)C(=O)N[C@@H](CC(C(O)=O)C(=O)N[C@@H](CCCCCCCC)C(=O)N[C@@H](CC2=CN([H])C3=C2C=CC=C3)C(=O)N[C@@H](CC(O)=O)C(=O)N[C@@H](CC2=CN([H])C3=C2C=CC=C3)C(=O)N1)C(O)=O)C(=O)N[C@H](CCCN=C(N)N[H])C(N)=O,4,3,,,,,,,,,,,,,,,,,True,False,True,True,150,105
583,[H]C[C@@H]1NC(=O)[C@@H]2C[C@]3([H])CCCC[C@]3([H])N2C(=O)[C@H](CCC\C=C/CCC[C@H](NC(=O)[C@H](CC2=CNC3=CC=CC=C23)NC(=O)[C@H](CCC(O)=O)NC(=O)[C@H](CC2=CNC3=CC=CC=C23)NC(=O)[C@H](CCCCCCCC)NC(=O)[C@H](CC(O)=O)NC1=O)C(=O)N[C@@H](CCCCNC(=O)CCOCCOCCOCCOCCOCCOCCOCCOCCOCCOCCOCCOCCOCCOCCOCCOCCOCCOCCOCCOCCOCCC(=O)NCCCC[C@H](NC(=O)[C@@H]1CCC\C=C/CCC[C@H](NC(=O)[C@H](CCC(O)=O)NC(=O)[C@@H](NC(=O)[C@H](CCCC[N+](C)(C)C)NC(=O)[C@@H](NC(=O)C[H])[C@@H](C)CC)C(C)C)C(=O)N2[C@@H](C[C@]3([H])CCCC[C@]23[H])C(=O)N[C@@H](C[H])C(=O)N[C@@H](CC(O)=O)C(=O)N[C@@H](CCCCCCCC)C(=O)N[C@@H](CC2=CNC3=CC=CC=C23)C(=O)N[C@@H](CCC(O)=O)C(=O)N[C@@H](CC2=CNC3=CC=CC=C23)C(=O)N1)C(=O)N[C@H](CCCNC(N)=N)C(N)=O)C(=O)N[C@H](CCCNC(N)=N)C(N)=O)NC(=O)[C@H](CCC(O)=O)NC(=O)[C@@H](NC(=O)[C@H](CCCC[N+](C)(C)C)NC(=O)[C@@H](NC(=O)C[H])[C@@H](C)CC)C(C)C,4,4,,,,,,,,,,,,,,,,,False,True,True,False,150,150
641,[H]C[C@@H]1NC(=O)[C@@H]2C[C@]3([H])CCCC[C@]3([H])N2C(=O)[C@H](CCSCCCSCC[C@H](NC(=O)[C@H](CC2=CNC3=CC=CC=C23)NC(=O)[C@H](CCC(O)=O)NC(=O)[C@H](CC2=CNC3=CC=CC=C23)NC(=O)[C@H](CCCCCCCC)NC(=O)[C@H](CC(O)=O)NC1=O)C(=O)N[C@@H](CCCCNC(=O)CCOCCOCCOCCOCCNC(=O)COCCOCCNC(=O)COCC(=O)NCCOCCOCC(=O)NCCOCCOCCOCCOCCC(=O)N([H])CCCC[C@H](NC(=O)[C@@H]1CCSCCCSCC[C@H](NC(=O)[C@H](CCC(O)=O)NC(=O)[C@@H](NC(=O)[C@H](CCCC[N+](C)(C)C)NC(=O)[C@@H](NC(=O)C[H])[C@@H](C)CC)C(C)C)C(=O)N2[C@@H](C[C@]3([H])CCCC[C@]23[H])C(=O)N[C@@H](C[H])C(=O)N[C@@H](CC(O)=O)C(=O)N[C@@H](CCCCCCCC)C(=O)N[C@@H](CC2=CNC3=CC=CC=C23)C(=O)N[C@@H](CCC(O)=O)C(=O)N[C@@H](CC2=CNC3=CC=CC=C23)C(=O)N1)C(=O)N[C@H](CCCNC(N)=N)C(N)=O)C(=O)N[C@H](CCCNC(N)=N)C(N)=O)NC(=O)[C@H](CCC(O)=O)NC(=O)[C@@H](NC(=O)[C@H](CCCC[N+](C)(C)C)NC(=O)[C@@H](NC(=O)C[H])[C@@H](C)CC)C(C)C,4,4,,,,,,,,,,,,,,,,,False,True,True,False,150,150
696,[H]C[C@@H]1NC(=O)[C@@H]2C[C@]3([H])CCCC[C@]3([H])N2C(=O)[C@H](CCSCCCSCC[C@H](NC(=O)[C@H](CC2=CNC3=CC=CC=C23)NC(=O)[C@H](CCC(O)=O)NC(=O)[C@H](CC2=CNC3=CC=CC=C23)NC(=O)[C@H](CCCCCCCC)NC(=O)[C@H](CC(O)=O)NC1=O)C(=O)NCC(=O)N[C@@H](CC(C)C)C(=O)N[C@@H](CO)C(=O)N[C@@H](CC1=CN=CN1)C(=O)N[C@@H](CO)C(N)=O)NC(=O)[C@@H](NC(=O)[C@H](CC(C)(C)C)NC(=O)[C@H](CC1=CN=CN1)NC(=O)[C@@H](NC(=O)[C@H](CC1=CN=CN1)NC(=O)C[H])[C@@H](C)CC)[C@@H](C)O,1,1,,,,,,,,,,,,,,,,,True,False,True,False,30,30
384,[H]C[C@@H]1NC(=O)[C@@H]2C[C@]3([H])CCCC[C@]3([H])N2C(=O)[C@H](CSCCCCCSC[C@H](NC(=O)[C@H](CC2=CNC3=CC=CC=C23)NC(=O)[C@H](CC(O)=O)NC(=O)[C@H](CC2=CNC3=CC=CC=C23)NC(=O)[C@H](CCCCCCCC)NC(=O)[C@H](CC(O)=O)NC1=O)C(=O)N[C@@H](CCCCNC(=O)CCOCCOCCOCCOCCOCCOCCOCCOCCOCCOCCOCCOCCOCCOCCOCCOCCOCCOCCOCCOCCOCCC(=O)NCCCC[C@H](NC(=O)[C@@H]1CSCCCCCSC[C@H](NC(=O)[C@H](CCC(O)=O)NC(=O)[C@@H](NC(=O)[C@H](CCCC[N+](C)(C)C)NC(=O)[C@@H](NC(=O)C[H])[C@@H](C)CC)C(C)C)C(=O)N2[C@@H](C[C@]3([H])CCCC[C@]23[H])C(=O)N[C@@H](C[H])C(=O)N[C@@H](CC(O)=O)C(=O)N[C@@H](CCCCCCCC)C(=O)N[C@@H](CC2=CNC3=CC=CC=C23)C(=O)N[C@@H](CC(O)=O)C(=O)N[C@@H](CC2=CNC3=CC=CC=C23)C(=O)N1)C(=O)N[C@H](CCCNC(N)=N)C(N)=O)C(=O)N[C@H](CCCNC(N)=N)C(N)=O)NC(=O)[C@H](CCC(O)=O)NC(=O)[C@@H](NC(=O)[C@H](CCCC[N+](C)(C)C)NC(=O)[C@@H](NC(=O)C[H])[C@@H](C)CC)C(C)C,4,4,,,,,,,,,,,,,,,,,False,True,True,False,150,150
507,[H]C[C@@H]1NC(=O)[C@@H]2C[C@]3([H])CCCC[C@]3([H])N2C(=O)[C@H](CCSCCCSCC[C@H](NC(=O)[C@H](CC2=CNC3=CC=CC=C23)NC(=O)[C@H](CC(O)=O)NC(=O)[C@H](CC2=CNC3=CC=CC=C23)NC(=O)[C@H](CCCCCCCC)NC(=O)[C@H](CC(O)=O)NC1=O)C(=O)N[C@@H](CC(N)=O)C(=O)N[C@H](CCCNC(N)=N)C(N)=O)NC(=O)[C@@H](NC(=O)[C@H](CC(C)(C)C)NC(=O)[C@H](CC1=CN=CN1)NC(=O)[C@@H](NC(=O)CN(C)C(=O)C[H])[C@@H](C)CC)[C@@H](C)O,1,4,,,,,,,,,,,,,,,,,True,False,True,False,30,150
504,[H]C[C@@H]1NC(=O)[C@@H]2C[C@]3([H])CCCC[C@]3([H])N2C(=O)[C@H](CCSCCCSCC[C@H](NC(=O)[C@H](CC2=CNC3=CC=CC=C23)NC(=O)[C@H](CC(O)=O)NC(=O)[C@H](CC2=CNC3=CC=CC=C23)NC(=O)[C@H](CCCCCCCC)NC(=O)[C@H](CC(O)=O)NC1=O)C(=O)N[C@@H](CC(N)=O)C(=O)N[C@H](CCCNC(N)=N)C(N)=O)NC(=O)[C@@H](NC(=O)[C@@H](NC(=O)[C@H](CC1=CN=CN1)NC(=O)[C@@H](NC(=O)CN(C)C(=O)C[H])[C@@H](C)CC)C(C)(C)C)[C@@H](C)O,3,1,,,,,,,,,,,,,,,,,True,False,True,False,105,30
353,[H]C[C@@H]1NC(=O)[C@@H]2C[C@]3([H])CCCC[C@]3([H])N2C(=O)[C@H](CCCCN2N=NC(CC[C@H](NC(=O)[C@H](CC3=CNC4=CC=CC=C34)NC(=O)[C@H](CC(O)=O)NC(=O)[C@H](CC3=CNC4=CC=CC=C34)NC(=O)[C@H](CCCCCCCC)NC(=O)[C@H](CC(O)=O)NC1=O)C(=O)N[C@@H](CCCCNC(=O)CCOCCOCCOCCOCCOCCOCCOCCOCCOCCOCCOCCOCCOCCOCCOCCOCCOCCOCCOCCOCCOCCC(=O)NCCCC[C@H](NC(=O)[C@@H]1CCC3=C([H])N(CCCC[C@H](NC(=O)[C@@H](NC(=O)[C@H](CC(C)(C)C)NC(=O)[C@H](CC4=CN=CN4)NC(=O)[C@@H](NC(=O)C[H])[C@@H](C)CC)[C@@H](C)O)C(=O)N4[C@@H](C[C@]5([H])CCCC[C@]45[H])C(=O)N[C@@H](C[H])C(=O)N[C@@H](CC(O)=O)C(=O)N[C@@H](CCCCCCCC)C(=O)N[C@@H](CC4=CNC5=CC=CC=C45)C(=O)N[C@@H](CC(O)=O)C(=O)N[C@@H](CC4=CNC5=CC=CC=C45)C(=O)N1)N=N3)C(=O)N[C@H](CCCNC(N)=N)C(N)=O)C(=O)N[C@H](CCCNC(N)=N)C(N)=O)=C2[H])NC(=O)[C@@H](NC(=O)[C@H](CC(C)(C)C)NC(=O)[C@H](CC1=CN=CN1)NC(=O)[C@@H](NC(=O)C[H])[C@@H](C)CC)[C@@H](C)O,1,4,,,,,,,,,,,,,,,,,False,True,True,False,30,150
15,[H]C[C@H](NC(=O)[C@@H]1CC([H])CN1C(=O)[C@@H](NC(=O)[C@@H](NC(=O)[C@@H](NC(=O)[C@@H](NC(=O)[C@H](CCCCNC(=O)COCCOCCNC(=O)COCCOCCNC(=O)CC[C@H](NC(=O)CCCCCCCCCCC)C(O)=O)NC(=O)C[H])[C@@H](C)O)C(C)C)[C@@H](C)O)[C@@H](C)CC)C(=O)N[C@@H](CC(O)=O)C(=O)N[C@@H](CC(C)C)C(=O)N[C@@H](CC1=CNC2=CC=CC=C12)C(=O)N[C@@H](CC(O)=O)C(=O)N[C@@H](CC1=CNC2=CC=CC=C12)C(=O)N[C@@H]([C@@H](C)CC)C(=O)N[C@@H](CCCCN[H])C(=O)N[C@H](CCCNC(N)=N)C(N)=O,1,1,,,,,,,,,,,,,,,,,True,False,True,False,30,30
539,[H]C[C@@H]1NC(=O)[C@@H]2C[C@]3([H])CCCC[C@]3([H])N2C(=O)[C@H](CCSCCCSCC[C@H](NC(=O)[C@H](CC2=CNC3=CC=CC=C23)NC(=O)[C@H](CCC(O)=O)NC(=O)[C@H](CC2=CNC3=CC=CC=C23)NC(=O)[C@H](CCCCCCCC)NC(=O)[C@H](CC(O)=O)NC1=O)C(=O)N[C@@H](CCCCNC(=O)CCOCCOCCOCCOCCOCCOCCOCCOCCOCCOCCOCCOCCOCCOCCOCCOCCOCCOCCOCCOCCOCCC(=O)NCCCC[C@H](NC(=O)[C@@H]1CCSCCCSCC[C@H](NC(=O)[C@H](CC(N)=O)NC(=O)[C@@H](NC(=O)[C@H](CCCC[N+](C)(C)C)NC(=O)[C@@H](NC(=O)CN(C)C(=O)C[H])C(C)C)C(C)(C)C)C(=O)N2[C@@H](C[C@]3([H])CCCC[C@]23[H])C(=O)N[C@@H](C[H])C(=O)N[C@@H](CC(O)=O)C(=O)N[C@@H](CCCCCCCC)C(=O)N[C@@H](CC2=CNC3=CC=CC=C23)C(=O)N[C@@H](CCC(O)=O)C(=O)N[C@@H](CC2=CNC3=CC=CC=C23)C(=O)N1)C(=O)N[C@H](CCCNC(N)=N)C(N)=O)C(=O)N[C@H](CCCNC(N)=N)C(N)=O)NC(=O)[C@H](CC(N)=O)NC(=O)[C@@H](NC(=O)[C@H](CCCC[N+](C)(C)C)NC(=O)[C@@H](NC(=O)CN(C)C(=O)C[H])C(C)C)C(C)(C)C,4,4,,,,,,,,,,,,,,,,,False,True,True,False,150,150
289,[H]C[C@@H]1NC(=O)[C@@H]2C[C@]3([H])CCCC[C@]3([H])N2C(=O)[C@H](CSCC(=O)CSCC[C@H](NC(=O)[C@H](CC2=CNC3=CC=CC=C23)NC(=O)[C@H](CC(O)=O)NC(=O)[C@H](CC2=CNC3=CC=CC=C23)NC(=O)[C@H](CCCCCCCC)NC(=O)[C@H](CC(O)=O)NC1=O)C(=O)N[C@@H](CCCCNC(=O)CCOCCOCCOCCOCCOCCOCCOCCOCCOCCOCCOCCOCCOCCOCCOCCOCCOCCOCCOCCOCCOCCC(=O)NCCCC[C@H](NC(=O)[C@@H]1CCSCC(=O)CSC[C@H](NC(=O)[C@@H](NC(=O)[C@H](CC(C)(C)C)NC(=O)[C@H](CC2=CN=CN2)NC(=O)[C@@H](NC(=O)C[H])[C@@H](C)CC)[C@@H](C)O)C(=O)N2[C@@H](C[C@]3([H])CCCC[C@]23[H])C(=O)N[C@@H](C[H])C(=O)N[C@@H](CC(O)=O)C(=O)N[C@@H](CCCCCCCC)C(=O)N[C@@H](CC2=CNC3=CC=CC=C23)C(=O)N[C@@H](CC(O)=O)C(=O)N[C@@H](CC2=CNC3=CC=CC=C23)C(=O)N1)C(=O)N[C@H](CCCNC(N)=N)C(N)=O)C(=O)N[C@H](CCCNC(N)=N)C(N)=O)NC(=O)[C@@H](NC(=O)[C@H](CC(C)(C)C)NC(=O)[C@H](CC1=CN=CN1)NC(=O)[C@@H](NC(=O)C[H])[C@@H](C)CC)[C@@H](C)O,1,2,,,,,,,,,,,,,,,,,False,True,True,False,30,75
581,[H]C[C@@H]1NC(=O)[C@@H]2C[C@]3([H])CCCC[C@]3([H])N2C(=O)[C@H](CCCCCCCC[C@H](NC(=O)[C@H](CC2=CNC3=CC=CC=C23)NC(=O)[C@H](CC(O)=O)NC(=O)[C@H](CC2=CNC3=CC=CC=C23)NC(=O)[C@H](CCCCCCCC)NC(=O)[C@H](CC(O)=O)NC1=O)C(=O)N[C@@H](CCCCNC(=O)CCOCCOCCOCCOCCOCCOCCOCCOCCOCCOCCOCCOCCOCCOCCOCCOCCOCCOCCOCCOCCOCCC(=O)NCCCC[C@H](NC(=O)[C@@H]1CCCCCCCC[C@H](NC(=O)[C@H](CCC(O)=O)NC(=O)[C@H](CC(C)(C)C)NC(=O)[C@H](CC2=CN=CN2)NC(=O)[C@@H](NC(=O)C[H])[C@@H](C)CC)C(=O)N2[C@@H](C[C@]3([H])CCCC[C@]23[H])C(=O)N[C@@H](C[H])C(=O)N[C@@H](CC(O)=O)C(=O)N[C@@H](CCCCCCCC)C(=O)N[C@@H](CC2=CNC3=CC=CC=C23)C(=O)N[C@@H](CC(O)=O)C(=O)N[C@@H](CC2=CNC3=CC=CC=C23)C(=O)N1)C(=O)N[C@H](CCCNC(N)=N)C(N)=O)C(=O)N[C@H](CCCNC(N)=N)C(N)=O)NC(=O)[C@H](CCC(O)=O)NC(=O)[C@H](CC(C)(C)C)NC(=O)[C@H](CC1=CN=CN1)NC(=O)[C@@H](NC(=O)C[H])[C@@H](C)CC,4,4,,,,,,,,,,,,,,,,,False,True,True,False,150,150
500,[H]C[C@@H]1NC(=O)[C@@H]2C[C@]3([H])CCCC[C@]3([H])N2C(=O)[C@H](CCSCCCSCC[C@H](NC(=O)[C@H](CC2=CNC3=CC=CC=C23)NC(=O)[C@H](CC(O)=O)NC(=O)[C@H](CC2=CNC3=CC=CC=C23)NC(=O)[C@H](CCCCCCCC)NC(=O)[C@H](CC(O)=O)NC1=O)C(=O)N[C@@H](CC(N)=O)C(=O)N[C@H](CCCNC(N)=N)C(N)=O)NC(=O)[C@@H](NC(=O)[C@H](CC(C)(C)C)NC(=O)[C@H](CC1=CN=CN1)NC(=O)[C@@H](NC(=O)[C@H](CC1=CN=CN1)NC(=O)C[H])[C@@H](C)CC)[C@@H](C)O,4,4,,,,,,,,,,,,,,,,,True,False,True,False,150,150
568,[H]C[C@@H]1NC(=O)[C@@H]2C[C@H](CN2C(=O)[C@H](CCSCCCSCC[C@H](NC(=O)[C@H](CC2=CNC3=CC=CC=C23)NC(=O)[C@H](CC(O)=O)NC(=O)[C@H](CC2=CNC3=CC=CC=C23)NC(=O)[C@H](CCCCCCCC)NC(=O)[C@H](CC(O)=O)NC1=O)C(=O)N[C@@H](CCCCNC(=O)CCOCCOCCOCCOCCOCCOCCOCCOCCOCCOCCOCCOCCOCCOCCOCCOCCOCCOCCOCCOCCOCCC(=O)NCCCC[C@H](NC(=O)[C@@H]1CCSCCCSCC[C@H](NC(=O)[C@H](CC(N)=O)NC(=O)[C@@H](NC(=O)[C@H](CC2=CN=CN2)NC(=O)[C@@H](NC(=O)C[H])[C@@H](C)CC)C(C)(C)C)C(=O)N2C[C@@H](C[C@H]2C(=O)N[C@@H](C[H])C(=O)N[C@@H](CC(O)=O)C(=O)N[C@@H](CCCCCCCC)C(=O)N[C@@H](CC2=CNC3=CC=CC=C23)C(=O)N[C@@H](CC(O)=O)C(=O)N[C@@H](CC2=CNC3=CC=CC=C23)C(=O)N1)OCC1=CC=CC=C1)C(=O)N[C@H](CCCNC(N)=N)C(N)=O)C(=O)N[C@H](CCCNC(N)=N)C(N)=O)NC(=O)[C@H](CC(N)=O)NC(=O)[C@@H](NC(=O)[C@H](CC1=CN=CN1)NC(=O)[C@@H](NC(=O)C[H])[C@@H](C)CC)C(C)(C)C)OCC1=CC=CC=C1,4,4,,,,,,,,,,,,,,,,,False,True,True,False,150,150
501,[H]C[C@@H]1NC(=O)[C@@H]2C[C@]3([H])CCCC[C@]3([H])N2C(=O)[C@H](CCSCCCSCC[C@H](NC(=O)[C@H](CC2=CNC3=CC=CC=C23)NC(=O)[C@H](CC(O)=O)NC(=O)[C@H](CC2=CNC3=C2C=CC=C3C2=CC=CC=C2)NC(=O)[C@H](CCCCCCCC)NC(=O)[C@H](CC(O)=O)NC1=O)C(=O)N[C@@H](CC(N)=O)C(=O)N[C@H](CCCNC(N)=N)C(N)=O)NC(=O)[C@@H](NC(=O)[C@H](CC(C)(C)C)NC(=O)[C@H](CC1=CN=CN1)NC(=O)[C@@H](NC(=O)[C@H](CC1=CN=CN1)NC(=O)C[H])[C@@H](C)CC)[C@@H](C)O,4,4,,,,,,,,,,,,,,,,,True,False,True,False,150,150
240,[H]NC(N)=NCCCC(NC(=O)C(CCCCNC(=O)CCOCCOCCOCCOCCOCCOCCOCCOCCOCCOCCOCCOCCOCCOCCOCCOCCOCCOCCOCCOCCOCCC(=O)NCCCCC(NC(=O)C1CCCSSCCCC(NC(=O)C([H])(NC(=O)C(CC2=CC=C(C)C=C2)NC(=O)C(CCO[H])NC(=O)C([H])(NC(C)=O)C(C)CC)C(C)O[H])C(=O)N2C3CCCCC3CC2C(=O)NC(C)C(=O)NC(CC(O)=O)C(=O)NC(CCCCCCCC)C(=O)NC(CC2=CN([H])C3=C2C=CC=C3)C(=O)NC(CC(O)=O)C(=O)NC(CC2=CN([H])C3=C2C=CC=C3)C(=O)N1)C(=O)NC(CCCN=C(N)N[H])C(N)=O)NC(=O)C1CCCSSCCCC(NC(=O)C([H])(NC(=O)C(CC2=CC=C(C)C=C2)NC(=O)C(CCO[H])NC(=O)C([H])(NC(C)=O)C(C)CC)C(C)O[H])C(=O)N2C3CCCCC3CC2C(=O)NC(C)C(=O)NC(CC(O)=O)C(=O)NC(CCCCCCCC)C(=O)NC(CC2=CN([H])C3=C2C=CC=C3)C(=O)NC(CC(O)=O)C(=O)NC(CC2=CN([H])C3=C2C=CC=C3)C(=O)N1)C(N)=O,1,1,,,,,,,,,,,,,,,,,False,True,True,True,30,30
170,[H]C[C@@H]1NC(=O)[C@@H]2CC([H])CN2C(=O)[C@H](CCCCNC(=O)CSC[C@H](NC(=O)[C@H](CC2=CNC3=CC=CC=C23)NC(=O)[C@H](CC(O)=O)NC(=O)[C@H](CC2=CNC3=CC=CC=C23)NC(=O)[C@H](CCCCCCCC)NC(=O)[C@H](CC(C(O)=O)C(O)=O)NC1=O)C(=O)N[C@@H](CCCCNC(=O)CCOCCOCCOCCOCCOCCOCCOCCOCCOCCOCCOCCOCCOCCOCCOCCOCCOCCOCCOCCOCCOCCC(=O)NCCCC[C@H](NC(=O)[C@@H]1CSCC(=O)NCCCC[C@H](NC(=O)[C@@H](NC(=O)[C@H](CC(C)(C)C)NC(=O)[C@H](CC2=CN=CN2)NC(=O)[C@@H](NC(=O)C[H])C2CCCCC2)[C@@H](C)O)C(=O)N2CC([H])C[C@H]2C(=O)N[C@@H](C[H])C(=O)N[C@@H](CC(C(O)=O)C(O)=O)C(=O)N[C@@H](CCCCCCCC)C(=O)N[C@@H](CC2=CNC3=CC=CC=C23)C(=O)N[C@@H](CC(O)=O)C(=O)N[C@@H](CC2=CNC3=CC=CC=C23)C(=O)N1)C(=O)N[C@H](CCCNC(N)=N)C(N)=O)C(=O)N[C@H](CCCNC(N)=N)C(N)=O)NC(=O)[C@@H](NC(=O)[C@H](CC(C)(C)C)NC(=O)[C@H](CC1=CN=CN1)NC(=O)[C@@H](NC(=O)C[H])C1CCCCC1)[C@@H](C)O,1,1,,,,,,,,,,,,,,,,,False,True,True,False,30,30
235,[H]C[C@@H]1NC(=O)[C@@H]2C[C@]3([H])CCCC[C@]3([H])N2C(=O)[C@H](CCCCNC(=O)CSC[C@H](NC(=O)[C@H](CC2=CNC3=CC=CC=C23)NC(=O)[C@H](CC(O)=O)NC(=O)[C@H](CC2=CNC3=CC=CC=C23)NC(=O)[C@H](CCCCCCCC)NC(=O)[C@H](CC(O)=O)NC1=O)C(=O)N[C@@H](CCCCNC(=O)CCOCCOCCOCCOCCOCCOCCOCCOCCOCCOCCOCCOCCOCCOCCOCCOCCOCCOCCOCCOCCOCCC(=O)NCCCC[C@H](NC(=O)[C@@H]1CSCC(=O)NCCCC[C@H](NC(=O)[C@@H](NC(=O)[C@@H](NC(=O)[C@H](CC2=CC=CN=C2)NC(=O)[C@@H](NC(=O)C[H])[C@@H](C)CC)C(C)C)[C@@H](C)O)C(=O)N2[C@@H](C[C@]3([H])CCCC[C@]23[H])C(=O)N[C@@H](C[H])C(=O)N[C@@H](CC(O)=O)C(=O)N[C@@H](CCCCCCCC)C(=O)N[C@@H](CC2=CNC3=CC=CC=C23)C(=O)N[C@@H](CC(O)=O)C(=O)N[C@@H](CC2=CNC3=CC=CC=C23)C(=O)N1)C(=O)N[C@H](CCCNC(N)=N)C(N)=O)C(=O)N[C@H](CCCNC(N)=N)C(N)=O)NC(=O)[C@@H](NC(=O)[C@@H](NC(=O)[C@H](CC1=CC=CN=C1)NC(=O)[C@@H](NC(=O)C[H])[C@@H](C)CC)C(C)C)[C@@H](C)O,1,1,,,,,,,,,,,,,,,,,False,True,True,False,30,30
588,[H]C[C@@H]1NC(=O)[C@@H]2C[C@]3([H])CCCC[C@]3([H])N2C(=O)[C@H](CCSCCCSCC[C@H](NC(=O)[C@H](CC2=CNC3=CC=CC=C23)NC(=O)[C@H](CCC(O)=O)NC(=O)[C@H](CC2=CNC3=CC=CC=C23)NC(=O)[C@H](CCCCCCCC)NC(=O)[C@H](CC(O)=O)NC1=O)C(=O)N[C@@H](CCCCN[H])C(=O)N[C@H](CCCNC(N)=N)C(N)=O)NC(=O)[C@H](CCC(O)=O)NC(=O)[C@@H](NC(=O)[C@H](CCCC[N+](C)(C)C)NC(=O)[C@@H](NC(=O)[C@H](CCCCN[H])NC(=O)C[H])[C@@H](C)CC)C(C)C,1,3,,,,,,,,,,,,,,,,,True,False,True,False,30,105
363,[H]C[C@@H]1NC(=O)[C@@H]2C[C@]3([H])CCCC[C@]3([H])N2C(=O)[C@H](CCCCCCCC[C@H](NC(=O)[C@H](CC2=CNC3=CC=CC=C23)NC(=O)[C@H](CC(O)=O)NC(=O)[C@H](CC2=CNC3=CC=CC=C23)NC(=O)[C@H](CCCCCCCC)NC(=O)[C@H](CC(O)=O)NC1=O)C(=O)N[C@@H](CCCCNC(=O)CCOCCOCCOCCOCCOCCOCCOCCOCCOCCOCCOCCOCCOCCOCCOCCOCCOCCOCCOCCOCCOCCOCCOCCOCCOCCC(=O)NCCCC[C@H](NC(=O)[C@@H]1CCCCCCCC[C@H](NC(=O)[C@@H](NC(=O)[C@@H](NC(=O)[C@H](CCC(N)=O)NC(=O)[C@@H](NC(=O)C[H])[C@@H](C)CC)C(C)C)[C@@H](C)O)C(=O)N2[C@@H](C[C@]3([H])CCCC[C@]23[H])C(=O)N[C@@H](C[H])C(=O)N[C@@H](CC(O)=O)C(=O)N[C@@H](CCCCCCCC)C(=O)N[C@@H](CC2=CNC3=CC=CC=C23)C(=O)N[C@@H](CC(O)=O)C(=O)N[C@@H](CC2=CNC3=CC=CC=C23)C(=O)N1)C(=O)N[C@H](CCCNC(N)=N)C(N)=O)C(=O)N[C@H](CCCNC(N)=N)C(N)=O)NC(=O)[C@@H](NC(=O)[C@@H](NC(=O)[C@H](CCC(N)=O)NC(=O)[C@@H](NC(=O)C[H])[C@@H](C)CC)C(C)C)[C@@H](C)O,4,1,,,,,,,,,,,,,,,,,False,True,True,False,150,30
330,[H]NC(=O)C[C@H](NC(=O)[C@@H]1CCSC\C=C\CSCC[C@H](NC(=O)[C@@]([H])(NC(=O)[C@H](CC(C)(C)C)NC(=O)[C@H](CC2=CC=C(C=C2)C(N)=O)NC(=O)[C@@]([H])(NC(C)=O)[C@@H](C)CC)[C@@H](C)O[H])C(=O)N2C3CCCCC3C[C@H]2C(=O)N[C@@H](C)C(=O)N[C@@H](CC(C(O)=O)C(=O)N[C@@H](CCCCCCCC)C(=O)N[C@@H](CC2=CN([H])C3=C2C=CC=C3)C(=O)N[C@@H](CC(O)=O)C(=O)N[C@@H](CC2=CN([H])C3=C2C=CC=C3)C(=O)N1)C(O)=O)C(=O)N[C@H](CCCN=C(N)N[H])C(N)=O,4,1,,,,,,,,,,,,,,,,,True,False,True,False,150,30
46,CC(=O)N[C@H]1CSSC[C@@H](C(N)=O)NC(=O)[C@H](CC(C)C)NC(=O)[C@H]([C@@H](C)O)NC(=O)[C@H](CC(=O)O)NC(=O)[C@H](CO)NC(=O)[C@H](CCCNC(=N)N)N(C)C1=O,73,,,,,,,,,,,,,,,,,,True,False,True,True,73,-1
39,CC(=O)N[C@H]1CSSC[C@@H](C(N)=O)NC(=O)[C@H](CC(C)C)NC(=O)[C@H]([C@@H](C)O)NC(=O)[C@H](CC(=O)O)NC(=O)[C@H](CO)NC(=O)[C@H](CCCNC(=N)N)NC1=O,1,,,,,,,,,,,,,,,,,,True,False,True,True,30,-1
93,CC(=O)N[C@@H]1C(=O)N(C)[C@@H](CCCNC(=N)N)C(=O)N[C@@H](CO)C(=O)N[C@@H](CC(=O)O)C(=O)N[C@@H]([C@@H](C)O)C(=O)N[C@@H](CC(C)C)C(=O)N[C@H](C(=O)N[C@H](CCCCN)C(N)=O)C(C)(C)SSC1(C)C,360,,,,,,,,,,,,,,,,,,True,False,True,True,360,-1
1024,CC(=O)N[C@@H]1C(=O)N[C@@H](CCCNC(=N)N)C(=O)N[C@@H]([C@@H](C)O)C(=O)N[C@@H](Cc2c[nH]c3ccccc23)C(=O)N[C@@H](CCC(N)=O)C(=O)N[C@H](C(=O)N[C@@H](Cc2ccc(O)cc2)C(=O)N[C@@H](Cc2c[nH]c3ccccc23)C(=O)N[C@@H](CCCNC(=N)N)C(=O)N[C@@H](CCCCN)C(=O)N[C@@H](Cc2ccccc2)C(=O)NCC(=O)NCCOCC(=O)N[C@H](CCCCN)C(N)=O)CSSC1(C)C,*****,,,,,,,,,,,,,,,,,,True,False,True,True,30,-1
1023,CC(=O)N[C@H]1CSSC(C)(C)[C@H](C(=O)N[C@@H](Cc2ccc(O)cc2)C(=O)N[C@@H](Cc2c[nH]c3ccccc23)C(=O)N[C@@H](Cc2c[nH]cn2)C(=O)N[C@H](C(=O)N[C@@H](Cc2ccccc2)C(=O)NCC(=O)NCCOCC(=O)N[C@H](CCCCN)C(N)=O)[C@@H](C)O)NC(=O)[C@H](C(C)C)NC(=O)[C@H](Cc2c[nH]c3ccccc23)NC(=O)[C@H](CC(=O)O)NC(=O)[C@H](C)NC1=O,*****,,,,,,,,,,,,,,,,,,True,False,True,True,30,-1
974,CC(=O)N[C@H](CCC(N)=O)C(=O)N[C@H]1CCSC[C@@H](C(=O)N[C@H](Cc2ccc(OCCN)cc2)C(=O)N[C@@H](Cc2ccc3ccccc3c2)C(=O)N[C@](C)(CCCCN)C(=O)N[C@@H](CCC(=O)O)C(=O)N[C@@H](CC(N)=O)C(=O)N[C@@H](CC(N)=O)C(N)=O)NC(=O)[C@H](CCC(N)=O)NC(=O)[C@H](Cc2c[nH]c3ccccc23)NC(=O)[C@H]([C@@H](C)O)NC(=O)[C@H](CCC(N)=O)NC1=O,*,*,,,,,,,,,,,,,,,,,True,False,True,False,420,420
973,CC(=O)N[C@@H](CC(C)C)C(=O)N[C@H]1CCSC[C@@H](C(=O)N[C@H](Cc2ccc(OCCN)cc2)C(=O)N[C@@H](Cc2ccc3ccccc3c2)C(=O)N[C@](C)(CCCCN)C(=O)N[C@@H](CCC(=O)O)C(=O)N[C@@H](CC(N)=O)C(=O)N[C@@H](CC(N)=O)C(N)=O)NC(=O)[C@H](CCC(N)=O)NC(=O)[C@H](Cc2c[nH]c3ccccc23)NC(=O)[C@H]([C@@H](C)O)NC(=O)[C@H](CCC(N)=O)NC1=O,***,*,,,,,,,,,,,,,,,,,True,False,True,False,150,420
971,CC(=O)N[C@@H](Cc1ccc2ccccc2c1)C(=O)N[C@H]1CCSC[C@@H](C(=O)N[C@H](Cc2ccc(OCCN)cc2)C(=O)N[C@@H](Cc2ccc3ccccc3c2)C(=O)N[C@](C)(CCCCN)C(=O)N[C@@H](CCC(=O)O)C(=O)N[C@@H](CC(N)=O)C(=O)N[C@@H](CC(N)=O)C(N)=O)NC(=O)[C@H](CCC(N)=O)NC(=O)[C@H](Cc2c[nH]c3ccccc23)NC(=O)[C@H]([C@@H](C)O)NC(=O)[C@H](CCC(N)=O)NC1=O,*****,****,,,,,,,,,,,,,,,,,True,False,True,False,30,90
970,CC(=O)N[C@H](Cc1ccccc1)C(=O)N[C@H]1CCSC[C@@H](C(=O)N[C@H](Cc2ccc(OCCN)cc2)C(=O)N[C@@H](Cc2ccc3ccccc3c2)C(=O)N[C@](C)(CCCCN)C(=O)N[C@@H](CCC(=O)O)C(=O)N[C@@H](CC(N)=O)C(=O)N[C@@H](CC(N)=O)C(N)=O)NC(=O)[C@H](CCC(N)=O)NC(=O)[C@H](Cc2c[nH]c3ccccc23)NC(=O)[C@H]([C@@H](C)O)NC(=O)[C@H](CCC(N)=O)NC1=O,*****,*,,,,,,,,,,,,,,,,,True,False,True,False,30,420
968,CC(=O)N[C@@H](CCCNC(=N)N)C(=O)N[C@H]1CCSC[C@@H](C(=O)N[C@H](Cc2ccc(OCCN)cc2)C(=O)N[C@@H](Cc2ccc3ccccc3c2)C(=O)N[C@](C)(CCCCN)C(=O)N[C@@H](CCC(=O)O)C(=O)N[C@@H](CC(N)=O)C(=O)N[C@@H](CC(N)=O)C(N)=O)NC(=O)[C@H](CCC(N)=O)NC(=O)[C@H](Cc2c[nH]c3ccccc23)NC(=O)[C@H]([C@@H](C)O)NC(=O)[C@H](CCC(N)=O)NC1=O,*,***,,,,,,,,,,,,,,,,,True,False,True,False,420,150
967,CC(=O)N[C@@H](CCCNC(=N)N)C(=O)N[C@H]1CCSC[C@@H](C(=O)N[C@H](Cc2ccc(OCCN)cc2)C(=O)N[C@@H](Cc2ccc3ccccc3c2)C(=O)N[C@](C)(CCCCN)C(=O)N[C@@H](CCC(=O)O)C(=O)N[C@@H](CC(N)=O)C(=O)N[C@@H](CC(N)=O)C(N)=O)NC(=O)[C@H](CCC(N)=O)NC(=O)[C@H](Cc2c[nH]c3ccccc23)NC(=O)[C@H]([C@@H](C)O)NC(=O)[C@H](CCC(N)=O)NC1=O,*,***,,,,,,,,,,,,,,,,,True,False,True,False,420,150
966,CC(=O)N[C@H](CCC(=O)O)C(=O)N[C@H]1CCSC[C@@H](C(=O)N[C@H](Cc2ccc(OCCN)cc2)C(=O)N[C@@H](Cc2ccc3ccccc3c2)C(=O)N[C@](C)(CCCCN)C(=O)N[C@@H](CCC(=O)O)C(=O)N[C@@H](CC(N)=O)C(=O)N[C@@H](CC(N)=O)C(N)=O)NC(=O)[C@H](CCC(N)=O)NC(=O)[C@H](Cc2c[nH]c3ccccc23)NC(=O)[C@H]([C@@H](C)O)NC(=O)[C@H](CCC(N)=O)NC1=O,*,*,,,,,,,,,,,,,,,,,True,False,True,False,420,420
964,COc1ccc(C[C@H](NC(=O)[C@@H]2CSCC[C@H](NC(C)=O)C(=O)N[C@@H](CCC(N)=O)C(=O)N[C@@H]([C@@H](C)O)C(=O)N[C@@H](Cc3c[nH]c4ccccc34)C(=O)N[C@@H](CCC(N)=O)C(=O)N2)C(=O)N[C@@H](Cc2ccc3ccccc3c2)C(=O)N[C@](C)(CC(C)C)C(=O)N[C@@H](CCC(=O)O)C(=O)N[C@@H](CC(N)=O)C(=O)NCC(=O)N[C@H](CCCCN)C(N)=O)cc1,**,***,,,,,,,,,,,,,,,,,True,False,True,False,270,150
963,CC(=O)N[C@H]1CCSC[C@@H](C(=O)N[C@@H](Cc2ccc(OCc3ccccc3)cc2)C(=O)N[C@@H](Cc2ccc3ccccc3c2)C(=O)NC(C)(C)C(=O)N[C@@H](CCC(=O)O)C(=O)N[C@@H](CC(N)=O)C(=O)NCC(N)=O)NC(=O)[C@H](CCC(N)=O)NC(=O)[C@H](Cc2c[nH]c3ccccc23)NC(=O)[C@H]([C@@H](C)O)NC(=O)[C@H](CCC(N)=O)NC1=O,****,***,,,,,,,,,,,,,,,,,True,False,True,False,90,150
961,CC(=O)N[C@H]1CCSC[C@@H](C(=O)N[C@@H](Cc2ccc(Cl)cc2)C(=O)N[C@@H](Cc2ccc3ccccc3c2)C(=O)NC(C)(C)C(=O)N[C@@H](CCC(=O)O)C(=O)N[C@@H](CC(N)=O)C(=O)NCC(N)=O)NC(=O)[C@H](CCC(N)=O)NC(=O)[C@H](Cc2c[nH]c3ccccc23)NC(=O)[C@H]([C@@H](C)O)NC(=O)[C@H](CCC(N)=O)NC1=O,*****,***,,,,,,,,,,,,,,,,,True,False,True,False,30,150
960,CC(=O)N[C@H]1CCSC[C@@H](C(=O)N[C@H](Cc2cccc(C)c2)C(=O)N[C@@H](Cc2ccc3ccccc3c2)C(=O)NC(C)(C)C(=O)N[C@@H](CCC(=O)O)C(=O)N[C@@H](CC(N)=O)C(=O)NCC(N)=O)NC(=O)[C@H](CCC(N)=O)NC(=O)[C@H](Cc2c[nH]c3ccccc23)NC(=O)[C@H]([C@@H](C)O)NC(=O)[C@H](CCC(N)=O)NC1=O,*,****,,,,,,,,,,,,,,,,,True,False,True,False,420,90
959,CC(=O)N[C@H]1CCSC[C@@H](C(=O)N[C@@H](Cc2ccc(Cl)cc2Cl)C(=O)N[C@@H](Cc2ccc3ccccc3c2)C(=O)NC(C)(C)C(=O)N[C@@H](CCC(=O)O)C(=O)N[C@@H](CC(N)=O)C(=O)NCC(N)=O)NC(=O)[C@H](CCC(N)=O)NC(=O)[C@H](Cc2c[nH]c3ccccc23)NC(=O)[C@H]([C@@H](C)O)NC(=O)[C@H](CCC(N)=O)NC1=O,*,***,,,,,,,,,,,,,,,,,True,False,True,False,420,150
949,CC(=O)NCCCC[C@H](NC(=O)[C@H](CCC(=O)O)NC(=O)C(C)(C)NC(=O)[C@H](Cc1ccc2ccccc2c1)NC(=O)[C@@H](Cc1ccc(OCCN)cc1)NC(=O)[C@@H]1CSCC[C@H](NC(C)=O)C(=O)N[C@@H](CCC(N)=O)C(=O)N[C@@H]([C@@H](C)O)C(=O)N[C@@H](Cc2c[nH]c3ccccc23)C(=O)N[C@@H](CCC(N)=O)C(=O)N1)C(=O)NCC(N)=O,***,*****,,,,,,,,,,,,,,,,,True,False,True,False,150,30
940,CC(=O)NCCCC[C@H](NC(=O)[C@@](C)(CCCCN)NC(=O)[C@H](Cc1ccc2ccccc2c1)NC(=O)[C@H](Cc1ccc(O)cc1)NC(=O)[C@@H]1CSCC[C@H](NC(C)=O)C(=O)N[C@@H](CCC(N)=O)C(=O)N[C@@H]([C@@H](C)O)C(=O)N[C@@H](Cc2c[nH]c3ccccc23)C(=O)N[C@@H](CCC(N)=O)C(=O)N1)C(=O)N[C@@H](CC(N)=O)C(=O)NCC(N)=O,****,****,,,,,,,,,,,,,,,,,True,False,True,False,90,90
927,CC(=O)N[C@H]1CCSC[C@@H](C(=O)N[C@H](Cc2ccc(OCCN)cc2)C(=O)N[C@@H](Cc2ccc3ccccc3c2)C(=O)N[C@](C)(CCCCN)C(=O)N[C@@H](CCCN)C(=O)N[C@@H](CC(N)=O)C(=O)NCC(N)=O)NC(=O)[C@H](CCC(N)=O)NC(=O)[C@H](Cc2c[nH]c3ccccc23)NC(=O)[C@H]([C@@H](C)O)NC(=O)[C@H](CCC(N)=O)NC1=O,**,**,,,,,,,,,,,,,,,,,True,False,True,False,270,270
924,CC(=O)NCCCC[C@H](NC(=O)[C@@](C)(CCCCN)NC(=O)[C@H](CC(=O)O)NC(=O)[C@@H](Cc1ccc(OCCN)cc1)NC(=O)[C@@H]1CSCC[C@H](NC(C)=O)C(=O)N[C@@H](CCC(N)=O)C(=O)N[C@@H]([C@@H](C)O)C(=O)N[C@@H](CC(=O)O)C(=O)N[C@@H](CCC(N)=O)C(=O)N1)C(=O)N[C@@H](CC(N)=O)C(=O)NCC(N)=O,*****,,,,,,,,,,,,,,,,,,True,False,True,False,30,-1
919,CC(=O)NCCCC[C@H](NC(=O)[C@@](C)(CCCCN)NC(=O)[C@H](Cc1ccc2ccccc2c1)NC(=O)[C@@H](Cc1ccc(OCCN)cc1)NC(=O)[C@@H]1CSCC[C@H](NC(C)=O)C(=O)N[C@@H](CCC(N)=O)C(=O)N[C@@H]([C@@H](C)O)C(=O)N[C@@H](CCCNC(=N)N)C(=O)N[C@@H](CCC(N)=O)C(=O)N1)C(=O)N[C@@H](CC(N)=O)C(=O)NCC(N)=O,****,*****,,,,,,,,,,,,,,,,,True,False,True,False,90,30
910,CC(=O)NCCCC[C@H](NC(=O)[C@@](C)(CCCCN)NC(=O)[C@H](Cc1ccc(Cl)c(Cl)c1)NC(=O)[C@@H](Cc1ccc(OCCN)cc1)NC(=O)[C@@H]1CSCC[C@H](NC(C)=O)C(=O)N[C@@H](CN)C(=O)N[C@@H]([C@@H](C)O)C(=O)N[C@@H](Cc2c[nH]c3ccccc23)C(=O)N[C@@H](CCC(N)=O)C(=O)N1)C(=O)N[C@@H](CC(N)=O)C(=O)NCC(N)=O,*****,***,,,,,,,,,,,,,,,,,True,False,True,False,30,150
909,CC(=O)NCCCC[C@H](NC(=O)[C@@](C)(CCCCN)NC(=O)[C@@H]1Cc2ccccc2CN1C(=O)[C@@H](Cc1ccc(OCCN)cc1)NC(=O)[C@@H]1CSCC[C@H](NC(C)=O)C(=O)N[C@@H](CN)C(=O)N[C@@H]([C@@H](C)O)C(=O)N[C@@H](Cc2c[nH]c3ccccc23)C(=O)N[C@@H](CCC(N)=O)C(=O)N1)C(=O)N[C@@H](CC(N)=O)C(=O)NCC(N)=O,***,****,,,,,,,,,,,,,,,,,True,False,True,False,150,90
908,COc1ccc(C[C@@H](NC(=O)[C@@H](Cc2ccc(OCCN)cc2)NC(=O)[C@@H]2CSCC[C@H](NC(C)=O)C(=O)N[C@@H](CCC(N)=O)C(=O)N[C@@H]([C@@H](C)O)C(=O)N[C@@H](Cc3c[nH]c4ccccc34)C(=O)N[C@@H](CCC(N)=O)C(=O)N2)C(=O)N[C@](C)(CCCCN)C(=O)N[C@@H](CCCCNC(C)=O)C(=O)N[C@@H](CC(N)=O)C(=O)NCC(N)=O)cc1OC,****,*****,,,,,,,,,,,,,,,,,True,False,True,False,90,30
907,CC(=O)NCCCC[C@H](NC(=O)[C@@](C)(CCCCN)NC(=O)[C@@H](Cc1ccc(CN)cc1)NC(=O)[C@@H](Cc1ccc(OCCN)cc1)NC(=O)[C@@H]1CSCC[C@H](NC(C)=O)C(=O)N[C@@H](CCC(N)=O)C(=O)N[C@@H]([C@@H](C)O)C(=O)N[C@@H](Cc2c[nH]c3ccccc23)C(=O)N[C@@H](CCC(N)=O)C(=O)N1)C(=O)N[C@@H](CC(N)=O)C(=O)NCC(N)=O,**,**,,,,,,,,,,,,,,,,,True,False,True,False,270,270
906,CC(=O)NCCCC[C@@](C)(NC(=O)[C@H](Cc1ccc2ccccc2c1)NC(=O)[C@@H](Cc1ccc(OCCNC(C)=O)cc1)NC(=O)[C@@H]1CSCC[C@H](NC(C)=O)C(=O)N[C@@H](CCC(N)=O)C(=O)N[C@@H]([C@@H](C)O)C(=O)N[C@@H](Cc2c[nH]c3ccccc23)C(=O)N[C@@H](CCC(N)=O)C(=O)N1)C(=O)N[C@@H](CCC(=O)O)C(=O)N[C@@H](CC(N)=O)C(=O)NCC(N)=O,**,**,,,,,,,,,,,,,,,,,True,False,True,False,270,270
905,CC(=O)NCCCC[C@H](NC(=O)[C@H](NC(=O)[C@H](Cc1c[nH]c2ccccc12)NC(=O)[C@@H](Cc1ccc(OCCN)cc1)NC(=O)[C@@H]1CSCC[C@H](NC(C)=O)C(=O)N[C@@H](CCC(N)=O)C(=O)N[C@@H]([C@@H](C)O)C(=O)N[C@@H](Cc2c[nH]c3ccccc23)C(=O)N[C@@H](CCC(N)=O)C(=O)N1)C1CCCCC1)C(=O)N[C@@H](CC(N)=O)C(=O)NCC(N)=O,**,**,,,,,,,,,,,,,,,,,True,False,True,False,270,270
899,CC(=O)N[C@H]1CCSC[C@@H](C(=O)N[C@H](Cc2ccc(OCCN)cc2)C(=O)N[C@@H](Cc2c[nH]c3ccccc23)C(=O)N[C@@H](CCC(C)C)C(=O)N[C@@H](CCC(=O)O)C(=O)N[C@@H](CC(N)=O)C(=O)NCC(N)=O)NC(=O)[C@H](CCC(N)=O)NC(=O)[C@H](Cc2c[nH]c3ccccc23)NC(=O)[C@H]([C@@H](C)O)NC(=O)[C@H](CCC(N)=O)NC1=O,****,*****,,,,,,,,,,,,,,,,,True,False,True,False,90,30
896,CC(=O)NC[C@H](NC(=O)[C@H](CCCN)NC(=O)[C@H](Cc1c[nH]c2ccccc12)NC(=O)[C@@H](Cc1ccc(OCCN)cc1)NC(=O)[C@@H]1CSCC[C@H](NC(C)=O)C(=O)N[C@@H](CCC(N)=O)C(=O)N[C@@H]([C@@H](C)O)C(=O)N[C@@H](Cc2c[nH]c3ccccc23)C(=O)N[C@@H](CCC(N)=O)C(=O)N1)C(=O)N[C@@H](CC(N)=O)C(=O)NCC(N)=O,*,**,,,,,,,,,,,,,,,,,True,False,True,False,420,270
895,CC(=O)N[C@H]1CCSC[C@@H](C(=O)N[C@H](Cc2ccc(OCCN)cc2)C(=O)N[C@@H](Cc2c[nH]c3ccccc23)C(=O)N[C@@H](CCCN)C(=O)N[C@@H](CN)C(=O)N[C@@H](CC(N)=O)C(=O)NCC(N)=O)NC(=O)[C@H](CCC(N)=O)NC(=O)[C@H](Cc2c[nH]c3ccccc23)NC(=O)[C@H]([C@@H](C)O)NC(=O)[C@H](CCC(N)=O)NC1=O,*,**,,,,,,,,,,,,,,,,,True,False,True,False,420,270
894,CC(=O)N[C@H]1CCSC[C@@H](C(=O)N[C@H](Cc2ccc(OCCN)cc2)C(=O)N[C@@H](Cc2c[nH]c3ccccc23)C(=O)N[C@@H](CCCN)C(=O)N[C@@H](CCC(=O)O)C(=O)N[C@@H](CC(N)=O)C(=O)NCC(N)=O)NC(=O)[C@H](CCC(N)=O)NC(=O)[C@H](Cc2c[nH]c3ccccc23)NC(=O)[C@H]([C@@H](C)O)NC(=O)[C@H](CCC(N)=O)NC1=O,**,*****,,,,,,,,,,,,,,,,,True,False,True,False,270,30
893,CC(=O)NCCCC[C@H](NC(=O)[C@H](CCCN)NC(=O)[C@H](Cc1ccc2ccccc2c1)NC(=O)[C@@H](Cc1ccc(OCCN)cc1)NC(=O)[C@@H]1CSCC[C@H](NC(C)=O)C(=O)N[C@@H](CCC(N)=O)C(=O)N[C@@H]([C@@H](C)O)C(=O)N[C@@H](Cc2c[nH]c3ccccc23)C(=O)N[C@@H](CCC(N)=O)C(=O)N1)C(=O)N[C@@H](CC(N)=O)C(=O)NCC(N)=O,*****,*****,,,,,,,,,,,,,,,,,True,False,True,False,30,30
892,CC(=O)NCCCC[C@H](NC(=O)[C@@](C)(CCCCN)NC(=O)[C@H](Cc1ccc2ccccc2c1)NC(=O)[C@@H](Cc1ccc(OCCN)cc1)NC(=O)[C@@H]1CSCC[C@H](NC(C)=O)C(=O)N[C@@H](CCC(N)=O)C(=O)N[C@@H]([C@@H](C)O)C(=O)N[C@@H](Cc2c[nH]c3ccccc23)C(=O)N[C@@H](CCC(N)=O)C(=O)N1)C(=O)N[C@@H](CC(N)=O)C(=O)NCC(N)=O,*****,,,,,,,,,,,,,,,,,,True,False,True,False,30,-1
891,CC(=O)NCCCC[C@H](NC(=O)[C@@](C)(CCCN)NC(=O)[C@H](Cc1ccc2ccccc2c1)NC(=O)[C@@H](Cc1ccc(OCCN)cc1)NC(=O)[C@@H]1CSCC[C@H](NC(C)=O)C(=O)N[C@@H](CCC(N)=O)C(=O)N[C@@H]([C@@H](C)O)C(=O)N[C@@H](Cc2c[nH]c3ccccc23)C(=O)N[C@@H](CCC(N)=O)C(=O)N1)C(=O)N[C@@H](CC(N)=O)C(=O)NCC(N)=O,*****,,,,,,,,,,,,,,,,,,True,False,True,False,30,-1
890,CC(=O)NCCCC[C@H](NC(=O)[C@@](C)(CCCN)NC(=O)[C@H](Cc1c[nH]c2ccccc12)NC(=O)[C@@H](Cc1ccc(OCCN)cc1)NC(=O)[C@@H]1CSCC[C@H](NC(C)=O)C(=O)N[C@@H](CCC(N)=O)C(=O)N[C@@H]([C@@H](C)O)C(=O)N[C@@H](Cc2c[nH]c3ccccc23)C(=O)N[C@@H](CCC(N)=O)C(=O)N1)C(=O)N[C@@H](CC(N)=O)C(=O)NCC(N)=O,*****,,,,,,,,,,,,,,,,,,True,False,True,False,30,-1
889,CC(=O)NCCCC[C@H](NC(=O)[C@@](C)(CCCCN)NC(=O)[C@H](Cc1c[nH]c2ccccc12)NC(=O)[C@@H](Cc1ccc(OCCN)cc1)NC(=O)[C@@H]1CSCC[C@H](NC(C)=O)C(=O)N[C@@H](CCC(N)=O)C(=O)N[C@@H]([C@@H](C)O)C(=O)N[C@@H](Cc2c[nH]c3ccccc23)C(=O)N[C@@H](CCC(N)=O)C(=O)N1)C(=O)N[C@@H](CC(N)=O)C(=O)NCC(N)=O,*****,,,,,,,,,,,,,,,,,,True,False,True,False,30,-1
888,CC(=O)N[C@H]1CCSC[C@@H](C(=O)N[C@H](Cc2ccc(OCCN)cc2)C(=O)N[C@@H](Cc2c[nH]c3ccccc23)C(=O)N[C@](C)(CCCN)C(=O)N[C@@H](CCC(=O)O)C(=O)N[C@@H](CC(N)=O)C(=O)NCC(N)=O)NC(=O)[C@H](CCC(N)=O)NC(=O)[C@H](Cc2c[nH]c3ccccc23)NC(=O)[C@H]([C@@H](C)O)NC(=O)[C@H](CCC(N)=O)NC1=O,*****,,,,,,,,,,,,,,,,,,True,False,True,False,30,-1
887,CC(=O)NCCCC[C@H](NC(=O)[C@@](C)(CCCCN)NC(=O)[C@H](CCC(=O)OCc1ccccc1)NC(=O)[C@@H](Cc1ccc(OCCN)cc1)NC(=O)[C@@H]1CSCC[C@H](NC(C)=O)C(=O)N[C@@H](CN)C(=O)N[C@@H]([C@@H](C)O)C(=O)N[C@@H](Cc2c[nH]c3ccccc23)C(=O)N[C@@H](CCC(N)=O)C(=O)N1)C(=O)N[C@@H](CC(N)=O)C(=O)NCC(N)=O,*****,,,,,,,,,,,,,,,,,,True,False,True,False,30,-1
886,CC(=O)NCCCC[C@H](NC(=O)[C@@](C)(CCCCN)NC(=O)[C@H](CCc1ccccc1)NC(=O)[C@@H](Cc1ccc(OCCN)cc1)NC(=O)[C@@H]1CSCC[C@H](NC(C)=O)C(=O)N[C@@H](CN)C(=O)N[C@@H]([C@@H](C)O)C(=O)N[C@@H](Cc2c[nH]c3ccccc23)C(=O)N[C@@H](CCC(N)=O)C(=O)N1)C(=O)N[C@@H](CC(N)=O)C(=O)NCC(N)=O,*,*,,,,,,,,,,,,,,,,,True,False,True,False,420,420
885,CC(=O)NCCCC[C@H](NC(=O)[C@@](C)(CCCCN)NC(=O)[C@@H](Cc1ccc(OCCN)cc1)NC(=O)[C@@H]1CSCC[C@H](NC(C)=O)C(=O)N[C@@H](CCC(N)=O)C(=O)N[C@@H]([C@@H](C)O)C(=O)N[C@@H](Cc2c[nH]c3ccccc23)C(=O)N[C@@H](CCC(N)=O)C(=O)N1)C(=O)N[C@@H](CC(N)=O)C(=O)NCC(N)=O,**,**,,,,,,,,,,,,,,,,,True,False,True,False,270,270
874,CC(=O)NCCCC[C@H](NC(=O)[C@@](C)(CCCCN)NC(=O)[C@H](Cc1ccc2ccccc2c1)NC(=O)[C@@H](Cc1ccc(OCCN)cc1)NC(=O)[C@@H]1CSCC[C@H](NC(C)=O)C(=O)N[C@@H](CCC(N)=O)C(=O)N[C@@H]([C@@H](C)O)C(=O)N[C@@H](Cc2c[nH]c3ccccc23)C(=O)N[C@@H](CCC(N)=O)C(=O)N1)C(=O)N[C@@H](CC(N)=O)C(=O)NCC(=O)N[C@H](CCCCN)C(N)=O,****,*****,,,,,,,,,,,,,,,,,True,False,True,False,90,30
873,CC(=O)NCCCC[C@H](NC(=O)[C@@](C)(CCCCN)NC(=O)[C@H](Cc1ccc2ccccc2c1)NC(=O)[C@@H](Cc1ccc(OCCN)cc1)NC(=O)[C@@H]1CSCC[C@H](NC(C)=O)C(=O)N[C@@H](CCC(N)=O)C(=O)N[C@@H]([C@@H](C)O)C(=O)N[C@@H](Cc2c[nH]c3ccccc23)C(=O)N[C@@H](CCC(N)=O)C(=O)N1)C(=O)N[C@@H](CC(N)=O)C(=O)NCC(=O)NCCOCC(=O)N[C@H](CCCCN)C(N)=O,*,*,,,,,,,,,,,,,,,,,True,False,True,False,420,420
868,CC(=O)N[C@H]1CCSC[C@@H](C(=O)N[C@H](Cc2ccc(OCCN)cc2)C(=O)N[C@@H](Cc2ccc3ccccc3c2)C(=O)N[C@](C)(CCCCN)C(=O)N[C@@H](CNC(=O)[C@@H]2CCC(=O)N2)C(=O)N[C@@H](CC(N)=O)C(=O)NCC(N)=O)NC(=O)[C@H](CCC(N)=O)NC(=O)[C@H](Cc2c[nH]c3ccccc23)NC(=O)[C@H]([C@@H](C)O)NC(=O)[C@H](CCC(N)=O)NC1=O,*****,***,,,,,,,,,,,,,,,,,True,False,True,False,30,150
867,CC(=O)N[C@H]1CCSC[C@@H](C(=O)N[C@H](Cc2ccc(OCCN)cc2)C(=O)N[C@@H](Cc2ccc3ccccc3c2)C(=O)N[C@](C)(CCCCN)C(=O)N[C@@H](CNC(=O)CCCC(=O)O)C(=O)N[C@@H](CC(N)=O)C(=O)NCC(N)=O)NC(=O)[C@H](CCC(N)=O)NC(=O)[C@H](Cc2c[nH]c3ccccc23)NC(=O)[C@H]([C@@H](C)O)NC(=O)[C@H](CCC(N)=O)NC1=O,***,**,,,,,,,,,,,,,,,,,True,False,True,False,150,270
866,CC(=O)N[C@H]1CCSC[C@@H](C(=O)N[C@H](Cc2ccc(OCCN)cc2)C(=O)N[C@@H](Cc2ccc3ccccc3c2)C(=O)N[C@](C)(CCCCN)C(=O)N[C@@H](CNC(=O)CCC(=O)O)C(=O)N[C@@H](CC(N)=O)C(=O)NCC(N)=O)NC(=O)[C@H](CCC(N)=O)NC(=O)[C@H](Cc2c[nH]c3ccccc23)NC(=O)[C@H]([C@@H](C)O)NC(=O)[C@H](CCC(N)=O)NC1=O,***,*****,,,,,,,,,,,,,,,,,True,False,True,False,150,30
855,CC(=O)N[C@H]1CCSC[C@@H](C(=O)N[C@H](Cc2ccc(OCCN)cc2)C(=O)N[C@@H](Cc2ccc3ccccc3c2)C(=O)N[C@](C)(CCCCN)C(=O)N[C@@H](CC(=O)O)C(=O)N[C@@H](CC(N)=O)C(=O)NCC(N)=O)NC(=O)[C@H](CCC(N)=O)NC(=O)[C@H](Cc2c[nH]c3ccccc23)NC(=O)[C@H]([C@@H](C)O)NC(=O)[C@H](CCC(N)=O)NC1=O,*,*,,,,,,,,,,,,,,,,,True,False,True,False,420,420
851,CC(=O)N[C@H]1CCSC[C@@H](C(=O)N[C@H](Cc2ccc(OCCN)cc2)C(=O)N[C@@H](Cc2ccc3ccccc3c2)C(=O)N[C@](C)(CCCCN)C(=O)N[C@@H](CCC(=O)O)C(=O)N[C@@H](CC(N)=O)C(=O)NCC(N)=O)NC(=O)[C@H](CCC(N)=O)NC(=O)[C@](C)(Cc2ccccc2)NC(=O)[C@H]([C@@H](C)O)NC(=O)[C@H](CCC(N)=O)NC1=O,**,*,,,,,,,,,,,,,,,,,True,False,True,False,270,420
823,CCCCCCCC[C@H](NC(=O)[C@H](Cc1ccc(OC)cc1)NC(=O)[C@@H]1CSCC[C@H](NC(C)=O)C(=O)N[C@@H](CCC(N)=O)C(=O)N[C@@H]([C@@H](C)O)C(=O)N[C@@H](Cc2c[nH]c3ccccc23)C(=O)N[C@@H](CCC(N)=O)C(=O)N1)C(=O)N[C@](C)(CCCCN)C(=O)N[C@@H](CCCCNC(C)=O)C(=O)N[C@@H](CC(N)=O)C(=O)NCC(N)=O,*,*,,,,,,,,,,,,,,,,,True,False,True,False,420,420
817,COc1ccc(C[C@H](NC(=O)[C@@H]2CSCC[C@H](NC(C)=O)C(=O)N[C@@H](CC(N)=O)C(=O)N[C@@H]([C@@H](C)O)C(=O)N[C@@H](Cc3c[nH]c4ccccc34)C(=O)N[C@@H](CCC(N)=O)C(=O)N2)C(=O)N[C@@H](Cc2ccc3ccccc3c2)C(=O)N[C@](C)(CCCCN)C(=O)N[C@@H](CCCCNC(C)=O)C(=O)N[C@@H](CC(N)=O)C(=O)NCC(N)=O)cc1,*****,,,,,,,,,,,,,,,,,,True,False,True,False,30,-1
816,COc1ccc(C[C@H](NC(=O)[C@@H]2CSCC[C@H](NC(C)=O)C(=O)N[C@@H](CCC(N)=O)C(=O)N[C@@H]([C@@H](C)O)C(=O)N[C@@H](Cc3c[nH]c4ccccc34)C(=O)N[C@@H](CCC(N)=O)C(=O)N2)C(=O)N[C@@H](Cc2ccc3ccccc3c2)C(=O)N[C@@H](CCCN)C(=O)N[C@@H](CN)C(=O)N[C@@H](CC(N)=O)C(=O)NCC(N)=O)cc1,*****,,,,,,,,,,,,,,,,,,True,False,True,False,30,-1
814,COc1ccc(C[C@H](NC(=O)[C@@H]2CSCC[C@H](NC(C)=O)C(=O)N[C@@H](CCC(N)=O)C(=O)N[C@@H]([C@@H](C)O)C(=O)N[C@@H](Cc3c[nH]c4ccccc34)C(=O)N[C@@H](CCC(N)=O)C(=O)N2)C(=O)N[C@@H](Cc2ccc3ccccc3c2)C(=O)N[C@](C)(CCCCN)C(=O)N[C@H](C(=O)N[C@@H](CC(N)=O)C(=O)NCC(N)=O)C(C)C)cc1,*,**,,,,,,,,,,,,,,,,,True,False,True,False,420,270
809,COc1ccc(C[C@H](NC(=O)[C@@H]2CSCC[C@H](NC(C)=O)C(=O)N[C@@H](CCC(N)=O)C(=O)N[C@@H]([C@@H](C)O)C(=O)N[C@@H](Cc3c[nH]c4ccccc34)C(=O)N[C@@H](CCC(N)=O)C(=O)N2)C(=O)N[C@@H](Cc2ccc3ccccc3c2)C(=O)N[C@](C)(CCCCN)C(=O)N[C@@H](CCCCNC(C)=O)C(=O)N[C@@H](CC(N)=O)C(=O)N[C@@H](C)C(N)=O)cc1,*,,,,,,,,,,,,,,,,,,True,False,True,False,420,-1
804,COc1ccc(C[C@H](NC(=O)[C@@H]2CSCC[C@H](NC(C)=O)C(=O)N[C@@H](CCC(N)=O)C(=O)N[C@@H]([C@@H](C)O)C(=O)N[C@@H](Cc3c[nH]c4ccccc34)C(=O)N[C@@H](CCC(N)=O)C(=O)N2)C(=O)N[C@@H](Cc2ccc3ccccc3c2)C(=O)N[C@](C)(CCCCN)C(=O)N[C@@H](CCCCNC(C)=O)C(=O)N[C@@H](CC(N)=O)C(=O)NCC(=O)N[C@@H](C)C(=O)N[C@@H](CCC(=O)O)C(N)=O)cc1,*,,,,,,,,,,,,,,,,,,True,False,True,False,420,-1
792,CC(=O)NCCCC[C@H](NC(=O)[C@@](C)(CCCCN)NC(=O)[C@H](Cc1ccc2ccccc2c1)NC(=O)[C@H](Cc1ccc(-c2ccccc2)cc1)NC(=O)[C@@H]1CSCC[C@H](NC(C)=O)C(=O)N[C@@H](CCC(N)=O)C(=O)N[C@@H]([C@@H](C)O)C(=O)N[C@@H](Cc2c[nH]c3ccccc23)C(=O)N[C@@H](CCC(N)=O)C(=O)N1)C(=O)N[C@@H](CC(N)=O)C(=O)NCC(N)=O,**,,,,,,,,,,,,,,,,,,True,False,True,False,270,-1
791,CC(=O)NCCCC[C@H](NC(=O)[C@@](C)(CCCN)NC(=O)[C@H](Cc1ccc2ccccc2c1)NC(=O)[C@H](Cc1ccc2ccccc2c1)NC(=O)[C@@H]1CSCC[C@H](NC(C)=O)C(=O)N[C@@H](CCC(N)=O)C(=O)N[C@@H]([C@@H](C)O)C(=O)N[C@@H](Cc2c[nH]c3ccccc23)C(=O)N[C@@H](CCC(N)=O)C(=O)N1)C(=O)N[C@@H](CC(N)=O)C(=O)NCC(N)=O,****,*****,,,,,,,,,,,,,,,,,True,False,True,False,90,30
788,COc1ccc(C[C@H](NC(=O)[C@@H]2CSCC[C@H](NC(C)=O)C(=O)N[C@@H](CCC(N)=O)C(=O)N[C@@H]([C@@H](C)O)C(=O)N[C@@H](Cc3c[nH]c4ccccc34)C(=O)N[C@@H](CCC(N)=O)C(=O)N2)C(=O)N[C@@H](Cc2ccc(C)cc2)C(=O)N[C@](C)(CCCCN)C(=O)N[C@@H](CCC(=O)O)C(=O)N[C@@H](CC(N)=O)C(=O)NCC(N)=O)cc1,**,,,,,,,,,,,,,,,,,,True,False,True,False,270,-1
785,CC(=O)N[C@H]1CCSC[C@@H](C(=O)N[C@@H](Cc2ccc(C#N)cc2)C(=O)N[C@@H](Cc2c[nH]c3ccccc23)C(=O)N[C@](C)(CCCCN)C(=O)N[C@@H](CCC(=O)O)C(=O)N[C@@H](CC(N)=O)C(=O)NCC(N)=O)NC(=O)[C@H](CCC(N)=O)NC(=O)[C@H](Cc2c[nH]c3ccccc23)NC(=O)[C@H]([C@@H](C)O)NC(=O)[C@H](CCC(N)=O)NC1=O,***,,,,,,,,,,,,,,,,,,True,False,True,False,150,-1
784,CC(=O)N[C@H]1CCSC[C@@H](C(=O)N[C@@H](Cc2ccc(Oc3ccccc3)cc2)C(=O)N[C@@H](Cc2c[nH]c3ccccc23)C(=O)N[C@](C)(CCCCN)C(=O)N[C@@H](CCC(=O)O)C(=O)N[C@@H](CC(N)=O)C(=O)NCC(N)=O)NC(=O)[C@H](CCC(N)=O)NC(=O)[C@H](Cc2c[nH]c3ccccc23)NC(=O)[C@H]([C@@H](C)O)NC(=O)[C@H](CCC(N)=O)NC1=O,***,*****,,,,,,,,,,,,,,,,,True,False,True,False,150,30
726,COc1ccc(C[C@H](NC(=O)[C@@H]2CSCC[C@H](NC(C)=O)C(=O)N[C@@H](CCC(N)=O)C(=O)N[C@@H]([C@@H](C)O)C(=O)N[C@@H](Cc3c[nH]c4ccccc34)C(=O)N[C@@H](CCC(N)=O)C(=O)N2)C(=O)N[C@H](Cc2ccc(C(C)(C)C)cc2)C(=O)N[C@](C)(CCCCN)C(=O)N[C@@H](CCC(=O)O)C(=O)N[C@@H](CC(N)=O)C(=O)NCC(N)=O)cc1,*,***,,,,,,,,,,,,,,,,,True,False,True,False,420,150
715,CC(=O)NCCCC[C@H](NC(=O)[C@@](C)(CCCCN)NC(=O)[C@H](Cc1ccc2ccccc2c1)NC(=O)[C@H](Cc1ccc(Oc2ccccc2)cc1)NC(=O)[C@@H]1CSCC[C@H](NC(C)=O)C(=O)N[C@@H](CCC(N)=O)C(=O)N[C@@H]([C@@H](C)O)C(=O)N[C@@H](Cc2c[nH]c3ccccc23)C(=O)N[C@@H](CCC(N)=O)C(=O)N1)C(=O)N[C@@H](CC(N)=O)C(=O)NCC(N)=O,**,***,,,,,,,,,,,,,,,,,True,False,True,False,270,150
714,COc1ccc(C[C@H](NC(=O)[C@@H]2CSCC[C@H](NC(C)=O)C(=O)N[C@@H](CCC(N)=O)C(=O)N[C@@H]([C@@H](C)O)C(=O)N[C@@H](Cc3c[nH]c4ccccc34)C(=O)N[C@@H](CCC(N)=O)C(=O)N2)C(=O)N[C@@H](Cc2ccc3ccccc3c2)C(=O)N[C@H](CC(N)=O)C(=O)N[C@@H](CCCCNC(C)=O)C(=O)N[C@@H](CC(N)=O)C(=O)NCC(N)=O)cc1,**,***,,,,,,,,,,,,,,,,,True,False,True,False,270,150
713,CC(=O)NCCCC[C@H](NC(=O)[C@@](C)(CCCN)NC(=O)[C@H](Cc1c[nH]c2ccccc12)NC(=O)[C@H](Cc1ccc(O)cc1)NC(=O)[C@@H]1CSCC[C@H](NC(C)=O)C(=O)N[C@@H](CCC(N)=O)C(=O)N[C@@H]([C@@H](C)O)C(=O)N[C@@H](Cc2c[nH]c3ccccc23)C(=O)N[C@@H](CCC(N)=O)C(=O)N1)C(=O)N[C@@H](CC(N)=O)C(=O)NCC(N)=O,***,,,,,,,,,,,,,,,,,,True,False,True,False,150,-1
712,COc1ccc(C[C@H](NC(=O)[C@@H]2CSCC[C@H](NC(C)=O)C(=O)N[C@@H](CCC(N)=O)C(=O)N[C@@H]([C@@H](C)O)C(=O)N[C@@H](Cc3c[nH]c4ccccc34)C(=O)N[C@@H](CCC(N)=O)C(=O)N2)C(=O)N[C@@H](Cc2ccc3ccccc3c2)C(=O)N[C@](C)(CCCCN)C(=O)N[C@@H](CCCCNC(C)=O)C(=O)N[C@@H](CC(N)=O)C(=O)NCC(N)=O)cc1,***,*****,,,,,,,,,,,,,,,,,True,False,True,False,150,30
711,COc1ccc(C[C@H](NC(=O)[C@@H]2CSCC[C@H](NC(C)=O)C(=O)N[C@@H](CCC(N)=O)C(=O)N[C@@H]([C@@H](C)O)C(=O)N[C@@H](Cc3c[nH]c4ccccc34)C(=O)N[C@@H](CCC(N)=O)C(=O)N2)C(=O)N[C@@H](Cc2cccc3ccccc23)C(=O)N[C@](C)(CCCCN)C(=O)N[C@@H](CCCCNC(C)=O)C(=O)N[C@@H](CC(N)=O)C(=O)NCC(N)=O)cc1,*,,,,,,,,,,,,,,,,,,True,False,True,False,420,-1
710,COc1ccc(C[C@H](NC(=O)[C@@H]2CSCC[C@H](NC(C)=O)C(=O)N[C@@H](CCC(N)=O)C(=O)N[C@@H]([C@@H](C)O)C(=O)N[C@@H](Cc3c[nH]c4ccccc34)C(=O)N[C@@H](CCC(N)=O)C(=O)N2)C(=O)N[C@@H](Cc2c[nH]c3ccccc23)C(=O)N[C@](C)(CCCCN)C(=O)N[C@@H](CCC(=O)O)C(=O)N[C@@H](CC(N)=O)C(=O)NCC(N)=O)cc1,**,,,,,,,,,,,,,,,,,,True,False,True,False,270,-1
709,COc1ccc(C[C@H](NC(=O)[C@@H]2CSCC[C@H](NC(C)=O)C(=O)N[C@@H](CCC(N)=O)C(=O)N[C@@H]([C@@H](C)O)C(=O)N[C@@H](Cc3c[nH]c4ccccc34)C(=O)N[C@@H](CCC(N)=O)C(=O)N2)C(=O)N[C@@H](Cc2c[nH]c3ccccc23)C(=O)N[C@](C)(CCCCN)C(=O)N[C@@H](CCCCNC(C)=O)C(=O)N[C@@H](CC(N)=O)C(=O)NCC(N)=O)cc1,*,,,,,,,,,,,,,,,,,,True,False,True,False,420,-1
708,COc1ccc(C[C@H](NC(=O)[C@@H]2CSCC[C@H](NC(C)=O)C(=O)N[C@@H](CCC(N)=O)C(=O)N[C@@H]([C@@H](C)O)C(=O)N[C@@H](Cc3c[nH]c4ccccc34)C(=O)N[C@@H](CCC(N)=O)C(=O)N2)C(=O)N[C@@H](Cc2ccc3ccccc3c2)C(=O)N[C@](C)(CCCCN)C(=O)N[C@@H](CCC(=O)O)C(=O)N[C@@H](CC(N)=O)C(=O)NCC(N)=O)cc1,*,,,,,,,,,,,,,,,,,,True,False,True,False,420,-1
707,COc1ccc(C[C@H](NC(=O)[C@@H]2CSCC[C@H](NC(C)=O)C(=O)N[C@@H](CCC(N)=O)C(=O)N[C@@H]([C@@H](C)O)C(=O)N[C@@H](Cc3c[nH]c4ccccc34)C(=O)N[C@@H](CCC(N)=O)C(=O)N2)C(=O)N[C@@H](Cc2c[nH]c3ccccc23)C(=O)N[C@](C)(CCCN)C(=O)N[C@@H](CCC(=O)O)C(=O)N[C@@H](CC(N)=O)C(=O)NCC(N)=O)cc1,**,,,,,,,,,,,,,,,,,,True,False,True,False,270,-1
706,COc1ccc(C[C@H](NC(=O)[C@@H]2CSCC[C@H](NC(C)=O)C(=O)N[C@@H](CCC(N)=O)C(=O)N[C@@H]([C@@H](C)O)C(=O)N[C@@H](Cc3c[nH]c4ccccc34)C(=O)N[C@@H](CCC(N)=O)C(=O)N2)C(=O)N[C@@H](Cc2ccc3ccccc3c2)C(=O)N[C@](C)(CCCN)C(=O)N[C@@H](CCC(=O)O)C(=O)N[C@@H](CC(N)=O)C(=O)NCC(N)=O)cc1,**,*****,,,,,,,,,,,,,,,,,True,False,True,False,270,30
705,COc1ccc(C[C@H](NC(=O)[C@@H]2CSCC[C@H](NC(C)=O)C(=O)N[C@@H](CCC(N)=O)C(=O)N[C@@H]([C@@H](C)O)C(=O)N[C@@H](Cc3c[nH]c4ccccc34)C(=O)N[C@@H](CCC(N)=O)C(=O)N2)C(=O)N[C@@H](Cc2ccc3ccccc3c2)C(=O)N[C@](C)(CCCCN)C(=O)N[C@@H](CCC(=O)O)C(=O)N[C@@H](CC(N)=O)C(=O)NCC(N)=O)cc1,*,*****,,,,,,,,,,,,,,,,,True,False,True,False,420,30
704,CC(=O)N[C@H]1CCSC[C@@H](C(=O)N[C@@H](Cc2ccc(O)cc2)C(=O)N[C@@H](Cc2ccc3ccccc3c2)C(=O)N[C@](C)(CCCCN)C(=O)N[C@@H](CCC(=O)O)C(=O)N[C@@H](CC(N)=O)C(=O)NCC(N)=O)NC(=O)[C@H](CCC(N)=O)NC(=O)[C@H](Cc2c[nH]c3ccccc23)NC(=O)[C@H]([C@@H](C)O)NC(=O)[C@H](CCC(N)=O)NC1=O,*,*****,,,,,,,,,,,,,,,,,True,False,True,False,420,30
703,CC(=O)N[C@H]1CCSC[C@@H](C(=O)N[C@@H](Cc2ccc(O)cc2)C(=O)N[C@@H](Cc2c[nH]c3ccccc23)C(=O)N[C@](C)(CC(C)C)C(=O)N[C@@H](CCC(=O)O)C(=O)N[C@@H](CC(N)=O)C(=O)NCC(N)=O)NC(=O)[C@H](CCC(N)=O)NC(=O)[C@H](Cc2c[nH]c3ccccc23)NC(=O)[C@H]([C@@H](C)O)NC(=O)[C@H](CCC(N)=O)NC1=O,*,*****,,,,,,,,,,,,,,,,,True,False,True,False,420,30
701,CC(=O)N[C@H]1CCSC(C)(C)[C@@H](C(=O)N[C@@H](Cc2ccc(O)cc2)C(=O)N[C@@H](Cc2c[nH]c3ccccc23)C(=O)N[C@@H](CCC(C)C)C(=O)N[C@@H](CCC(=O)O)C(=O)N[C@@H](CC(N)=O)C(=O)NCC(N)=O)NC(=O)[C@H](CCC(N)=O)NC(=O)[C@H](Cc2c[nH]c3ccccc23)NC(=O)[C@H]([C@@H](C)O)NC(=O)[C@H](CCC(N)=O)NC1=O,**,*****,,,,,,,,,,,,,,,,,True,False,True,False,270,30
700,CC(=O)N[C@H]1CCSC[C@H](C(=O)N[C@@H](Cc2ccc(O)cc2)C(=O)N[C@@H](Cc2c[nH]c3ccccc23)C(=O)N[C@@H](CCC(C)C)C(=O)N[C@@H](CCC(=O)O)C(=O)N[C@@H](CC(N)=O)C(=O)NCC(N)=O)NC(=O)[C@H](CCC(N)=O)NC(=O)[C@H](Cc2c[nH]c3ccccc23)NC(=O)[C@H]([C@@H](C)O)NC(=O)[C@H](CCC(N)=O)NC1=O,***,*****,,,,,,,,,,,,,,,,,True,False,True,False,150,30
698,CC(=O)N[C@H]1CCSC[C@@H](C(=O)N[C@@H](Cc2ccc(O)cc2)C(=O)N[C@@H](Cc2c[nH]c3ccccc23)C(=O)N[C@@H](CCCN)C(=O)N[C@@H](CN)C(=O)N[C@@H](CC(N)=O)C(=O)NCC(=O)NCCOCC(=O)N[C@H](CCCCN)C(N)=O)NC(=O)[C@H](CCC(N)=O)NC(=O)[C@H](Cc2c[nH]c3ccccc23)NC(=O)[C@H]([C@@H](C)O)NC(=O)[C@H](CCC(N)=O)NC1=O,*****,,,,,,,,,,,,,,,,,,True,False,True,False,30,-1
697,CC(=O)N[C@@H]1CSCC[C@@H](C(=O)N[C@@H](Cc2ccc(O)cc2)C(=O)N[C@@H](Cc2c[nH]c3ccccc23)C(=O)N[C@@H](CCCNC(=N)N)C(=O)N[C@@H](CCCCN)C(=O)N[C@@H](Cc2ccccc2)C(=O)NCC(=O)NCCOCC(=O)N[C@H](CCCCN)C(N)=O)NC(=O)[C@H](CCC(N)=O)NC(=O)[C@H](Cc2c[nH]c3ccccc23)NC(=O)[C@H]([C@@H](C)O)NC(=O)[C@H](CCCNC(=N)N)NC1=O,*****,,,,,,,,,,,,,,,,,,True,False,True,False,30,-1
696,CC(=O)N[C@@H]1C(=O)N[C@@H](CCCNC(=N)N)C(=O)N[C@@H]([C@@H](C)O)C(=O)N[C@@H](Cc2c[nH]c3ccccc23)C(=O)N[C@@H](CCC(N)=O)C(=O)N[C@H](C(=O)N[C@@H](Cc2ccc(O)cc2)C(=O)N[C@@H](Cc2c[nH]c3ccccc23)C(=O)N[C@@H](CCCNC(=N)N)C(=O)N[C@@H](CCCCN)C(=O)N[C@@H](Cc2ccccc2)C(=O)NCC(=O)NCCOCC(=O)N[C@H](CCCCN)C(N)=O)CCSC1(C)C,***,*****,,,,,,,,,,,,,,,,,True,False,True,False,150,30
695,CC(=O)N[C@H]1CCSC(C)(C)[C@@H](C(=O)N[C@@H](Cc2ccc(O)cc2)C(=O)N[C@@H](Cc2c[nH]c3ccccc23)C(=O)N[C@@H](CCCNC(=N)N)C(=O)N[C@@H](CCCCN)C(=O)N[C@@H](Cc2ccccc2)C(=O)NCC(=O)NCCOCC(=O)N[C@H](CCCCN)C(N)=O)NC(=O)[C@H](CCC(N)=O)NC(=O)[C@H](Cc2c[nH]c3ccccc23)NC(=O)[C@H]([C@@H](C)O)NC(=O)[C@H](CCCNC(=N)N)NC1=O,*****,,,,,,,,,,,,,,,,,,True,False,True,False,30,-1
694,CC(=O)N[C@H]1CCSC[C@@H](C(=O)N[C@@H](Cc2ccc(O)cc2)C(=O)N[C@@H](Cc2c[nH]c3ccccc23)C(=O)N[C@@H](CCCNC(=N)N)C(=O)N[C@@H](CCC(=O)O)C(=O)N[C@@H](CC(N)=O)C(=O)NCC(=O)NCCOCC(=O)N[C@H](CCCCN)C(N)=O)NC(=O)[C@H](CCC(N)=O)NC(=O)[C@H](Cc2c[nH]c3ccccc23)NC(=O)[C@H]([C@@H](C)O)NC(=O)[C@H](CCC(N)=O)NC1=O,****,,,,,,,,,,,,,,,,,,True,False,True,False,90,-1
693,CC(=O)N[C@H]1CSCC[C@@H](C(=O)N[C@@H](Cc2ccc(O)cc2)C(=O)N[C@@H](Cc2c[nH]c3ccccc23)C(=O)N[C@@H](CCCNC(=N)N)C(=O)N[C@@H](CCCCN)C(=O)N[C@@H](Cc2ccccc2)C(=O)NCC(=O)NCCOCC(=O)N[C@H](CCCCN)C(N)=O)NC(=O)[C@H](CCC(N)=O)NC(=O)[C@H](Cc2c[nH]c3ccccc23)NC(=O)[C@H]([C@@H](C)O)NC(=O)[C@H](CCCNC(=N)N)NC1=O,*****,,,,,,,,,,,,,,,,,,True,False,True,False,30,-1
673,CC(=O)NCCCC[C@H](NC(=O)C1(NC(=O)[C@H](Cc2ccc3ccccc3c2)NC(=O)[C@@H](Cc2ccc(OCCN)cc2)NC(=O)[C@H]2NC(=O)[C@H](CCC(N)=O)NC(=O)[C@H](Cc3c[nH]c4ccccc34)NC(=O)[C@H]([C@@H](C)O)NC(=O)[C@H](CC(N)=O)NC(=O)[C@@H](NC(=O)[C@@H](Cc3ccccc3)NC(C)=O)C(C)(C)SSC2(C)C)CCCCC1)C(=O)N[C@@H](CC(N)=O)C(=O)N[C@@H](CC(N)=O)C(N)=O,*****,,,,,,,,,,,,,,,,,,True,False,True,True,30,-1
671,CC(=O)NCCCC[C@H](NC(=O)C(C)(C)NC(=O)[C@H](Cc1ccc2ccccc2c1)NC(=O)[C@@H](Cc1ccc(OCCN)cc1)NC(=O)[C@H]1NC(=O)[C@H](CCC(N)=O)NC(=O)[C@H](Cc2c[nH]c3ccccc23)NC(=O)[C@H]([C@@H](C)O)NC(=O)[C@H](CC(N)=O)NC(=O)[C@@H](NC(=O)[C@@H](Cc2ccccc2)NC(C)=O)C(C)(C)SSC1(C)C)C(=O)N[C@@H](CC(N)=O)C(=O)N[C@@H](CC(N)=O)C(N)=O,*****,,,,,,,,,,,,,,,,,,True,False,True,True,30,-1
670,COc1ccc(C[C@@H](NC(=O)[C@@H](Cc2ccc(CN)cc2)NC(=O)[C@H]2NC(=O)[C@H](CCC(N)=O)NC(=O)[C@H](Cc3c[nH]c4ccccc34)NC(=O)[C@H]([C@@H](C)O)NC(=O)[C@H](CCC(N)=O)NC(=O)[C@@H](NC(C)=O)C(C)(C)SSC2(C)C)C(=O)N[C@@](C)(C(=O)N[C@@H](CCCCNC(C)=O)C(=O)N[C@@H](CC(N)=O)C(=O)N[C@@H](CC(N)=O)C(N)=O)C(C)C)cc1OC,*,**,,,,,,,,,,,,,,,,,True,False,True,True,420,270
653,COc1ccc(C[C@H](NC(=O)[C@H]2NC(=O)[C@H](CCC(N)=O)NC(=O)[C@H](Cc3c[nH]c4ccccc34)NC(=O)[C@H]([C@@H](C)O)NC(=O)[C@H](CCC(N)=O)NC(=O)[C@@H](NC(C)=O)C(C)(C)SSC2(C)C)C(=O)N[C@@H](Cc2ccc3ccccc3c2)C(=O)N[C@@](C)(C(=O)N[C@@H](CCCCNC(C)=O)C(=O)N[C@@H](CC(N)=O)C(=O)N[C@@H](CC(N)=O)C(=O)N[C@H](CCCCN)C(N)=O)C(C)C)cc1,*,**,,,,,,,,,,,,,,,,,True,False,True,True,420,270
635,COc1ccc(C[C@H](NC(=O)[C@H]2NC(=O)[C@H](CCC(N)=O)NC(=O)[C@H](Cc3c[nH]c4ccccc34)NC(=O)[C@H]([C@@H](C)O)NC(=O)[C@H](CC(N)=O)NC(=O)[C@@H](NC(C)=O)C(C)(C)SSC2(C)C)C(=O)N[C@@H](Cc2ccc3ccccc3c2)C(=O)NC(C)(C)C(=O)N[C@@H](CCCCNC(C)=O)C(=O)N[C@@H](CC(N)=O)C(=O)N[C@@H](C)C(N)=O)cc1,*****,*****,,,,,,,,,,,,,,,,,True,False,True,True,30,30
634,CC(=O)NCCCC[C@H](NC(=O)C(C)(C)NC(=O)[C@H](Cc1ccc2ccccc2c1)NC(=O)[C@@H](Cc1ccc(OCCN)cc1)NC(=O)[C@H]1NC(=O)[C@H](CCC(N)=O)NC(=O)[C@H](Cc2c[nH]c3ccccc23)NC(=O)[C@H]([C@@H](C)O)NC(=O)[C@H](CC(N)=O)NC(=O)[C@@H](NC(C)=O)C(C)(C)SSC1(C)C)C(=O)N[C@@H](CC(N)=O)C(=O)N[C@@H](CCC(N)=O)C(N)=O,*****,*****,,,,,,,,,,,,,,,,,True,False,True,True,30,30
633,COc1ccc(C[C@H](NC(=O)[C@H]2NC(=O)[C@H](CCC(N)=O)NC(=O)[C@H](Cc3c[nH]c4ccccc34)NC(=O)[C@H]([C@@H](C)O)NC(=O)[C@H](CC(N)=O)NC(=O)[C@@H](NC(C)=O)C(C)(C)SSC2(C)C)C(=O)N[C@@H](Cc2ccc3ccccc3c2)C(=O)NC(C)(C)C(=O)N[C@@H](CCCCNC(C)=O)C(=O)N[C@@H](CC(N)=O)C(=O)NCCC(N)=O)cc1,*,*,,,,,,,,,,,,,,,,,True,False,True,True,420,420
632,CC(=O)NCCCC[C@H](NC(=O)C(C)(C)NC(=O)[C@H](Cc1ccc2ccccc2c1)NC(=O)[C@@H](Cc1ccc(OCCN)cc1)NC(=O)[C@H]1NC(=O)[C@H](CCC(N)=O)NC(=O)[C@H](Cc2c[nH]c3ccccc23)NC(=O)[C@H]([C@@H](C)O)NC(=O)[C@H](CC(N)=O)NC(=O)[C@@H](NC(C)=O)C(C)(C)SSC1(C)C)C(=O)N[C@@H](CC(N)=O)C(=O)N[C@@H](CC(N)=O)C(N)=O,*,*,,,,,,,,,,,,,,,,,True,False,True,True,420,420
631,CC(=O)N[C@@H]1C(=O)N[C@@H](CC(N)=O)C(=O)N[C@@H]([C@@H](C)O)C(=O)N[C@@H](Cc2c[nH]c3ccccc23)C(=O)N[C@@H](CCC(N)=O)C(=O)N[C@H](C(=O)N[C@H](Cc2ccc(OCCN)cc2)C(=O)N[C@@H](Cc2ccc3ccccc3c2)C(=O)N[C@@H](CCC(C)C)C(=O)N[C@@H](CCC(=O)O)C(=O)N[C@@H](CC(N)=O)C(=O)N[C@@H](C)C(N)=O)C(C)(C)SSC1(C)C,*,*,,,,,,,,,,,,,,,,,True,False,True,True,420,420
630,COc1ccc(C[C@H](NC(=O)[C@H]2NC(=O)[C@H](CCC(N)=O)NC(=O)[C@H](Cc3c[nH]c4ccccc34)NC(=O)[C@H]([C@@H](C)O)NC(=O)[C@H](CC(N)=O)NC(=O)[C@@H](NC(C)=O)C(C)(C)SSC2(C)C)C(=O)N[C@@H](Cc2ccc3ccccc3c2)C(=O)NC(C)(C)C(=O)N[C@@H](CCC(=O)O)C(=O)N[C@@H](CC(N)=O)C(=O)N[C@@H](CC(N)=O)C(N)=O)cc1,*,*,,,,,,,,,,,,,,,,,True,False,True,True,420,420
628,CC(=O)NCCCC[C@H](NC(=O)C(C)(C)NC(=O)[C@H](Cc1ccc2ccccc2c1)NC(=O)[C@@H](Cc1ccc(OCCN)cc1)NC(=O)[C@H]1NC(=O)[C@H](CCC(N)=O)NC(=O)[C@H](Cc2c[nH]c3ccccc23)NC(=O)[C@H]([C@@H](C)O)NC(=O)[C@H](CCC(N)=O)NC(=O)[C@@H](NC(C)=O)C(C)(C)SSC1(C)C)C(=O)N[C@@H](CC(N)=O)C(=O)NCCC(N)=O,*,*,,,,,,,,,,,,,,,,,True,False,True,True,420,420
627,COc1ccc(C[C@H](NC(=O)[C@H]2NC(=O)[C@H](CCC(N)=O)NC(=O)[C@H](Cc3c[nH]c4ccccc34)NC(=O)[C@H]([C@@H](C)O)NC(=O)[C@H](CCC(N)=O)NC(=O)[C@@H](NC(C)=O)C(C)(C)SSC2(C)C)C(=O)N[C@@H](Cc2ccc3ccccc3c2)C(=O)N[C@@H](CCC(C)C)C(=O)N[C@@H](CCCCNC(C)=O)C(=O)N[C@@H](CC(N)=O)C(=O)NCCC(N)=O)cc1,**,*,,,,,,,,,,,,,,,,,True,False,True,True,270,420
626,CC(=O)NCCCC[C@H](NC(=O)[C@H](CCC(C)C)NC(=O)[C@H](Cc1ccc2ccccc2c1)NC(=O)[C@@H](Cc1ccc(OCCN)cc1)NC(=O)[C@H]1NC(=O)[C@H](CCC(N)=O)NC(=O)[C@H](Cc2c[nH]c3ccccc23)NC(=O)[C@H]([C@@H](C)O)NC(=O)[C@H](CCC(N)=O)NC(=O)[C@@H](NC(C)=O)C(C)(C)SSC1(C)C)C(=O)N[C@@H](CC(N)=O)C(=O)NCCC(N)=O,*,*,,,,,,,,,,,,,,,,,True,False,True,True,420,420
625,COc1ccc(C[C@H](NC(=O)[C@H]2NC(=O)[C@H](CCC(N)=O)NC(=O)[C@H](Cc3c[nH]c4ccccc34)NC(=O)[C@H]([C@@H](C)O)NC(=O)[C@H](CCC(N)=O)NC(=O)[C@@H](NC(C)=O)C(C)(C)SSC2(C)C)C(=O)N[C@@H](Cc2ccc3ccccc3c2)C(=O)NC(C)(C)C(=O)N[C@@H](CCCCNC(C)=O)C(=O)N[C@@H](CC(N)=O)C(=O)N[C@@H](CC(N)=O)C(N)=O)cc1,****,*****,,,,,,,,,,,,,,,,,True,False,True,True,90,30
624,CC(=O)NCCCC[C@H](NC(=O)C(C)(C)NC(=O)[C@H](Cc1ccc2ccccc2c1)NC(=O)[C@@H](Cc1ccc(OCCN)cc1)NC(=O)[C@H]1NC(=O)[C@H](CCC(N)=O)NC(=O)[C@H](Cc2c[nH]c3ccccc23)NC(=O)[C@H]([C@@H](C)O)NC(=O)[C@H](CCC(N)=O)NC(=O)[C@@H](NC(C)=O)C(C)(C)SSC1(C)C)C(=O)N[C@@H](CC(N)=O)C(=O)N[C@@H](C)C(N)=O,***,*,,,,,,,,,,,,,,,,,True,False,True,True,150,420
622,CC(=O)NCCCC[C@H](NC(=O)C(C)(C)NC(=O)[C@H](Cc1ccc2ccccc2c1)NC(=O)[C@@H](Cc1ccc(OCCN)cc1)NC(=O)[C@H]1NC(=O)[C@H](CCC(N)=O)NC(=O)[C@H](Cc2c[nH]c3ccccc23)NC(=O)[C@H]([C@@H](C)O)NC(=O)[C@H]([C@@H](C)O)NC(=O)[C@@H](NC(C)=O)C(C)(C)SSC1(C)C)C(=O)N[C@@H](CC(N)=O)C(=O)N[C@@H](CCC(N)=O)C(N)=O,*,*,,,,,,,,,,,,,,,,,True,False,True,True,420,420
619,CC(=O)N[C@@H]1C(=O)N[C@@H](CCC(N)=O)C(=O)N[C@@H]([C@@H](C)O)C(=O)N[C@@H](Cc2c[nH]c3ccccc23)C(=O)N[C@@H](CCC(N)=O)C(=O)N[C@H](C(=O)N[C@H](Cc2ccc(OCCN)cc2)C(=O)N[C@@H](Cc2ccc3ccccc3c2)C(=O)N[C@@H](CCC(C)C)C(=O)N[C@@H](CCC(=O)O)C(=O)N[C@@H](CC(N)=O)C(=O)N[C@@H](C)C(N)=O)C(C)(C)SSC1(C)C,**,*,,,,,,,,,,,,,,,,,True,False,True,True,270,420
614,CC(=O)NCCOc1ccc(C[C@@H](NC(=O)[C@H]2NC(=O)[C@H](CCC(N)=O)NC(=O)[C@H](Cc3c[nH]c4ccccc34)NC(=O)[C@H]([C@@H](C)O)NC(=O)[C@H](CCC(N)=O)NC(=O)[C@@H](NC(C)=O)C(C)(C)SSC2(C)C)C(=O)N[C@@H](Cc2ccc3ccccc3c2)C(=O)N[C@](C)(CC(C)C)C(=O)N[C@@H](CCC(N)=O)C(=O)N[C@@H](CC(N)=O)C(=O)N[C@@H](CC(N)=O)C(N)=O)cc1,*,*,,,,,,,,,,,,,,,,,True,False,True,True,420,420
613,CC(=O)NCCCC[C@H](NC(=O)[C@@](C)(CC(C)C)NC(=O)[C@H](Cc1ccc2ccccc2c1)NC(=O)[C@@H](Cc1ccc(OCCNC(C)=O)cc1)NC(=O)[C@H]1NC(=O)[C@H](CCC(N)=O)NC(=O)[C@H](Cc2c[nH]c3ccccc23)NC(=O)[C@H]([C@@H](C)O)NC(=O)[C@H](CCC(N)=O)NC(=O)[C@@H](NC(C)=O)C(C)(C)SSC1(C)C)C(=O)N[C@@H](CC(N)=O)C(=O)N[C@@H](CC(N)=O)C(N)=O,*****,*****,,,,,,,,,,,,,,,,,True,False,True,True,30,30
612,CC(=O)NCCCC[C@@](C)(NC(=O)[C@H](Cc1ccc2ccccc2c1)NC(=O)[C@@H](Cc1ccc(OCCNC(C)=O)cc1)NC(=O)[C@H]1NC(=O)[C@H](CCC(N)=O)NC(=O)[C@H](Cc2c[nH]c3ccccc23)NC(=O)[C@H]([C@@H](C)O)NC(=O)[C@H](CCC(N)=O)NC(=O)[C@@H](NC(C)=O)C(C)(C)SSC1(C)C)C(=O)N[C@@H](CCC(=O)O)C(=O)N[C@@H](CC(N)=O)C(=O)N[C@@H](C)C(N)=O,***,*,,,,,,,,,,,,,,,,,True,False,True,True,150,420
611,CC(=O)NCCCC[C@@](C)(NC(=O)[C@H](Cc1ccc2ccccc2c1)NC(=O)[C@@H](Cc1ccc(OCCNC(C)=O)cc1)NC(=O)[C@H]1NC(=O)[C@H](CCC(N)=O)NC(=O)[C@H](Cc2c[nH]c3ccccc23)NC(=O)[C@H]([C@@H](C)O)NC(=O)[C@H](CCC(N)=O)NC(=O)[C@@H](NC(C)=O)C(C)(C)SSC1(C)C)C(=O)N[C@@H](CCC(=O)O)C(=O)N[C@@H](CC(N)=O)C(=O)NCC(N)=O,*,*,,,,,,,,,,,,,,,,,True,False,True,True,420,420
610,CC(=O)NCCCC[C@H](NC(=O)[C@@](C)(CCCCNC(C)=O)NC(=O)[C@H](Cc1ccc2ccccc2c1)NC(=O)[C@@H](Cc1ccc(OCCNC(C)=O)cc1)NC(=O)[C@H]1NC(=O)[C@H](CCC(N)=O)NC(=O)[C@H](Cc2c[nH]c3ccccc23)NC(=O)[C@H]([C@@H](C)O)NC(=O)[C@H](CCC(N)=O)NC(=O)[C@@H](NC(C)=O)C(C)(C)SSC1(C)C)C(=O)N[C@@H](CC(N)=O)C(=O)N[C@@H](CC(N)=O)C(N)=O,*,*,,,,,,,,,,,,,,,,,True,False,True,True,420,420
609,CC(=O)NCCCC[C@H](NC(=O)[C@@](C)(CCCCNC(C)=O)NC(=O)[C@H](Cc1ccc2ccccc2c1)NC(=O)[C@@H](Cc1ccc(OCCNC(C)=O)cc1)NC(=O)[C@H]1NC(=O)[C@H](CCC(N)=O)NC(=O)[C@H](Cc2c[nH]c3ccccc23)NC(=O)[C@H]([C@@H](C)O)NC(=O)[C@H](CCC(N)=O)NC(=O)[C@@H](NC(C)=O)C(C)(C)SSC1(C)C)C(=O)N[C@@H](CC(N)=O)C(=O)NCC(N)=O,*,*,,,,,,,,,,,,,,,,,True,False,True,True,420,420
608,CC(=O)NCCCC[C@@](C)(NC(=O)[C@H](Cc1ccc2ccccc2c1)NC(=O)[C@@H](Cc1ccc(OCCNC(C)=O)cc1)NC(=O)[C@H]1NC(=O)[C@H](CCC(N)=O)NC(=O)[C@H](Cc2c[nH]c3ccccc23)NC(=O)[C@H]([C@@H](C)O)NC(=O)[C@@](C)(CCCNC(C)=O)NC(=O)[C@@H](NC(C)=O)C(C)(C)SSC1(C)C)C(=O)N[C@@H](CCC(=O)O)C(=O)N[C@@H](CC(N)=O)C(=O)NCC(N)=O,*,*,,,,,,,,,,,,,,,,,True,False,True,True,420,420
607,CC(=O)NCCCC[C@@](C)(NC(=O)[C@H](Cc1ccc2ccccc2c1)NC(=O)[C@@H](Cc1ccc(OCCNC(C)=O)cc1)NC(=O)[C@H]1NC(=O)[C@H](CCC(N)=O)NC(=O)[C@H](Cc2c[nH]c3ccccc23)NC(=O)[C@H]([C@@H](C)O)NC(=O)[C@H](CNC(C)=O)NC(=O)[C@@H](NC(C)=O)C(C)(C)SSC1(C)C)C(=O)N[C@@H](CCC(=O)O)C(=O)N[C@@H](CC(N)=O)C(=O)NCC(N)=O,*,*,,,,,,,,,,,,,,,,,True,False,True,True,420,420
606,CC(=O)NCCCC[C@H](NC(=O)C(C)(C)NC(=O)[C@H](Cc1ccc2ccccc2c1)NC(=O)[C@@H](Cc1ccc(OCCN)cc1)NC(=O)[C@H]1NC(=O)[C@H](CCC(N)=O)NC(=O)[C@H](Cc2c[nH]c3ccccc23)NC(=O)[C@H]([C@@H](C)O)NC(=O)[C@H](CCC(N)=O)NC(=O)[C@@H](NC(C)=O)C(C)(C)SSC1(C)C)C(=O)N[C@@H](CC(N)=O)C(=O)N[C@@H](CCC(N)=O)C(N)=O,*,*,,,,,,,,,,,,,,,,,True,False,True,True,420,420
605,CC(=O)NCCCC[C@H](NC(=O)C(C)(C)NC(=O)[C@H](Cc1ccc2ccccc2c1)NC(=O)[C@@H](Cc1ccc(OCCN)cc1)NC(=O)[C@H]1NC(=O)[C@H](CCC(N)=O)NC(=O)[C@H](Cc2c[nH]c3ccccc23)NC(=O)[C@H]([C@@H](C)O)NC(=O)[C@H](CCC(N)=O)NC(=O)[C@@H](NC(C)=O)C(C)(C)SSC1(C)C)C(=O)N[C@@H](CC(N)=O)C(=O)N[C@@H](CC(N)=O)C(N)=O,**,*,,,,,,,,,,,,,,,,,True,False,True,True,270,420
604,CC(=O)N[C@@H]1C(=O)N[C@@H](CCC(N)=O)C(=O)N[C@@H]([C@@H](C)O)C(=O)N[C@@H](Cc2c[nH]c3ccccc23)C(=O)N[C@@H](CCC(N)=O)C(=O)N[C@H](C(=O)N[C@H](Cc2ccc(OCCN)cc2)C(=O)N[C@@H](Cc2ccc3ccccc3c2)C(=O)NC(C)(C)C(=O)N[C@@H](CCC(=O)O)C(=O)N[C@@H](CC(N)=O)C(=O)N[C@@H](CC(N)=O)C(N)=O)C(C)(C)SSC1(C)C,*,*,,,,,,,,,,,,,,,,,True,False,True,True,420,420
603,CC(=O)N[C@@H]1C(=O)N[C@@H](CCC(N)=O)C(=O)N[C@@H]([C@@H](C)O)C(=O)N[C@@H](Cc2c[nH]c3ccccc23)C(=O)N[C@@H](CCC(N)=O)C(=O)N[C@H](C(=O)N[C@H](Cc2ccc(OCCN)cc2)C(=O)N[C@@H](Cc2ccc3ccccc3c2)C(=O)N[C@](C)(CC(C)C)C(=O)N[C@@H](CCC(N)=O)C(=O)N[C@@H](CC(N)=O)C(=O)N[C@@H](CC(N)=O)C(N)=O)C(C)(C)SSC1(C)C,*,*,,,,,,,,,,,,,,,,,True,False,True,True,420,420
602,CC(=O)NCCCC[C@H](NC(=O)[C@@](C)(CC(C)C)NC(=O)[C@H](Cc1ccc2ccccc2c1)NC(=O)[C@@H](Cc1ccc(OCCN)cc1)NC(=O)[C@H]1NC(=O)[C@H](CCC(N)=O)NC(=O)[C@H](Cc2c[nH]c3ccccc23)NC(=O)[C@H]([C@@H](C)O)NC(=O)[C@H](CCC(N)=O)NC(=O)[C@@H](NC(C)=O)C(C)(C)SSC1(C)C)C(=O)N[C@@H](CC(N)=O)C(=O)N[C@@H](CC(N)=O)C(N)=O,****,**,,,,,,,,,,,,,,,,,True,False,True,True,90,270
601,CC(=O)N[C@@H]1C(=O)N[C@@H](CCC(N)=O)C(=O)N[C@@H]([C@@H](C)O)C(=O)N[C@@H](Cc2c[nH]c3ccccc23)C(=O)N[C@@H](CCC(N)=O)C(=O)N[C@H](C(=O)N[C@H](Cc2ccc(OCCN)cc2)C(=O)N[C@@H](Cc2ccc3ccccc3c2)C(=O)N[C@](C)(CCCCN)C(=O)N[C@@H](CCC(=O)O)C(=O)N[C@@H](CC(N)=O)C(=O)N[C@@H](C)C(N)=O)C(C)(C)SSC1(C)C,*,*,,,,,,,,,,,,,,,,,True,False,True,True,420,420
600,CC(=O)N[C@@H]1C(=O)N[C@@H](CCC(N)=O)C(=O)N[C@@H]([C@@H](C)O)C(=O)N[C@@H](Cc2c[nH]c3ccccc23)C(=O)N[C@@H](CCC(N)=O)C(=O)N[C@H](C(=O)N[C@H](Cc2ccc(OCCN)cc2)C(=O)N[C@@H](Cc2ccc3ccccc3c2)C(=O)N[C@](C)(CCCCN)C(=O)N[C@@H](CCC(=O)O)C(=O)N[C@@H](CC(N)=O)C(=O)NCC(N)=O)C(C)(C)SSC1(C)C,*,*,,,,,,,,,,,,,,,,,True,False,True,True,420,420
599,CC(=O)NCCCC[C@H](NC(=O)[C@@](C)(CCCCN)NC(=O)[C@H](Cc1ccc2ccccc2c1)NC(=O)[C@@H](Cc1ccc(OCCN)cc1)NC(=O)[C@H]1NC(=O)[C@H](CCC(N)=O)NC(=O)[C@H](Cc2c[nH]c3ccccc23)NC(=O)[C@H]([C@@H](C)O)NC(=O)[C@H](CCC(N)=O)NC(=O)[C@@H](NC(C)=O)C(C)(C)SSC1(C)C)C(=O)N[C@@H](CC(N)=O)C(=O)N[C@@H](CC(N)=O)C(N)=O,***,**,,,,,,,,,,,,,,,,,True,False,True,True,150,270
598,CC(=O)NCCCC[C@H](NC(=O)[C@@](C)(CCCCN)NC(=O)[C@H](Cc1ccc2ccccc2c1)NC(=O)[C@@H](Cc1ccc(OCCN)cc1)NC(=O)[C@H]1NC(=O)[C@H](CCC(N)=O)NC(=O)[C@H](Cc2c[nH]c3ccccc23)NC(=O)[C@H]([C@@H](C)O)NC(=O)[C@H](CCC(N)=O)NC(=O)[C@@H](NC(C)=O)C(C)(C)SSC1(C)C)C(=O)N[C@@H](CC(N)=O)C(=O)NCC(N)=O,*,*,,,,,,,,,,,,,,,,,True,False,True,True,420,420
597,CC(=O)N[C@@H]1C(=O)N[C@@H](CC(N)=O)C(=O)N[C@@H]([C@@H](C)O)C(=O)N[C@@H](Cc2c[nH]c3ccccc23)C(=O)N[C@@H](CCC(N)=O)C(=O)N[C@H](C(=O)N[C@H](Cc2ccc(OCCN)cc2)C(=O)N[C@@H](Cc2ccc3ccccc3c2)C(=O)N[C@](C)(CCCCN)C(=O)N[C@@H](CCC(=O)O)C(=O)N[C@@H](CC(N)=O)C(=O)NCC(N)=O)C(C)(C)SSC1(C)C,*,*,,,,,,,,,,,,,,,,,True,False,True,True,420,420
596,CC(=O)N[C@@H]1C(=O)N[C@](C)(CCCN)C(=O)N[C@@H]([C@@H](C)O)C(=O)N[C@@H](Cc2c[nH]c3ccccc23)C(=O)N[C@@H](CCC(N)=O)C(=O)N[C@H](C(=O)N[C@H](Cc2ccc(OCCN)cc2)C(=O)N[C@@H](Cc2ccc3ccccc3c2)C(=O)N[C@](C)(CCCCN)C(=O)N[C@@H](CCC(=O)O)C(=O)N[C@@H](CC(N)=O)C(=O)NCC(N)=O)C(C)(C)SSC1(C)C,***,**,,,,,,,,,,,,,,,,,True,False,True,True,150,270
595,CC(=O)N[C@@H]1C(=O)N[C@@H](CN)C(=O)N[C@@H]([C@@H](C)O)C(=O)N[C@@H](Cc2c[nH]c3ccccc23)C(=O)N[C@@H](CCC(N)=O)C(=O)N[C@H](C(=O)N[C@H](Cc2ccc(OCCN)cc2)C(=O)N[C@@H](Cc2ccc3ccccc3c2)C(=O)N[C@](C)(CCCCN)C(=O)N[C@@H](CCC(=O)O)C(=O)N[C@@H](CC(N)=O)C(=O)NCC(N)=O)C(C)(C)SSC1(C)C,*,*,,,,,,,,,,,,,,,,,True,False,True,True,420,420
578,CC(=O)N[C@@H]1C(=O)N[C@@H](CCC(N)=O)C(=O)N[C@@H]([C@@H](C)O)C(=O)N[C@@H](Cc2c[nH]c3ccccc23)C(=O)N[C@@H](CCC(N)=O)C(=O)N[C@H](C(=O)N[C@H](Cc2ccc(C(C)(C)F)cc2)C(=O)N[C@@H](Cc2ccc3ccccc3c2)C(=O)N[C@](C)(CCCCN)C(=O)N[C@@H](CCC(=O)O)C(=O)N[C@@H](CC(N)=O)C(=O)NCC(N)=O)C(C)(C)SSC1(C)C,*,**,,,,,,,,,,,,,,,,,True,False,True,True,420,270
560,CC(=O)N[C@@H]1C(=O)N[C@@H](CCC(N)=O)C(=O)N[C@@H]([C@@H](C)O)C(=O)N[C@@H](Cc2c[nH]c3ccccc23)C(=O)N[C@@H](CCC(N)=O)C(=O)N[C@H](C(=O)N[C@@H](Cc2ccc(O)cc2)C(=O)N[C@@H](Cc2c[nH]c3ccccc23)C(=O)N[C@](C)(CCCN)C(=O)N[C@@H](CCC(=O)O)C(=O)N[C@@H](CC(N)=O)C(=O)NCC(N)=O)C(C)(C)SSC1(C)C,*,,,,,,,,,,,,,,,,,,True,False,True,True,420,-1
559,CC(=O)N[C@@H]1C(=O)N[C@@H](CCC(N)=O)C(=O)N[C@@H]([C@@H](C)O)C(=O)N[C@@H](Cc2c[nH]c3ccccc23)C(=O)N[C@@H](CCC(N)=O)C(=O)N[C@H](C(=O)N[C@@H](Cc2ccc(O)cc2)C(=O)N[C@@H](Cc2ccc3ccccc3c2)C(=O)N[C@](C)(CCCN)C(=O)N[C@@H](CCC(=O)O)C(=O)N[C@@H](CC(N)=O)C(=O)NCC(N)=O)C(C)(C)SSC1(C)C,*,*,,,,,,,,,,,,,,,,,True,False,True,True,420,420
557,COc1ccc(C[C@H](NC(=O)[C@H]2NC(=O)[C@H](CCC(N)=O)NC(=O)[C@H](Cc3c[nH]c4ccccc34)NC(=O)[C@H]([C@@H](C)O)NC(=O)[C@H](CCC(N)=O)NC(=O)[C@@H](NC(C)=O)C(C)(C)SSC2(C)C)C(=O)N[C@@H](Cc2ccc3ccccc3c2)C(=O)N[C@](C)(CCCCN)C(=O)N[C@@H](CCC(=O)O)C(=O)N[C@@H](CC(N)=O)C(=O)NCC(N)=O)cc1,*,*,,,,,,,,,,,,,,,,,True,False,True,True,420,420
555,CC(=O)N[C@@H]1C(=O)N[C@@H](CCC(N)=O)C(=O)N[C@@H]([C@@H](C)O)C(=O)N[C@@H](Cc2c[nH]c3ccccc23)C(=O)N[C@@H](CCC(N)=O)C(=O)N[C@H](C(=O)N[C@@H](Cc2ccc(O)cc2)C(=O)N[C@@H](Cc2c[nH]c3ccccc23)C(=O)N[C@H](CC(N)=O)C(=O)N[C@@H](CCC(=O)O)C(=O)N[C@@H](CC(N)=O)C(=O)NCC(N)=O)C(C)(C)SSC1(C)C,**,,,,,,,,,,,,,,,,,,True,False,True,True,270,-1
554,CC(=O)N[C@@H]1C(=O)N[C@@H](CCC(N)=O)C(=O)N[C@@H]([C@@H](C)O)C(=O)N[C@@H](Cc2c[nH]c3ccccc23)C(=O)N[C@@H](CCC(N)=O)C(=O)N[C@H](C(=O)N[C@@H](Cc2ccc(O)cc2)C(=O)N[C@@H](Cc2c[nH]c3ccccc23)C(=O)N[C@](C)(CC(C)C)C(=O)N[C@@H](CCC(=O)O)C(=O)N[C@@H](CC(N)=O)C(=O)NCC(N)=O)C(C)(C)SSC1(C)C,**,,,,,,,,,,,,,,,,,,True,False,True,True,270,-1
553,CC(=O)N[C@@H](C)C(=O)N[C@@H]1C(=O)N[C@@H](CC(=O)O)C(=O)N[C@@H](Cc2c[nH]c3ccccc23)C(=O)N[C@@H](C(C)C)C(=O)N[C@H](C(=O)N[C@@H](Cc2ccc(O)cc2)C(=O)N[C@@H](Cc2c[nH]c3ccccc23)C(=O)N[C@@H](CCCN)C(=O)N[C@@H](CN)C(=O)N[C@@H](Cc2ccccc2)C(=O)NCC(=O)NCCOCC(=O)N[C@H](CCCCN)C(N)=O)C(C)(C)SSC1(C)C,**,,,,,,,,,,,,,,,,,,True,False,True,True,270,-1
552,CC(=O)N[C@@H]1C(=O)N[C@@H](CCC(N)=O)C(=O)N[C@@H]([C@@H](C)O)C(=O)N[C@@H](Cc2c[nH]c3ccccc23)C(=O)N[C@@H](CCC(N)=O)C(=O)N[C@H](C(=O)N[C@@H](Cc2ccc(O)cc2)C(=O)N[C@@H](Cc2c[nH]c3ccccc23)C(=O)N(C)[C@@H](CCCNC(=N)N)C(=O)N[C@@H](CCC(=O)O)C(=O)N[C@@H](CC(N)=O)C(=O)NCC(N)=O)C(C)(C)SSC1(C)C,**,,,,,,,,,,,,,,,,,,True,False,True,True,270,-1
551,CC(=O)N[C@@H]1C(=O)N[C@@H](CCC(N)=O)C(=O)N[C@@H]([C@@H](C)O)C(=O)N[C@@H](Cc2c[nH]c3ccccc23)C(=O)N[C@@H](CCC(N)=O)C(=O)N[C@H](C(=O)N[C@@H](Cc2ccc(O)cc2)C(=O)N[C@@H](Cc2c[nH]c3ccccc23)C(=O)N[C@@H](CCC(C)C)C(=O)N[C@@H](CCC(=O)O)C(=O)N[C@@H](CC(N)=O)C(=O)NCC(N)=O)C(C)(C)SSC1(C)C,**,***,,,,,,,,,,,,,,,,,True,False,True,True,270,150
550,CC(=O)N[C@@H]1C(=O)N[C@@H](CCC(N)=O)C(=O)N[C@@H]([C@@H](C)O)C(=O)N[C@@H](Cc2c[nH]c3ccccc23)C(=O)N[C@@H](CCC(N)=O)C(=O)N[C@H](C(=O)N[C@@H](Cc2ccc(O)cc2)C(=O)N[C@@H](Cc2c[nH]c3ccccc23)C(=O)N(C)[C@@H](CCCNC(=N)N)C(=O)N[C@@H](CCC(=O)O)C(=O)N[C@@H](CC(N)=O)C(=O)NCC(N)=O)C(C)(C)SSC1(C)C,**,,,,,,,,,,,,,,,,,,True,False,True,True,270,-1
549,CC(=O)N[C@@H]1C(=O)N[C@@H](CCC(N)=O)C(=O)N[C@@H]([C@@H](C)O)C(=O)N[C@@H](Cc2c[nH]c3ccccc23)C(=O)N[C@@H](CCC(N)=O)C(=O)N[C@H](C(=O)N[C@@H](Cc2ccc(O)cc2)C(=O)N[C@@H](Cc2c[nH]c3ccccc23)C(=O)N[C@@H](CCC(C)C)C(=O)N[C@@H](CCC(=O)O)C(=O)N[C@@H](CC(N)=O)C(=O)NCC(N)=O)C(C)(C)SSC1(C)C,**,,,,,,,,,,,,,,,,,,True,False,True,True,270,-1
548,CC(=O)N[C@@H](C)C(=O)N[C@@H]1C(=O)N[C@@H](CC(=O)O)C(=O)N[C@@H](Cc2c[nH]c3ccccc23)C(=O)N[C@@H](C(C)C)C(=O)N[C@H](C(=O)N[C@@H](Cc2ccc(O)cc2)C(=O)N[C@@H](Cc2c[nH]c3ccccc23)C(=O)N[C@@H](CCCNC(=N)N)C(=O)N[C@@H](CCCCN)C(=O)N[C@@H](Cc2ccccc2)C(=O)NCC(=O)NCCOCC(=O)N[C@H](CCCCN)C(N)=O)C(C)(C)SSC1(C)C,**,,,,,,,,,,,,,,,,,,True,False,True,True,270,-1
521,CC(=O)N[C@H]1CSSC[C@@H](C(=O)N[C@@H](Cc2ccc(O)cc2)C(=O)N[C@@H](Cc2c[nH]c3ccccc23)C(=O)N[C@@H](Cc2c[nH]cn2)C(=O)N[C@H](C(=O)N[C@@H](Cc2ccc(O)cc2)C(=O)NCC(N)=O)[C@@H](C)O)NC(=O)[C@H](CCC(=O)O)NC(=O)[C@H](Cc2c[nH]c3ccccc23)NC(=O)[C@H]([C@@H](C)O)NC(=O)[C@H](CO)NC1=O,***,,,,,,,,,,,,,,,,,,True,False,True,True,150,-1
520,CC(=O)N[C@H]1CSSC[C@@H](C(=O)N[C@@H](Cc2ccc(O)cc2)C(=O)N[C@@H](Cc2c[nH]c3ccccc23)C(=O)N[C@@H](CCCNC(=N)N)C(=O)N[C@H](C(=O)N[C@@H](Cc2ccc(O)cc2)C(=O)NCC(N)=O)[C@@H](C)O)NC(=O)[C@H](CCC(=O)O)NC(=O)[C@H](Cc2c[nH]c3ccccc23)NC(=O)[C@H](CO)NC(=O)[C@H](CC(=O)O)NC1=O,*****,,,,,,,,,,,,,,,,,,True,False,True,True,30,-1
516,CC(=O)N[C@H]1CSSC[C@@H](C(=O)N[C@@H](Cc2ccc(O)cc2)C(=O)N[C@@H](Cc2cccc3ccccc23)C(=O)N[C@H](CC(N)=O)C(=O)N[C@@H](CCC(=O)O)C(=O)N[C@@H](CC(N)=O)C(=O)NCC(N)=O)NC(=O)[C@H](CCC(N)=O)NC(=O)[C@H](Cc2c[nH]c3ccccc23)NC(=O)[C@H]([C@@H](C)O)NC(=O)[C@H](CCC(N)=O)NC1=O,*****,,,,,,,,,,,,,,,,,,True,False,True,True,30,-1
147,CC(=O)N[C@@H]1C(=O)N(C)[C@@H](CCCNC(=N)N)C(=O)N[C@@H](CO)C(=O)N[C@@H](CC(=O)O)C(=O)N[C@@H]([C@@H](C)O)C(=O)N[C@@H](CC(C)C)C(=O)N[C@H](C(=O)N[C@@H](Cc2ccc(C(=O)O)cc2)C(=O)N[C@@H](CCC(=O)O)CC(=O)N(C)[C@@H](CCCCNC(=O)COCC(=O)NCCCC[C@@H](C(N)=O)N(C)C(=O)C[C@H](CCC(=O)O)NC(=O)[C@H](Cc2ccc(C(=O)O)cc2)NC(=O)[C@H]2NC(=O)[C@H](CC(C)C)NC(=O)[C@H]([C@@H](C)O)NC(=O)[C@H](CC(=O)O)NC(=O)[C@H](CO)NC(=O)[C@H](CCCNC(=N)N)N(C)C(=O)[C@@H](NC(C)=O)C(C)(C)SSC2(C)C)C(N)=O)C(C)(C)SSC1(C)C,300,,,,,,,,,,,,,,,,,,False,True,True,True,300,-1
204,CC(=O)N[C@@H]1C(=O)N(C)[C@@H](CCCNC(=N)N)C(=O)N[C@@H](CO)C(=O)N[C@@H](CC(=O)O)C(=O)N[C@@H]([C@@H](C)O)C(=O)N[C@@H](CC(C)C)C(=O)N[C@H](C(=O)N[C@@H](Cc2c[nH]c3ccccc23)C(=O)N[C@H](CCCCN)C(N)=O)C(C)(C)SSC1(C)C,360,360.0,,,,,,,,,,,,,,,,,True,False,True,True,360,360
214,CC(=O)N[C@@H]1C(=O)N(C)[C@@H](CCCNC(=N)N)C(=O)N[C@@H](CO)C(=O)N[C@@H](CC(=O)O)C(=O)N[C@@H]([C@@H](C)O)C(=O)N[C@@H](CC(C)C)C(=O)N[C@H](C(=O)N[C@@H](Cc2ccc(C(C)(C)C)cc2)C(=O)N[C@@H](CCC(=O)O)CC(=O)N[C@H](CCCCNC(=O)COCC(=O)NCCCC[C@@H](NC(=O)C[C@H](CCC(=O)O)NC(=O)[C@H](Cc2ccc(C(C)(C)C)cc2)NC(=O)[C@H]2NC(=O)[C@H](CC(C)C)NC(=O)[C@H]([C@@H](C)O)NC(=O)[C@H](CC(=O)O)NC(=O)[C@H](CO)NC(=O)[C@H](CCCNC(=N)N)N(C)C(=O)[C@@H](NC(C)=O)C(C)(C)SSC2(C)C)C(N)=O)C(N)=O)C(C)(C)SSC1(C)C,810,360.0,,,,,,,,,,,,,,,,,False,True,True,True,810,360
217,,121,360.0,,,,,,,,,,,,,,,,,True,False,False,False,121,360
29,CC(=O)N[C@@H]1C(=O)N(C)[C@@H](CCCNC(=N)N)C(=O)N[C@@H](CO)C(=O)N[C@@H](CC(=O)O)C(=O)N[C@@H]([C@@H](C)O)C(=O)N[C@@H](CC(C)C)C(=O)N[C@H](C(=O)N[C@@H](Cc2ccc3ccccc3c2)C(=O)N[C@H](CCC(=O)O)C(=O)N[C@H](CCCCNC(=O)COCC(=O)NCCCC[C@@H](NC(=O)[C@@H](CCC(=O)O)NC(=O)[C@H](Cc2ccc3ccccc3c2)NC(=O)[C@H]2NC(=O)[C@H](CC(C)C)NC(=O)[C@H]([C@@H](C)O)NC(=O)[C@H](CC(=O)O)NC(=O)[C@H](CO)NC(=O)[C@H](CCCNC(=N)N)N(C)C(=O)[C@@H](NC(C)=O)C(C)(C)SSC2(C)C)C(N)=O)C(N)=O)C(C)(C)SSC1(C)C,180,,,,,,,,,,,,,,,,,,False,True,True,True,180,-1
213,CC(=O)N[C@@H]1C(=O)N(C)[C@@H](CCCNC(=N)N)C(=O)N[C@@H](CO)C(=O)N[C@@H](CC(=O)O)C(=O)N[C@@H]([C@@H](C)O)C(=O)N[C@@H](CC(C)C)C(=O)N[C@H](C(=O)N[C@@H](Cc2c[nH]c3ccccc23)C(=O)N[C@@H](CCC(=O)O)C(=O)N[C@H](CCCCNC(=O)COCC(=O)NCCCC[C@@H](NC(=O)[C@H](CCC(=O)O)NC(=O)[C@H](Cc2c[nH]c3ccccc23)NC(=O)[C@H]2NC(=O)[C@H](CC(C)C)NC(=O)[C@H]([C@@H](C)O)NC(=O)[C@H](CC(=O)O)NC(=O)[C@H](CO)NC(=O)[C@H](CCCNC(=N)N)N(C)C(=O)[C@@H](NC(C)=O)C(C)(C)SSC2(C)C)C(N)=O)C(N)=O)C(C)(C)SSC1(C)C,180,180.0,,,,,,,,,,,,,,,,,False,True,True,True,180,180
38,CC(=O)N[C@@H]1C(=O)N(C)[C@@H](CCCNC(=N)N)C(=O)N[C@@H](CO)C(=O)N[C@@H](CC(=O)O)C(=O)N[C@@H]([C@@H](C)O)C(=O)N[C@@H](CC(C)C)C(=O)N[C@H](C(=O)N[C@@H](Cc2cccc3ccccc23)C(=O)N[C@H](CCC(=O)O)C(=O)N(C)[C@H](CCCCNC(=O)COCC(=O)NCCCC[C@H](C(N)=O)N(C)C(=O)[C@@H](CCC(=O)O)NC(=O)[C@H](Cc2cccc3ccccc23)NC(=O)[C@H]2NC(=O)[C@H](CC(C)C)NC(=O)[C@H]([C@@H](C)O)NC(=O)[C@H](CC(=O)O)NC(=O)[C@H](CO)NC(=O)[C@H](CCCNC(=N)N)N(C)C(=O)[C@@H](NC(C)=O)C(C)(C)SSC2(C)C)C(N)=O)C(C)(C)SSC1(C)C,180,,,,,,,,,,,,,,,,,,False,True,True,True,180,-1
151,CC(=O)N[C@@H]1C(=O)N(C)[C@@H](CCCNC(=N)N)C(=O)N[C@@H](CO)C(=O)N[C@@H](CC(=O)O)C(=O)N[C@@H]([C@@H](C)O)C(=O)N[C@@H](CC(C)C)C(=O)N[C@H](C(=O)N[C@@H](Cc2ccc(C(C)(C)C)cc2)C(=O)N[C@@H](CCC(=O)O)CC(=O)O)C(C)(C)SSC1(C)C,187,,,,,,,,,,,,,,,,,,True,False,True,True,187,-1
132,CC(=O)N[C@@H]1C(=O)N(C)[C@@H](CCCNC(=N)N)C(=O)N[C@@H](CO)C(=O)N[C@@H](CC(=O)O)C(=O)N[C@@H]([C@@H](C)O)C(=O)N[C@@H](CC(C)C)C(=O)N[C@H](C(=O)N[C@@H](Cc2ccc(C(C)(C)C)cc2)C(=O)N[C@@H](CCC(=O)O)CC(=O)N[C@H](CCCCNC(=O)COCC(=O)NCCCC[C@@H](NC(=O)C[C@H](CCC(=O)O)NC(=O)[C@H](Cc2ccc(C(C)(C)C)cc2)NC(=O)[C@H]2NC(=O)[C@H](CC(C)C)NC(=O)[C@H]([C@@H](C)O)NC(=O)[C@H](CC(=O)O)NC(=O)[C@H](CO)NC(=O)[C@H](CCCNC(=N)N)N(C)C(=O)[C@@H](NC(C)=O)C(C)(C)SSC2(C)C)C(N)=O)C(N)=O)C(C)(C)SSC1(C)C,642,,,,,,,,,,,,,,,,,,False,True,True,True,642,-1
200,CC(=O)N[C@H]1CSSC(C)(C)[C@@H](C(=O)N[C@@H](Cc2c[nH]c3ccccc23)C(=O)N[C@H](CCCCNC(=O)COCC(=O)NCCCC[C@@H](NC(=O)[C@H](Cc2c[nH]c3ccccc23)NC(=O)[C@H]2NC(=O)[C@H](CC(C)C)NC(=O)[C@H]([C@@H](C)O)NC(=O)[C@H](CC(=O)O)NC(=O)[C@H](CO)NC(=O)[C@H](CCCNC(=N)N)N(C)C(=O)[C@@H](NC(C)=O)CSSC2(C)C)C(N)=O)C(N)=O)NC(=O)[C@H](CC(C)C)NC(=O)[C@H]([C@@H](C)O)NC(=O)[C@H](CC(=O)O)NC(=O)[C@H](CO)NC(=O)[C@H](CCCNC(=N)N)N(C)C1=O,8,360.0,,,,,,,,,,,,,,,,,True,False,True,True,8,360
53,CC(C)C[C@@H]1NC(=O)[C@H]([C@@H](C)O)NC(=O)[C@H](CC(=O)O)NC(=O)[C@H](CO)NC(=O)[C@H](CCCNC(=N)N)N(C)C(=O)[C@@H](NC(=O)CCNC(=O)COCC(=O)NCCC(=O)N[C@@H]2C(=O)N(C)[C@@H](CCCNC(=N)N)C(=O)N[C@@H](CO)C(=O)N[C@@H](CC(=O)O)C(=O)N[C@@H]([C@@H](C)O)C(=O)N[C@@H](CC(C)C)C(=O)N[C@H](C(=O)N[C@@H](Cc3c[nH]c4ccccc34)C(=O)N[C@@H](CCC(=O)O)C(N)=O)C(C)(C)SSC2(C)C)C(C)(C)SSC(C)(C)[C@@H](C(=O)N[C@@H](Cc2c[nH]c3ccccc23)C(=O)N[C@@H](CCC(=O)O)C(N)=O)NC1=O,180,,,,,,,,,,,,,,,,,,False,True,True,True,180,-1
41,CC(=O)N[C@@H]1C(=O)N(C)[C@@H](CCCNC(=N)N)C(=O)N[C@@H](CO)C(=O)N[C@@H](CC(=O)O)C(=O)N[C@@H]([C@@H](C)O)C(=O)N[C@@H](CC(C)C)C(=O)N[C@H](C(=O)N[C@@H](Cc2ccc3ccccc3c2)C(=O)N[C@@H](CCC(=O)O)C(=O)N(C)[C@H](CCCCNC(=O)COCC(=O)NCCCC[C@H](C(N)=O)N(C)C(=O)[C@H](CCC(=O)O)NC(=O)[C@H](Cc2ccc3ccccc3c2)NC(=O)[C@H]2NC(=O)[C@H](CC(C)C)NC(=O)[C@H]([C@@H](C)O)NC(=O)[C@H](CC(=O)O)NC(=O)[C@H](CO)NC(=O)[C@H](CCCNC(=N)N)N(C)C(=O)[C@@H](NC(C)=O)C(C)(C)SSC2(C)C)C(N)=O)C(C)(C)SSC1(C)C,180,,,,,,,,,,,,,,,,,,False,True,True,True,180,-1
49,CC(=O)N[C@@H]1C(=O)N(C)[C@@H](CCCNC(=N)N)C(=O)N[C@@H](CO)C(=O)N[C@@H](CC(=O)O)C(=O)N[C@@H]([C@@H](C)O)C(=O)N[C@@H](CC(C)C)C(=O)N[C@H](C(=O)N[C@@H](Cc2ccc3ccccc3c2)C(=O)N[C@@H](CCc2ccccc2)C(=O)N[C@H](CCCCN)C(N)=O)C(C)(C)SSC1(C)C,180,,,,,,,,,,,,,,,,,,True,False,True,True,180,-1
48,CC(=O)N[C@@H]1C(=O)N(C)[C@@H](CCCNC(=N)N)C(=O)N[C@@H](CO)C(=O)N[C@@H](CC(=O)O)C(=O)N[C@@H]([C@@H](C)O)C(=O)N[C@@H](CC(C)C)C(=O)N[C@H](C(=O)N[C@@H](Cc2c[nH]c3ccccc23)C(=O)N[C@@H](CCC(=O)O)C(=O)N2CCC[C@H]2C(=O)N[C@H](CCCCN)C(N)=O)C(C)(C)SSC1(C)C,180,,,,,,,,,,,,,,,,,,True,False,True,True,180,-1
208,CC(=O)N[C@@H]1C(=O)N(C)[C@@H](CCCNC(=N)N)C(=O)N[C@@H](CO)C(=O)N[C@@H](CC(=O)O)C(=O)N[C@@H]([C@@H](C)O)C(=O)N[C@@H](CC(C)C)C(=O)N[C@H](C(=O)N[C@@H](Cc2ccc3ccccc3c2)C(=O)N[C@@H](CCC(=O)O)C(=O)N[C@H](CCCCNC(=O)COCC(=O)NCCCC[C@@H](NC(=O)[C@H](CCC(=O)O)NC(=O)[C@H](Cc2ccc3ccccc3c2)NC(=O)[C@H]2NC(=O)[C@H](CC(C)C)NC(=O)[C@H]([C@@H](C)O)NC(=O)[C@H](CC(=O)O)NC(=O)[C@H](CO)NC(=O)[C@H](CCCNC(=N)N)N(C)C(=O)[C@@H](NC(C)=O)C(C)(C)SSC2(C)C)C(N)=O)C(N)=O)C(C)(C)SSC1(C)C,360,360.0,,,,,,,,,,,,,,,,,False,True,True,True,360,360
45,CC(=O)N[C@@H]1C(=O)N(C)[C@@H](CCCNC(=N)N)C(=O)N[C@@H](CO)C(=O)N[C@@H](CC(=O)O)C(=O)N[C@@H]([C@@H](C)O)C(=O)N[C@@H](CC(C)C)C(=O)N[C@H](C(=O)N[C@@H](CCc2ccccc2)C(=O)N[C@@H](CCC(=O)O)C(=O)N[C@H](CCCCNC(=O)COCC(=O)NCCCC[C@@H](NC(=O)[C@H](CCC(=O)O)NC(=O)[C@H](CCc2ccccc2)NC(=O)[C@H]2NC(=O)[C@H](CC(C)C)NC(=O)[C@H]([C@@H](C)O)NC(=O)[C@H](CC(=O)O)NC(=O)[C@H](CO)NC(=O)[C@H](CCCNC(=N)N)N(C)C(=O)[C@@H](NC(C)=O)C(C)(C)SSC2(C)C)C(N)=O)C(N)=O)C(C)(C)SSC1(C)C,37,,,,,,,,,,,,,,,,,,False,True,True,True,37,-1
4,CC(=O)N[C@H](CCCCN)C(=O)N[C@H]1CSSC[C@@H](C(=O)N[C@@H](Cc2c[nH]c3ccccc23)C(=O)N[C@H](CCCCNC(=O)COCC(=O)NCCCC[C@@H](NC(=O)[C@H](Cc2c[nH]c3ccccc23)NC(=O)[C@@H]2CSSC[C@H](NC(=O)[C@@H](CCCCN)NC(C)=O)C(=O)N(C)[C@@H](CCCNC(=N)N)C(=O)N[C@@H](CO)C(=O)N[C@@H](CC(=O)O)C(=O)N[C@@H]([C@@H](C)O)C(=O)N[C@@H](CC(C)C)C(=O)N2)C(N)=O)C(N)=O)NC(=O)[C@H](CC(C)C)NC(=O)[C@H]([C@@H](C)O)NC(=O)[C@H](CC(=O)O)NC(=O)[C@H](CO)NC(=O)[C@H](CCCNC(=N)N)N(C)C1=O,20,,,,,,,,,,,,,,,,,,False,True,True,True,20,-1
201,CC(=O)N[C@H]1CSSC(C)(C)[C@@H](C(=O)N[C@@H](CCC(=O)O)C(=O)N[C@H](CCCCNC(=O)COCC(=O)NCCCC[C@@H](NC(=O)[C@H](CCC(=O)O)NC(=O)[C@H]2NC(=O)[C@H](CC(C)C)NC(=O)[C@H]([C@@H](C)O)NC(=O)[C@H](CC(=O)O)NC(=O)[C@H](CO)NC(=O)[C@H](CCCNC(=N)N)N(C)C(=O)[C@@H](NC(C)=O)CSSC2(C)C)C(N)=O)C(N)=O)NC(=O)[C@H](CC(C)C)NC(=O)[C@H]([C@@H](C)O)NC(=O)[C@H](CC(=O)O)NC(=O)[C@H](CO)NC(=O)[C@H](CCCNC(=N)N)N(C)C1=O,18,360.0,,,,,,,,,,,,,,,,,True,False,True,True,18,360
199,CC(=O)N[C@H]1CSSC(C)(C)[C@@H](C(=O)N[C@H](CCCCNC(=O)CN(CC(=O)NCCCC[C@@H](NC(=O)[C@H]2NC(=O)[C@H](CC(C)C)NC(=O)[C@H]([C@@H](C)O)NC(=O)[C@H](CC(=O)O)NC(=O)[C@H](CO)NC(=O)[C@H](CCCNC(=N)N)N(C)C(=O)[C@@H](NC(C)=O)CSSC2(C)C)C(N)=O)C(=O)CCN)C(N)=O)NC(=O)[C@H](CC(C)C)NC(=O)[C@H]([C@@H](C)O)NC(=O)[C@H](CC(=O)O)NC(=O)[C@H](CO)NC(=O)[C@H](CCCNC(=N)N)N(C)C1=O,27,360.0,,,,,,,,,,,,,,,,,True,False,True,True,27,360
52,CC(C)C[C@@H]1NC(=O)[C@H]([C@@H](C)O)NC(=O)[C@H](CC(=O)O)NC(=O)[C@H](CO)NC(=O)[C@H](CCCNC(=N)N)N(C)C(=O)[C@@H](NC(=O)CCN)C(C)(C)SSC(C)(C)[C@@H](C(=O)N[C@@H](Cc2c[nH]c3ccccc23)C(=O)N[C@H](CCC(=O)O)C(N)=O)NC1=O,117,,,,,,,,,,,,,,,,,,True,False,True,True,117,-1
209,CC(=O)N[C@@H]1C(=O)N(C)[C@@H](CCCNC(=N)N)C(=O)N[C@@H](CO)C(=O)N[C@@H](CC(=O)O)C(=O)N[C@@H]([C@@H](C)O)C(=O)N[C@@H](CC(C)C)C(=O)N[C@H](C(=O)N[C@@H](Cc2c[nH]c3ccccc23)C(=O)N[C@@H](CCC(=O)O)CC(=O)N[C@H](CCCCNC(=O)COCC(=O)NCCCC[C@@H](NC(=O)C[C@H](CCC(=O)O)NC(=O)[C@H](Cc2c[nH]c3ccccc23)NC(=O)[C@H]2NC(=O)[C@H](CC(C)C)NC(=O)[C@H]([C@@H](C)O)NC(=O)[C@H](CC(=O)O)NC(=O)[C@H](CO)NC(=O)[C@H](CCCNC(=N)N)N(C)C(=O)[C@@H](NC(C)=O)C(C)(C)SSC2(C)C)C(N)=O)C(N)=O)C(C)(C)SSC1(C)C,180,180.0,,,,,,,,,,,,,,,,,False,True,True,True,180,180
207,CC(=O)N[C@@H]1C(=O)N(C)[C@@H](CCCNC(=N)N)C(=O)N[C@@H](CO)C(=O)N[C@@H](CC(=O)O)C(=O)N[C@@H]([C@@H](C)O)C(=O)N[C@@H](CC(C)C)C(=O)N[C@H](C(=O)N[C@@H](Cc2c[nH]c3ccccc23)C(=O)N[C@H](CCC(=O)O)C(=O)N[C@H](CCCCNC(=O)COCC(=O)NCCCC[C@@H](NC(=O)[C@@H](CCC(=O)O)NC(=O)[C@H](Cc2c[nH]c3ccccc23)NC(=O)[C@H]2NC(=O)[C@H](CC(C)C)NC(=O)[C@H]([C@@H](C)O)NC(=O)[C@H](CC(=O)O)NC(=O)[C@H](CO)NC(=O)[C@H](CCCNC(=N)N)N(C)C(=O)[C@@H](NC(C)=O)C(C)(C)SSC2(C)C)C(N)=O)C(N)=O)C(C)(C)SSC1(C)C,20,60.0,,,,,,,,,,,,,,,,,False,True,True,True,20,60
1,CC(=O)N[C@@H]1C(=O)N(C)[C@@H](CCCNC(=N)N)C(=O)N[C@@H](CO)C(=O)N[C@@H](CC(=O)O)C(=O)N[C@@H]([C@@H](C)O)C(=O)N[C@@H](CC(C)C)C(=O)N[C@H](C(=O)N[C@@H](Cc2c[nH]c3ccccc23)C(=O)N[C@@H](CC(=O)O)CC(=O)N[C@H](CCCCNC(=O)COCC(=O)NCCCC[C@@H](NC(=O)C[C@H](CC(=O)O)NC(=O)[C@H](Cc2c[nH]c3ccccc23)NC(=O)[C@H]2NC(=O)[C@H](CC(C)C)NC(=O)[C@H]([C@@H](C)O)NC(=O)[C@H](CC(=O)O)NC(=O)[C@H](CO)NC(=O)[C@H](CCCNC(=N)N)N(C)C(=O)[C@@H](NC(C)=O)C(C)(C)SSC2(C)C)C(N)=O)C(N)=O)C(C)(C)SSC1(C)C,180,,,,,,,,,,,,,,,,,,False,True,True,True,180,-1
55,CC(=O)N[C@@H]1C(=O)N(C)[C@@H](CCCNC(=N)N)C(=O)N[C@@H](CO)C(=O)N[C@@H](CC(=O)O)C(=O)N[C@@H]([C@@H](C)O)C(=O)N[C@@H](CC(C)C)C(=O)N[C@H](C(=O)N[C@@H](Cc2c[nH]c3ccccc23)C(=O)N[C@H](CCC(=O)O)C(=O)N[C@@H](CCN)C(N)=O)C(C)(C)SSC1(C)C,180,,,,,,,,,,,,,,,,,,True,False,True,True,180,-1
130,CC(=O)N[C@@H]1C(=O)N(C)[C@@H](CCCNC(=N)N)C(=O)N[C@@H](CO)C(=O)N[C@@H](CC(=O)O)C(=O)N[C@@H]([C@@H](C)O)C(=O)N[C@@H](CC(C)C)C(=O)N[C@H](C(=O)N[C@@H](Cc2ccc(C(C)(C)C)cc2)C(=O)N[C@@H](CCC(=O)O)C(=O)N[C@H](CCCCNC(=O)COCC(=O)NCCCC[C@@H](NC(=O)[C@H](CCC(=O)O)NC(=O)[C@H](Cc2ccc(C(C)(C)C)cc2)NC(=O)[C@H]2NC(=O)[C@H](CC(C)C)NC(=O)[C@H]([C@@H](C)O)NC(=O)[C@H](CC(=O)O)NC(=O)[C@H](CO)NC(=O)[C@H](CCCNC(=N)N)N(C)C(=O)[C@@H](NC(C)=O)C(C)(C)SSC2(C)C)C(N)=O)C(N)=O)C(C)(C)SSC1(C)C,960,,,,,,,,,,,,,,,,,,False,True,True,True,960,-1
56,CC(=O)N[C@@H]1C(=O)N(C)[C@@H](CCCNC(=N)N)C(=O)N[C@@H](CO)C(=O)N[C@@H](CC(=O)O)C(=O)N[C@@H]([C@@H](C)O)C(=O)N[C@@H](CC(C)C)C(=O)N[C@H](C(=O)N[C@@H](Cc2c[nH]c3ccccc23)C(=O)N[C@@H](CCC(=O)O)C(=O)N[C@H](CCCCNC(=O)COCC(=O)NCCCC[C@@H](NC(=O)[C@H](CCC(=O)O)NC(=O)[C@H](Cc2c[nH]c3ccccc23)NC(=O)[C@H]2NC(=O)[C@H](CC(C)C)NC(=O)[C@H]([C@@H](C)O)NC(=O)[C@H](CC(=O)O)NC(=O)[C@H](CO)NC(=O)[C@H](CCCNC(=N)N)N(C)C(=O)[C@@H](NC(C)=O)C(C)(C)SSC2(C)C)C(N)=O)C(N)=O)C(C)(C)SSC1(C)C,180,,,,,,,,,,,,,,,,,,False,True,True,True,180,-1
5,CC(=O)N[C@H](CCCCNC(=O)COCC(=O)NCCCC[C@@H](NC(C)=O)C(=O)N[C@H]1CSSC[C@@H](C(=O)N[C@@H](Cc2c[nH]c3ccccc23)C(=O)N[C@H](CCCCN)C(N)=O)NC(=O)[C@H](CC(C)C)NC(=O)[C@H]([C@@H](C)O)NC(=O)[C@H](CC(=O)O)NC(=O)[C@H](CO)NC(=O)[C@H](CCCNC(=N)N)N(C)C1=O)C(=O)N[C@H]1CSSC[C@@H](C(=O)N[C@@H](Cc2c[nH]c3ccccc23)C(=O)N[C@H](CCCCN)C(N)=O)NC(=O)[C@H](CC(C)C)NC(=O)[C@H]([C@@H](C)O)NC(=O)[C@H](CC(=O)O)NC(=O)[C@H](CO)NC(=O)[C@H](CCCNC(=N)N)N(C)C1=O,6,,,,,,,,,,,,,,,,,,False,True,True,True,6,-1
152,CC(=O)N[C@@H]1C(=O)N(C)[C@@H](CCCNC(=N)N)C(=O)N[C@@H](CO)C(=O)N[C@@H](CC(=O)O)C(=O)N[C@@H]([C@@H](C)O)C(=O)N[C@@H](CC(C)C)C(=O)N[C@H](C(=O)N[C@@H](Cc2ccc(C(C)(C)C)cc2)C(=O)N[C@@H](CCC(=O)O)CC(=O)N[C@H](CCCCN)C(N)=O)C(C)(C)SSC1(C)C,147,,,,,,,,,,,,,,,,,,True,False,True,True,147,-1
131,CC(=O)N[C@@H]1C(=O)N(C)[C@@H](CCCNC(=N)N)C(=O)N[C@@H](CO)C(=O)N[C@@H](CC(=O)O)C(=O)N[C@@H]([C@@H](C)O)C(=O)N[C@@H](CC(C)C)C(=O)N[C@H](C(=O)N[C@@H](Cc2ccc(C(C)(C)C)cc2)C(=O)N[C@@H](CCC(=O)O)CC(=O)N[C@H](CCCCNC(=O)COCC(=O)NCCCC[C@@H](NC(=O)C[C@H](CCC(=O)O)NC(=O)[C@H](Cc2ccc(C(C)(C)C)cc2)NC(=O)[C@H]2NC(=O)[C@H](CC(C)C)NC(=O)[C@H]([C@@H](C)O)NC(=O)[C@H](CC(=O)O)NC(=O)[C@H](CO)NC(=O)[C@H](CCCNC(=N)N)N(C)C(=O)[C@@H](NC(C)=O)C(C)(C)SSC2(C)C)C(N)=O)C(N)=O)C(C)(C)SSC1(C)C,540,,,,,,,,,,,,,,,,,,False,True,True,True,540,-1
202,CC(=O)N[C@@H]1C(=O)N[C@@H](CCCNC(=N)N)C(=O)N[C@@H](CO)C(=O)N[C@@H](CC(=O)O)C(=O)N[C@@H]([C@@H](C)O)C(=O)N[C@@H](CC(C)C)C(=O)N[C@H](C(=O)N[C@H](CCCCN)C(N)=O)CSSC1(C)C,360,,,,,,,,,,,,,,,,,,True,False,True,True,360,-1
129,CC(=O)N[C@@H]1C(=O)N(C)[C@@H](CCCNC(=N)N)C(=O)N[C@@H](CO)C(=O)N[C@@H](CC(=O)O)C(=O)N[C@@H]([C@@H](C)O)C(=O)N[C@@H](CC(C)C)C(=O)N[C@H](C(=O)N[C@@H](Cc2ccc(C(=O)O)cc2)C(=O)N[C@@H](CCC(=O)O)CC(=O)N[C@H](CCCCNC(=O)COCC(=O)NCCCC[C@@H](NC(=O)C[C@H](CCC(=O)O)NC(=O)[C@H](Cc2ccc(C(=O)O)cc2)NC(=O)[C@H]2NC(=O)[C@H](CC(C)C)NC(=O)[C@H]([C@@H](C)O)NC(=O)[C@H](CC(=O)O)NC(=O)[C@H](CO)NC(=O)[C@H](CCCNC(=N)N)N(C)C(=O)[C@@H](NC(C)=O)C(C)(C)SSC2(C)C)C(N)=O)C(N)=O)C(C)(C)SSC1(C)C,780,,,,,,,,,,,,,,,,,,False,True,True,True,780,-1
80,CC(=O)N[C@@H]1C(=O)N(C)[C@@H](CCCNC(=N)N)C(=O)N[C@@H](CO)C(=O)N[C@@H](CC(=O)O)C(=O)N[C@@H]([C@@H](C)O)C(=O)N[C@@H](CC(C)C)C(=O)N[C@H](C(=O)N[C@@H](Cc2c[nH]c3ccccc23)C(=O)N[C@@H](CCCNC(N)=O)C(=O)N[C@H](CCCCNC(=O)COCC(=O)NCCCC[C@@H](NC(=O)[C@H](CCCNC(N)=O)NC(=O)[C@H](Cc2c[nH]c3ccccc23)NC(=O)[C@H]2NC(=O)[C@H](CC(C)C)NC(=O)[C@H]([C@@H](C)O)NC(=O)[C@H](CC(=O)O)NC(=O)[C@H](CO)NC(=O)[C@H](CCCNC(=N)N)N(C)C(=O)[C@@H](NC(C)=O)C(C)(C)SSC2(C)C)C(N)=O)C(N)=O)C(C)(C)SSC1(C)C,180,,,,,,,,,,,,,,,,,,False,True,True,True,180,-1
183,CC(=O)N[C@H]1CSSC[C@@H](C(=O)NCC(=O)N[C@@H](CCC(=O)O)C(=O)N[C@@H](CCCCN)C(=O)O)NC(=O)[C@H](CC(C)C)NC(=O)[C@H]([C@@H](C)O)NC(=O)[C@H](CC(=O)O)NC(=O)[C@H](CO)NC(=O)[C@H](CCCNC(=N)N)N(C)C1=O,466,,,,,,,,,,,,,,,,,,True,False,True,True,466,-1
218,,660,360.0,,,,,,,,,,,,,,,,,True,False,False,False,660,360
47,CC(=O)N[C@@H]1C(=O)N(C)[C@@H](CCCNC(=N)N)C(=O)N[C@H](CC(=O)O)C(=O)N[C@@H](CC(=O)O)C(=O)N[C@@H]([C@@H](C)O)C(=O)N[C@@H](CC(C)C)C(=O)N[C@H](C(=O)N[C@@H](Cc2c[nH]c3ccccc23)C(=O)N[C@@H](CCC(=O)O)C(=O)N[C@H](CCCCN)C(N)=O)C(C)(C)SSC1(C)C,180,,,,,,,,,,,,,,,,,,True,False,True,True,180,-1
23,CC(=O)N[C@@H]1C(=O)N(C)[C@@H](CCCNC(=N)N)C(=O)N[C@@H](CO)C(=O)N[C@@H](CC(=O)O)C(=O)N[C@@H]([C@@H](C)O)C(=O)N[C@@H](CC(C)C)C(=O)N[C@H](C(=O)N[C@@H](Cc2ccc3ccccc3c2)C(=O)N[C@@H](Cc2ccc(O)cc2)C(=O)N[C@H](CCCCNC(=O)COCC(=O)NCCCC[C@@H](NC(=O)[C@H](Cc2ccc(O)cc2)NC(=O)[C@H](Cc2ccc3ccccc3c2)NC(=O)[C@H]2NC(=O)[C@H](CC(C)C)NC(=O)[C@H]([C@@H](C)O)NC(=O)[C@H](CC(=O)O)NC(=O)[C@H](CO)NC(=O)[C@H](CCCNC(=N)N)N(C)C(=O)[C@@H](NC(C)=O)C(C)(C)SSC2(C)C)C(N)=O)C(N)=O)C(C)(C)SSC1(C)C,20,,,,,,,,,,,,,,,,,,False,True,True,True,20,-1
215,,360,360.0,,,,,,,,,,,,,,,,,True,False,False,False,360,360
44,CC(=O)N[C@@H]1C(=O)N(C)[C@@H](CCCNC(=N)N)C(=O)N[C@@H](CO)C(=O)N[C@@H](CC(=O)O)C(=O)N[C@@H]([C@@H](C)O)C(=O)N[C@@H](CC(C)C)C(=O)N[C@H](C(=O)N[C@@H](Cc2cccc3ccccc23)C(=O)N[C@@H](CCC(=O)O)C(=O)N(C)[C@H](CCCCNC(=O)COCC(=O)NCCCC[C@H](C(N)=O)N(C)C(=O)[C@H](CCC(=O)O)NC(=O)[C@H](Cc2cccc3ccccc23)NC(=O)[C@H]2NC(=O)[C@H](CC(C)C)NC(=O)[C@H]([C@@H](C)O)NC(=O)[C@H](CC(=O)O)NC(=O)[C@H](CO)NC(=O)[C@H](CCCNC(=N)N)N(C)C(=O)[C@@H](NC(C)=O)C(C)(C)SSC2(C)C)C(N)=O)C(C)(C)SSC1(C)C,180,,,,,,,,,,,,,,,,,,False,True,True,True,180,-1
33,CC(=O)N[C@@H]1C(=O)N(C)[C@@H](CCCNC(=N)N)C(=O)N[C@@H](CO)C(=O)N[C@@H](CC(=O)O)C(=O)N[C@@H]([C@@H](C)O)C(=O)N[C@@H](CC(C)C)C(=O)N[C@H](C(=O)N[C@@H](Cc2ccc3ccccc3c2)C(=O)N[C@H](CCC(=O)O)C(=O)N[C@H](CCCCNC(=O)COCC(=O)NCCCC[C@@H](NC(=O)[C@@H](CCC(=O)O)NC(=O)[C@H](Cc2ccc3ccccc3c2)NC(=O)[C@H]2NC(=O)[C@H](CC(C)C)NC(=O)[C@H]([C@@H](C)O)NC(=O)[C@H](CC(=O)O)NC(=O)[C@H](CO)NC(=O)[C@H](CCCNC(=N)N)N(C)C(=O)[C@@H](NC(C)=O)C(C)(C)SSC2(C)C)C(N)=O)C(N)=O)C(C)(C)SSC1(C)C,180,,,,,,,,,,,,,,,,,,False,True,True,True,180,-1
2,CC(=O)N[C@@H]1C(=O)N(C)[C@@H](CCCNC(=N)N)C(=O)N[C@@H](CO)C(=O)N[C@@H](CC(=O)O)C(=O)N[C@@H]([C@@H](C)O)C(=O)N[C@@H](CC(C)C)C(=O)N[C@H](C(=O)N[C@H](Cc2ccccc2)C(=O)N[C@H](CCC(=O)O)C(=O)N[C@H](CCCCNC(=O)COCC(=O)NCCCC[C@@H](NC(=O)[C@@H](CCC(=O)O)NC(=O)[C@@H](Cc2ccccc2)NC(=O)[C@H]2NC(=O)[C@H](CC(C)C)NC(=O)[C@H]([C@@H](C)O)NC(=O)[C@H](CC(=O)O)NC(=O)[C@H](CO)NC(=O)[C@H](CCCNC(=N)N)N(C)C(=O)[C@@H](NC(C)=O)C(C)(C)SSC2(C)C)C(N)=O)C(N)=O)C(C)(C)SSC1(C)C,180,,,,,,,,,,,,,,,,,,False,True,True,True,180,-1
210,CC(=O)N[C@@H]1C(=O)N(C)[C@@H](CCCNC(=N)N)C(=O)N[C@@H](CO)C(=O)N[C@@H](CC(=O)O)C(=O)N[C@@H]([C@@H](C)O)C(=O)N[C@@H](CC(C)C)C(=O)N[C@H](C(=O)N[C@@H](Cc2c[nH]c3ccccc23)C(=O)N[C@@H](CCC(=O)O)C(=O)N(C)[C@H](CCCCNC(=O)COCC(=O)NCCCC[C@H](C(N)=O)N(C)C(=O)[C@H](CCC(=O)O)NC(=O)[C@H](Cc2c[nH]c3ccccc23)NC(=O)[C@H]2NC(=O)[C@H](CC(C)C)NC(=O)[C@H]([C@@H](C)O)NC(=O)[C@H](CC(=O)O)NC(=O)[C@H](CO)NC(=O)[C@H](CCCNC(=N)N)N(C)C(=O)[C@@H](NC(C)=O)C(C)(C)SSC2(C)C)C(N)=O)C(C)(C)SSC1(C)C,300,,,,,,,,,,,,,,,,,,False,True,True,True,300,-1
99,CC(=O)N[C@@H]1C(=O)N(C)[C@@H](CCCNC(=N)N)C(=O)N[C@@H](CO)C(=O)N[C@@H](CC(=O)O)C(=O)N[C@@H]([C@@H](C)O)C(=O)N[C@@H](CC(C)C)C(=O)N[C@H](C(=O)N[C@@H](Cc2c[nH]c3ccccc23)C(=O)N[C@H](Cc2cnc[nH]2)C(=O)N[C@H](CCCCNC(=O)COCC(=O)NCCCC[C@@H](NC(=O)[C@@H](Cc2cnc[nH]2)NC(=O)[C@H](Cc2c[nH]c3ccccc23)NC(=O)[C@H]2NC(=O)[C@H](CC(C)C)NC(=O)[C@H]([C@@H](C)O)NC(=O)[C@H](CC(=O)O)NC(=O)[C@H](CO)NC(=O)[C@H](CCCNC(=N)N)N(C)C(=O)[C@@H](NC(C)=O)C(C)(C)SSC2(C)C)C(N)=O)C(N)=O)C(C)(C)SSC1(C)C,180,,,,,,,,,,,,,,,,,,False,True,True,True,180,-1
32,CC(=O)N[C@@H]1C(=O)N(C)[C@@H](CCCNC(=N)N)C(=O)N[C@@H](CO)C(=O)N[C@@H](CC(=O)O)C(=O)N[C@@H]([C@@H](C)O)C(=O)N[C@@H](CC(C)C)C(=O)N[C@H](C(=O)N[C@@H](Cc2cccc3ccccc23)C(=O)N[C@H](CCC(=O)O)C(=O)N[C@H](CCCCNC(=O)COCC(=O)NCCCC[C@@H](NC(=O)[C@@H](CCC(=O)O)NC(=O)[C@H](Cc2cccc3ccccc23)NC(=O)[C@H]2NC(=O)[C@H](CC(C)C)NC(=O)[C@H]([C@@H](C)O)NC(=O)[C@H](CC(=O)O)NC(=O)[C@H](CO)NC(=O)[C@H](CCCNC(=N)N)N(C)C(=O)[C@@H](NC(C)=O)C(C)(C)SSC2(C)C)C(N)=O)C(N)=O)C(C)(C)SSC1(C)C,180,,,,,,,,,,,,,,,,,,False,True,True,True,180,-1
42,CC(=O)N[C@@H]1C(=O)N(C)[C@@H](CCCNC(=N)N)C(=O)N[C@@H](CO)C(=O)N[C@@H](CC(=O)O)C(=O)N[C@@H]([C@@H](C)O)C(=O)N[C@@H](CC(C)C)C(=O)N[C@H](C(=O)N[C@@H](Cc2ccc(Cl)cc2Cl)C(=O)N[C@@H](CCC(=O)O)C(=O)N[C@H](CCCCNC(=O)COCC(=O)NCCCC[C@@H](NC(=O)[C@H](CCC(=O)O)NC(=O)[C@H](Cc2ccc(Cl)cc2Cl)NC(=O)[C@H]2NC(=O)[C@H](CC(C)C)NC(=O)[C@H]([C@@H](C)O)NC(=O)[C@H](CC(=O)O)NC(=O)[C@H](CO)NC(=O)[C@H](CCCNC(=N)N)N(C)C(=O)[C@@H](NC(C)=O)C(C)(C)SSC2(C)C)C(N)=O)C(N)=O)C(C)(C)SSC1(C)C,50,,,,,,,,,,,,,,,,,,False,True,True,True,50,-1
148,CC(=O)N[C@@H]1C(=O)N(C)[C@@H](CCCNC(=N)N)C(=O)N[C@@H](CO)C(=O)N[C@@H](CC(=O)O)C(=O)N[C@@H]([C@@H](C)O)C(=O)N[C@@H](CC(C)C)C(=O)N[C@H](C(=O)N[C@@H](Cc2ccc(C(C)(C)C)cc2)C(=O)N[C@@H](CCC(=O)O)CC(=O)N(C)[C@@H](CCCCNC(=O)COCC(=O)NCCCC[C@@H](C(N)=O)N(C)C(=O)C[C@H](CCC(=O)O)NC(=O)[C@H](Cc2ccc(C(C)(C)C)cc2)NC(=O)[C@H]2NC(=O)[C@H](CC(C)C)NC(=O)[C@H]([C@@H](C)O)NC(=O)[C@H](CC(=O)O)NC(=O)[C@H](CO)NC(=O)[C@H](CCCNC(=N)N)N(C)C(=O)[C@@H](NC(C)=O)C(C)(C)SSC2(C)C)C(N)=O)C(C)(C)SSC1(C)C,300,,,,,,,,,,,,,,,,,,False,True,True,True,300,-1
104,CC(=O)N[C@@H]1C(=O)N(C)[C@@H](CCCNC(=N)N)C(=O)N[C@@H](CO)C(=O)N[C@@H](CC(=O)O)C(=O)N[C@@H]([C@@H](C)O)C(=O)N[C@@H](CC(C)C)C(=O)N[C@H](C(=O)N[C@@H](Cc2ccc(F)cc2)C(=O)N[C@H](CCC(=O)O)C(=O)N[C@H](CCCCNC(=O)COCC(=O)NCCCC[C@@H](NC(=O)[C@@H](CCC(=O)O)NC(=O)[C@H](Cc2ccc(F)cc2)NC(=O)[C@H]2NC(=O)[C@H](CC(C)C)NC(=O)[C@H]([C@@H](C)O)NC(=O)[C@H](CC(=O)O)NC(=O)[C@H](CO)NC(=O)[C@H](CCCNC(=N)N)N(C)C(=O)[C@@H](NC(C)=O)C(C)(C)SSC2(C)C)C(N)=O)C(N)=O)C(C)(C)SSC1(C)C,35,,,,,,,,,,,,,,,,,,False,True,True,True,35,-1
182,CC(=O)N[C@H]1CSSC[C@@H](C(N)=O)NC(=O)[C@H](CC(C)C)NC(=O)[C@H]([C@@H](C)O)NC(=O)[C@H](CC(=O)O)NC(=O)[C@H](CO)NC(=O)[C@H](CCCNC(=N)N)NC1=O,180,,,,,,,,,,,,,,,,,,True,False,True,True,180,-1
196,CC(=O)N[C@H]1CSSC(C)(C)[C@@H](C(=O)N[C@H](CCCCN)C(N)=O)NC(=O)[C@H](CC(C)C)NC(=O)[C@H]([C@@H](C)O)NC(=O)[C@H](CC(=O)O)NC(=O)[C@H](CO)NC(=O)[C@H](CCCNC(=N)N)N(C)C1=O,4,,,,,,,,,,,,,,,,,,True,False,True,True,150,-1
77,CC(=O)N[C@@H]1C(=O)N(C)[C@@H](CCCNC(=N)N)C(=O)N[C@@H](CO)C(=O)N[C@@H](CC(=O)O)C(=O)N[C@@H]([C@@H](C)O)C(=O)N[C@@H](CC(C)C)C(=O)N[C@H](C(=O)N2Cc3ccccc3C[C@H]2C(=O)N[C@H](CCC(=O)O)C(=O)N[C@H](CCCCNC(=O)COCC(=O)NCCCC[C@@H](NC(=O)[C@@H](CCC(=O)O)NC(=O)[C@@H]2Cc3ccccc3CN2C(=O)[C@H]2NC(=O)[C@H](CC(C)C)NC(=O)[C@H]([C@@H](C)O)NC(=O)[C@H](CC(=O)O)NC(=O)[C@H](CO)NC(=O)[C@H](CCCNC(=N)N)N(C)C(=O)[C@@H](NC(C)=O)C(C)(C)SSC2(C)C)C(N)=O)C(N)=O)C(C)(C)SSC1(C)C,180,,,,,,,,,,,,,,,,,,False,True,True,True,180,-1
46,CC(=O)N[C@@H]1C(=O)N(C)[C@@H](CCCNC(=N)N)C(=O)N[C@@H](CO)C(=O)N[C@@H](CC(=O)O)C(=O)N[C@@H](CC(=O)O)C(=O)N[C@@H](CC(C)C)C(=O)N[C@H](C(=O)N[C@@H](Cc2c[nH]c3ccccc23)C(=O)N[C@@H](CCC(=O)O)C(=O)N[C@H](CCCCN)C(N)=O)C(C)(C)SSC1(C)C,180,,,,,,,,,,,,,,,,,,True,False,True,True,180,-1
132,CC(=O)N[C@@H]1C(=O)N(C)[C@@H](CCCNC(=N)N)C(=O)N[C@@H](CO)C(=O)N[C@@H](CC(=O)O)C(=O)N[C@@H]([C@@H](C)O)C(=O)N[C@@H](CC(C)C)C(=O)N[C@H](C(=O)N[C@@H](Cc2ccc(C(C)(C)C)cc2)C(=O)N[C@@H](CCC(=O)O)C(=O)N(C)[C@@H](CCCCNC(=O)COCC(=O)NCCCC[C@@H](C(N)=O)N(C)C(=O)[C@H](CCC(=O)O)NC(=O)[C@H](Cc2ccc(C(C)(C)C)cc2)NC(=O)[C@H]2NC(=O)[C@H](CC(C)C)NC(=O)[C@H]([C@@H](C)O)NC(=O)[C@H](CC(=O)O)NC(=O)[C@H](CO)NC(=O)[C@H](CCCNC(=N)N)N(C)C(=O)[C@@H](NC(C)=O)C(C)(C)SSC2(C)C)C(N)=O)C(C)(C)SSC1(C)C,660,,,,,,,,,,,,,,,,,,False,True,True,True,660,-1
128,CC(=O)N[C@@H]1C(=O)N(C)[C@@H](CCCNC(=N)N)C(=O)N[C@@H](CO)C(=O)N[C@@H](CC(=O)O)C(=O)N[C@@H]([C@@H](C)O)C(=O)N[C@@H](CC(C)C)C(=O)N[C@H](C(=O)N[C@@H](Cc2ccc(C(=O)O)cc2)C(=O)N[C@@H](CCC(=O)O)C(=O)N[C@H](CCCCNC(=O)COCC(=O)NCCCC[C@@H](NC(=O)[C@H](CCC(=O)O)NC(=O)[C@H](Cc2ccc(C(=O)O)cc2)NC(=O)[C@H]2NC(=O)[C@H](CC(C)C)NC(=O)[C@H]([C@@H](C)O)NC(=O)[C@H](CC(=O)O)NC(=O)[C@H](CO)NC(=O)[C@H](CCCNC(=N)N)N(C)C(=O)[C@@H](NC(C)=O)C(C)(C)SSC2(C)C)C(N)=O)C(N)=O)C(C)(C)SSC1(C)C,180,,,,,,,,,,,,,,,,,,False,True,True,True,180,-1
194,CC(=O)N[C@H]1CSSC[C@@H](C(=O)N[C@@H](CCCCNC(=O)CCOCCOCCOCCOCCOCCOCCOCCOCCOCCOCCOCCOCCOCCOCCOCCOCCOCCOCCOCCOCCOCCOCCOCCOCCOCCOCCC(=O)NCCCC[C@H](NC(=O)[C@@H]2CSSC[C@H](NC(C)=O)C(=O)N(C)[C@@H](CCCNC(=N)N)C(=O)N[C@@H](CO)C(=O)N[C@@H](CC(=O)O)C(=O)N[C@@H]([C@@H](C)O)C(=O)N[C@@H](CC(C)C)C(=O)N2)C(=O)O)C(=O)O)NC(=O)[C@H](CC(C)C)NC(=O)[C@H]([C@@H](C)O)NC(=O)[C@H](CC(=O)O)NC(=O)[C@H](CO)NC(=O)[C@H](CCCNC(=N)N)N(C)C1=O,1,,,,,,,,,,,,,,,,,,False,True,True,True,30,-1
68,CC(=O)N[C@@H]1C(=O)N(C)[C@@H](CCCNC(=N)N)C(=O)N[C@@H](CO)C(=O)N[C@@H](CC(=O)O)C(=O)N[C@@H]([C@@H](C)O)C(=O)N[C@@H](CC(C)C)C(=O)N[C@H](C(=O)N[C@@H](Cc2c[nH]c3ccccc23)C(=O)N(C)[C@@H](CCCCNC(=O)COCC(=O)NCCCC[C@@H](C(N)=O)N(C)C(=O)[C@H](Cc2c[nH]c3ccccc23)NC(=O)[C@H]2NC(=O)[C@H](CC(C)C)NC(=O)[C@H]([C@@H](C)O)NC(=O)[C@H](CC(=O)O)NC(=O)[C@H](CO)NC(=O)[C@H](CCCNC(=N)N)N(C)C(=O)[C@@H](NC(C)=O)C(C)(C)SSC2(C)C)C(N)=O)C(C)(C)SSC1(C)C,300,,,,,,,,,,,,,,,,,,False,True,True,True,300,-1
51,CC(C)C[C@@H]1NC(=O)[C@H]([C@@H](C)O)NC(=O)[C@H](CC(=O)O)NC(=O)[C@H](CO)NC(=O)[C@H](CCCNC(=N)N)N(C)C(=O)[C@@H](NC(=O)CCN)C(C)(C)SSC(C)(C)[C@@H](C(=O)N[C@@H](Cc2c[nH]c3ccccc23)C(=O)N[C@@H](CCC(=O)O)C(N)=O)NC1=O,180,,,,,,,,,,,,,,,,,,True,False,True,True,180,-1
107,CC(=O)N[C@@H]1C(=O)N(C)[C@@H](CCCNC(=N)N)C(=O)N[C@@H](CO)C(=O)N[C@@H](CC(=O)O)C(=O)N[C@@H]([C@@H](C)O)C(=O)N[C@@H](CC(C)C)C(=O)N[C@H](C(=O)N[C@@H](Cc2c[nH]c3ccccc23)C(=O)O)C(C)(C)SSC1(C)C,180,,,,,,,,,,,,,,,,,,True,False,True,True,180,-1
916,CC(=O)NCCCC[C@H](NC(=O)[C@](C)(CO)NC(=O)[C@H](Cc1ccc2ccccc2c1)NC(=O)[C@H](Cc1ccc(OCCN)cc1)NC(=O)[C@@H]1CSCC[C@H](NC(C)=O)C(=O)N[C@@H](CCC(N)=O)C(=O)N[C@@H]([C@@H](C)O)C(=O)N[C@@H](Cc2c[nH]c3ccccc23)C(=O)N[C@@H](CCC(N)=O)C(=O)N1)C(=O)N[C@@H](CC(N)=O)C(=O)NCC(N)=O,*****,***,,,,,,,,,,,,,,,,,True,False,True,False,30,150
702,COc1ccc(C[C@H](NC(=O)[C@@H]2CSCC[C@H](NC(C)=O)C(=O)N[C@@H](CCC(N)=O)C(=O)N[C@@H]([C@@H](C)O)C(=O)N[C@@H](Cc3c[nH]c4ccccc34)C(=O)N[C@@H](CCC(N)=O)C(=O)N2)C(=O)N[C@@H](Cc2ccc3ccccc3c2)C(=O)N[C@@](C)(CCCCN)C(=O)N[C@@H](CCC(=O)O)C(=O)N[C@@H](CC(N)=O)C(=O)NCC(N)=O)cc1,**,*****,,,,,,,,,,,,,,,,,True,False,True,False,270,30
563,CC(=O)NCCCC[C@H](NC(=O)[C@](C)(CCCCN)NC(=O)[C@H](Cc1c[nH]c2ccccc12)NC(=O)[C@H](Cc1ccc(O)cc1)NC(=O)[C@H]1NC(=O)[C@H](CCC(N)=O)NC(=O)[C@H](Cc2c[nH]c3ccccc23)NC(=O)[C@H]([C@@H](C)O)NC(=O)[C@H](CCC(N)=O)NC(=O)[C@@H](NC(C)=O)C(C)(C)SSC1(C)C)C(=O)N[C@@H](CC(N)=O)C(=O)NCC(N)=O,*,*,,,,,,,,,,,,,,,,,True,False,True,True,420,420
557,COc1ccc(C[C@H](NC(=O)[C@H]2NC(=O)[C@H](CCC(N)=O)NC(=O)[C@H](Cc3c[nH]c4ccccc34)NC(=O)[C@H]([C@@H](C)O)NC(=O)[C@H](CCC(N)=O)NC(=O)[C@@H](NC(C)=O)C(C)(C)SSC2(C)C)C(=O)N[C@@H](Cc2ccc3ccccc3c2)C(=O)N[C@@](C)(CCCCN)C(=O)N[C@@H](CCC(=O)O)C(=O)N[C@@H](CC(N)=O)C(=O)NCC(N)=O)cc1,**,***,,,,,,,,,,,,,,,,,True,False,True,True,270,150
857,CC(=O)N[C@H]1CCSC[C@@H](C(=O)N[C@@H](Cc2ccc(OCCN)cc2)C(=O)N[C@@H](Cc2ccc3ccccc3c2)C(=O)N[C@@](C)(CCCCN)C(=O)N[C@@H](CCCCNC(=O)c2ccccc2)C(=O)N[C@@H](CC(N)=O)C(=O)NCC(N)=O)NC(=O)[C@H](CCC(N)=O)NC(=O)[C@H](Cc2c[nH]c3ccccc23)NC(=O)[C@H]([C@@H](C)O)NC(=O)[C@H](CCC(N)=O)NC1=O,**,*,,,,,,,,,,,,,,,,,True,False,True,False,270,420
615,CC(=O)NCCOc1ccc(C[C@H](NC(=O)[C@H]2NC(=O)[C@H](CCC(N)=O)NC(=O)[C@H](Cc3c[nH]c4ccccc34)NC(=O)[C@H]([C@@H](C)O)NC(=O)[C@H](CCC(N)=O)NC(=O)[C@@H](NC(C)=O)C(C)(C)SSC2(C)C)C(=O)N[C@@H](Cc2ccc3ccccc3c2)C(=O)NC(C)(C)C(=O)N[C@@H](CCC(=O)O)C(=O)N[C@@H](CC(N)=O)C(=O)N[C@@H](CC(N)=O)C(N)=O)cc1,*,*,,,,,,,,,,,,,,,,,True,False,True,True,420,420
930,CC(=O)NCCCC[C@H](NC(=O)[C@H](CCC(C)C)NC(=O)[C@H](Cc1ccc2ccccc2c1)NC(=O)[C@H](Cc1ccc(OCCN)cc1)NC(=O)[C@@H]1CSCC[C@H](NC(C)=O)C(=O)N[C@@H](CCC(N)=O)C(=O)N[C@@H]([C@@H](C)O)C(=O)N[C@@H](Cc2c[nH]c3ccccc23)C(=O)N[C@@H](CCC(N)=O)C(=O)N1)C(=O)N[C@@H](CC(N)=O)C(=O)NCCC(N)=O,*****,ND,,,,,,,,,,,,,,,,,True,False,True,False,30,-1
979,CC(=O)N[C@H]1CCSC[C@@H](C(=O)N[C@@H](Cc2ccc(OCCN)cc2)C(=O)N[C@@H](Cc2ccc3ccccc3c2)C(=O)NC2(C(=O)N[C@@H](CCC(=O)O)C(=O)N[C@@H](CC(N)=O)C(=O)N[C@@H](CC(N)=O)C(N)=O)CCNCC2)NC(=O)[C@H](CCC(N)=O)NC(=O)[C@H](Cc2c[nH]c3ccccc23)NC(=O)[C@H]([C@@H](C)O)NC(=O)[C@H](CCC(N)=O)NC1=O,*,*,,,,,,,,,,,,,,,,,True,False,True,False,420,420
585,COc1ccc(C[C@H](NC(=O)[C@H]2NC(=O)[C@H](CCC(N)=O)NC(=O)[C@H](Cc3c[nH]c4ccccc34)NC(=O)[C@H]([C@@H](C)O)NC(=O)[C@H](CCC(N)=O)NC(=O)[C@@H](NC(=O)[C@@H]3CCC(=O)N3)C(C)(C)SSC2(C)C)C(=O)N[C@@H](Cc2ccc3ccccc3c2)C(=O)N[C@@](C)(CCCCN)C(=O)N[C@@H](CCCCNC(C)=O)C(=O)N[C@@H](CC(N)=O)C(=O)NCC(N)=O)cc1,*,**,,,,,,,,,,,,,,,,,True,False,True,True,420,270
522,COc1ccc(C[C@H](NC(=O)[C@H]2NC(=O)[C@H](CCC(N)=O)NC(=O)[C@H](Cc3c[nH]c4ccccc34)NC(=O)[C@H]([C@@H](C)O)NC(=O)[C@H](CCC(N)=O)NC(=O)[C@@H](NC(C)=O)C(C)(C)SSC2(C)C)C(=O)N[C@@H](Cc2ccc3ccccc3c2)C(=O)N[C@@](C)(CCCCNC(=O)COCC(=O)NCCCC[C@](C)(NC(=O)[C@H](Cc2ccc3ccccc3c2)NC(=O)[C@H](Cc2ccc(OC)cc2)NC(=O)[C@H]2NC(=O)[C@H](CCC(N)=O)NC(=O)[C@H](Cc3c[nH]c4ccccc34)NC(=O)[C@H]([C@@H](C)O)NC(=O)[C@H](CCC(N)=O)NC(=O)[C@@H](NC(C)=O)C(C)(C)SSC2(C)C)C(=O)N[C@@H](CCC(=O)O)C(=O)N[C@@H](CC(N)=O)C(=O)NCC(N)=O)C(=O)N[C@@H](CCC(=O)O)C(=O)N[C@@H](CC(N)=O)C(=O)NCC(N)=O)cc1,*,****,,,,,,,,,,,,,,,,,False,True,True,True,420,90
701,CC(=O)N[C@H]1CCSC(C)(C)[C@@H](C(=O)N[C@@H](Cc2ccc(O)cc2)C(=O)N[C@@H](Cc2c[nH]c3ccccc23)C(=O)N[C@@H](CCC(C)C)C(=O)N[C@@H](CCC(=O)O)C(=O)N[C@@H](CC(N)=O)C(=O)NCC(N)=O)NC(=O)[C@H](CCC(N)=O)NC(=O)[C@H](Cc2c[nH]c3ccccc23)NC(=O)[C@H]([C@@H](C)O)NC(=O)[C@H](CCC(N)=O)NC1=O,*****,,,,,,,,,,,,,,,,,,True,False,True,False,30,-1
711,COc1ccc(C[C@H](NC(=O)[C@@H]2CSCC[C@H](NC(C)=O)C(=O)N[C@@H](CCC(N)=O)C(=O)N[C@@H]([C@@H](C)O)C(=O)N[C@@H](Cc3c[nH]c4ccccc34)C(=O)N[C@@H](CCC(N)=O)C(=O)N2)C(=O)N[C@@H](Cc2cccc3ccccc23)C(=O)N[C@@](C)(CCCCN)C(=O)N[C@@H](CCCCNC(C)=O)C(=O)N[C@@H](CC(N)=O)C(=O)NCC(N)=O)cc1,*,*****,,,,,,,,,,,,,,,,,True,False,True,False,420,30
1032,COc1ccc(C[C@H](NC(=O)[C@H]2NC(=O)[C@H](CCC(N)=O)NC(=O)[C@H](Cc3c[nH]c4ccccc34)NC(=O)[C@H]([C@@H](C)O)NC(=O)[C@H](CCC(N)=O)NC(=O)[C@@H](NC(C)=O)C(C)(C)SSC2(C)C)C(=O)N[C@@H](Cc2c[nH]c3ccccc23)C(=O)N[C@@](C)(CCCCN)C(=O)N[C@@H](CCCCNC(C)=O)C(=O)N[C@@H](CC(N)=O)C(=O)NCC(N)=O)cc1,*,,,,,,,,,,,,,,,,,,True,False,True,True,420,-1
822,CCCCCCCC[C@H](NC(=O)[C@@H]1CSCC[C@H](NC(C)=O)C(=O)N[C@@H](CCC(N)=O)C(=O)N[C@@H]([C@@H](C)O)C(=O)N[C@@H](Cc2c[nH]c3ccccc23)C(=O)N[C@@H](CCC(N)=O)C(=O)N1)C(=O)N[C@@H](Cc1ccc2ccccc2c1)C(=O)N[C@@](C)(CCCCN)C(=O)N[C@@H](CCCCNC(C)=O)C(=O)N[C@@H](CC(N)=O)C(=O)NCC(N)=O,*****,,,,,,,,,,,,,,,,,,True,False,True,False,30,-1
554,CC(=O)N[C@@H]1C(=O)N[C@@H](CCC(N)=O)C(=O)N[C@@H]([C@@H](C)O)C(=O)N[C@@H](Cc2c[nH]c3ccccc23)C(=O)N[C@@H](CCC(N)=O)C(=O)N[C@H](C(=O)N[C@@H](Cc2ccc(O)cc2)C(=O)N[C@@H](Cc2c[nH]c3ccccc23)C(=O)N[C@@](C)(CC(C)C)C(=O)N[C@@H](CCC(=O)O)C(=O)N[C@@H](CC(N)=O)C(=O)NCC(N)=O)C(C)(C)SSC1(C)C,**,,,,,,,,,,,,,,,,,,True,False,True,True,270,-1
915,CC(=O)NCCCC[C@H](NC(=O)[C@@](C)(NC(=O)[C@H](Cc1ccc2ccccc2c1)NC(=O)[C@H](Cc1ccc(OCCN)cc1)NC(=O)[C@@H]1CSCC[C@H](NC(C)=O)C(=O)N[C@@H](CCC(N)=O)C(=O)N[C@@H]([C@@H](C)O)C(=O)N[C@@H](Cc2c[nH]c3ccccc23)C(=O)N[C@@H](CCC(N)=O)C(=O)N1)C(C)C)C(=O)N[C@@H](CC(N)=O)C(=O)NCC(N)=O,***,****,,,,,,,,,,,,,,,,,True,False,True,False,150,90
683,CC(=O)NCCCC[C@H](NC(=O)C1(NC(=O)[C@H](Cc2ccc3ccccc3c2)NC(=O)[C@H](Cc2ccc(C(N)=O)cc2)NC(=O)[C@H]2NC(=O)[C@H](CCC(N)=O)NC(=O)[C@H](Cc3c[nH]c4ccccc34)NC(=O)[C@H]([C@@H](C)O)NC(=O)[C@H](CC(N)=O)NC(=O)[C@@H](NC(C)=O)C(C)(C)SSC2(C)C)CCOCC1)C(=O)N[C@@H](CC(N)=O)C(=O)N[C@@H](CC(N)=O)C(N)=O,*,**,,,,,,,,,,,,,,,,,True,False,True,True,420,270
620,CC(=O)NCCCC[C@H](NC(=O)C(C)(C)NC(=O)[C@H](Cc1ccc2ccccc2c1)NC(=O)[C@H](Cc1ccc(OCCN)cc1)NC(=O)[C@H]1NC(=O)[C@H](CCC(N)=O)NC(=O)[C@H](Cc2c[nH]c3ccccc23)NC(=O)[C@H]([C@@H](C)O)NC(=O)[C@H]([C@@H](C)O)NC(=O)[C@@H](NC(C)=O)C(C)(C)SSC1(C)C)C(=O)N[C@@H](CC(N)=O)C(=O)N[C@@H](CC(N)=O)C(N)=O,*,*,,,,,,,,,,,,,,,,,True,False,True,True,420,420
1037,COc1ccc(C[C@H](NC(=O)[C@H]2NC(=O)[C@H](CCC(N)=O)NC(=O)[C@H](Cc3c[nH]c4ccccc34)NC(=O)[C@H]([C@@H](C)O)NC(=O)[C@H](CC(N)=O)NC(=O)[C@@H](NC(C)=O)C(C)(C)SSC2(C)C)C(=O)N[C@@H](Cc2ccc3ccccc3c2)C(=O)NC2(C(=O)N[C@@H](CCCCNC(C)=O)C(=O)N[C@@H](CC(N)=O)C(=O)N[C@@H](CC(N)=O)C(N)=O)CCCC2)cc1,*,**,,,,,,,,,,,,,,,,,True,False,True,True,420,270
617,CC(=O)NCCCC[C@H](NC(=O)C(C)(C)NC(=O)[C@H](Cc1ccc2ccccc2c1)NC(=O)[C@H](Cc1ccc(OCCNC(C)=O)cc1)NC(=O)[C@H]1NC(=O)[C@H](CCC(N)=O)NC(=O)[C@H](Cc2c[nH]c3ccccc23)NC(=O)[C@H]([C@@H](C)O)NC(=O)[C@H](CCC(N)=O)NC(=O)[C@@H](NC(C)=O)C(C)(C)SSC1(C)C)C(=O)N[C@@H](CC(N)=O)C(=O)N[C@@H](CCC(N)=O)C(N)=O,*,*,,,,,,,,,,,,,,,,,True,False,True,True,420,420
861,CC(=O)N[C@H]1CCSC[C@@H](C(=O)N[C@@H](Cc2ccc(OCCN)cc2)C(=O)N[C@@H](Cc2ccc3ccccc3c2)C(=O)N[C@@](C)(CCCCN)C(=O)N[C@@H](CCCCNC(=O)CC(C)C)C(=O)N[C@@H](CC(N)=O)C(=O)NCC(N)=O)NC(=O)[C@H](CCC(N)=O)NC(=O)[C@H](Cc2c[nH]c3ccccc23)NC(=O)[C@H]([C@@H](C)O)NC(=O)[C@H](CCC(N)=O)NC1=O,*,*,,,,,,,,,,,,,,,,,True,False,True,False,420,420
911,CC(=O)N[C@H]1CCSC[C@@H](C(=O)N[C@@H](Cc2ccc(OCCN)cc2)C(=O)N[C@@H](Cc2ccc3ccccc3c2)C(=O)N[C@@](C)(CCCCN)C(=O)N[C@@H](CCC(=O)O)C(=O)N[C@@H](CC(N)=O)C(=O)N[C@@H](CCC(N)=O)C(N)=O)NC(=O)[C@H](CCC(N)=O)NC(=O)[C@H](Cc2c[nH]c3ccccc23)NC(=O)[C@H]([C@@H](C)O)NC(=O)[C@H](CCC(N)=O)NC1=O,**,**,,,,,,,,,,,,,,,,,True,False,True,False,270,270
877,CC(=O)N[C@H]1CCSC[C@@H](C(=O)N[C@@H](Cc2ccc(OCCN)cc2)C(=O)N[C@@H](Cc2ccc3ccccc3c2)C(=O)NC(C)(C)C(=O)N[C@@H](CCC(N)=O)C(=O)N[C@@H](CC(N)=O)C(=O)NCC(N)=O)NC(=O)[C@H](CCC(N)=O)NC(=O)[C@H](Cc2c[nH]c3ccccc23)NC(=O)[C@H]([C@@H](C)O)NC(=O)[C@H](CCC(N)=O)NC1=O,***,**,,,,,,,,,,,,,,,,,True,False,True,False,150,270
716,COc1ccc(CC[C@H](NC(=O)[C@@H]2CSCC[C@H](NC(C)=O)C(=O)N[C@@H](CCC(N)=O)C(=O)N[C@@H]([C@@H](C)O)C(=O)N[C@@H](Cc3c[nH]c4ccccc34)C(=O)N[C@@H](CCC(N)=O)C(=O)N2)C(=O)N[C@@H](Cc2ccc3ccccc3c2)C(=O)N[C@@](C)(CCCCN)C(=O)N[C@@H](CCCCNC(C)=O)C(=O)N[C@@H](CC(N)=O)C(=O)NCC(N)=O)cc1OC,**,,,,,,,,,,,,,,,,,,True,False,True,False,270,-1
897,CC(=O)N[C@H]1CCSC[C@@H](C(=O)N[C@@H](Cc2ccc(OCCN)cc2)C(=O)N[C@@H](Cc2ccc3ccccc3c2)C(=O)N[C@@H](CCCN)C(=O)N[C@@H](CN)C(=O)N[C@@H](CC(N)=O)C(=O)NCC(N)=O)NC(=O)[C@H](CCC(N)=O)NC(=O)[C@H](Cc2c[nH]c3ccccc23)NC(=O)[C@H]([C@@H](C)O)NC(=O)[C@H](CCC(N)=O)NC1=O,*****,,,,,,,,,,,,,,,,,,True,False,True,False,30,-1
549,CC(=O)N[C@@H]1C(=O)N[C@@H](CCC(N)=O)C(=O)N[C@@H]([C@@H](C)O)C(=O)N[C@@H](Cc2c[nH]c3ccccc23)C(=O)N[C@@H](CCC(N)=O)C(=O)N[C@H](C(=O)N[C@@H](Cc2ccc(O)cc2)C(=O)N[C@@H](Cc2c[nH]c3ccccc23)C(=O)N[C@@H](CCC(C)C)C(=O)N[C@@H](CCC(=O)O)C(=O)N[C@@H](CC(N)=O)C(=O)NCC(N)=O)C(C)(C)SSC1(C)C,*****S,,,,,,,,,,,,,,,,,,True,False,True,True,30,-1
702,COc1ccc(C[C@H](NC(=O)[C@@H]2CSCC[C@H](NC(C)=O)C(=O)N[C@@H](CCC(N)=O)C(=O)N[C@@H]([C@@H](C)O)C(=O)N[C@@H](Cc3c[nH]c4ccccc34)C(=O)N[C@@H](CCC(N)=O)C(=O)N2)C(=O)N[C@@H](Cc2ccc3ccccc3c2)C(=O)N[C@@](C)(CCCCN)C(=O)N[C@@H](CCC(=O)O)C(=O)N[C@@H](CC(N)=O)C(=O)NCC(N)=O)cc1,***,*****,,,,,,,,,,,,,,,,,True,False,True,False,150,30
560,CC(=O)N[C@@H]1C(=O)N[C@@H](CCC(N)=O)C(=O)N[C@@H]([C@@H](C)O)C(=O)N[C@@H](Cc2c[nH]c3ccccc23)C(=O)N[C@@H](CCC(N)=O)C(=O)N[C@H](C(=O)N[C@@H](Cc2ccc(O)cc2)C(=O)N[C@@H](Cc2c[nH]c3ccccc23)C(=O)N[C@@](C)(CCCN)C(=O)N[C@@H](CCC(=O)O)C(=O)N[C@@H](CC(N)=O)C(=O)NCC(N)=O)C(C)(C)SSC1(C)C,**,,,,,,,,,,,,,,,,,,True,False,True,True,270,-1
1039,COc1ccc(C[C@H](NC(=O)[C@@H]2CSCC[C@H](NC(=O)[C@@H](CCCCNC(=O)COCC(=O)NCCCC[C@@H](NC(C)=O)C(=O)N[C@H]3CCSC[C@@H](C(=O)N[C@@H](Cc4ccc(OC)cc4)C(=O)N[C@@H](Cc4ccc5ccccc5c4)C(=O)N[C@@](C)(CC(C)C)C(=O)N[C@@H](CCC(=O)O)C(=O)N[C@@H](CC(N)=O)C(=O)NCC(N)=O)NC(=O)[C@H](CCC(N)=O)NC(=O)[C@H](Cc4c[nH]c5ccccc45)NC(=O)[C@H]([C@@H](C)O)NC(=O)[C@H](CCC(N)=O)NC3=O)NC(C)=O)C(=O)N[C@@H](CCC(N)=O)C(=O)N[C@@H]([C@@H](C)O)C(=O)N[C@@H](Cc3c[nH]c4ccccc34)C(=O)N[C@@H](CCC(N)=O)C(=O)N2)C(=O)N[C@@H](Cc2ccc3ccccc3c2)C(=O)N[C@@](C)(CC(C)C)C(=O)N[C@@H](CCC(=O)O)C(=O)N[C@@H](CC(N)=O)C(=O)NCC(N)=O)cc1,****,*****,,,,,,,,,,,,,,,,,False,True,True,False,90,30
876,CC(=O)NCCCC[C@H](NC(=O)C(C)(C)NC(=O)[C@H](Cc1ccc2ccccc2c1)NC(=O)[C@H](Cc1ccc(OCCN)cc1)NC(=O)[C@@H]1CSCC[C@H](NC(C)=O)C(=O)N[C@@H](CCC(N)=O)C(=O)N[C@@H]([C@@H](C)O)C(=O)N[C@@H](Cc2c[nH]c3ccccc23)C(=O)N[C@@H](CCC(N)=O)C(=O)N1)C(=O)N[C@@H](CCC(N)=O)C(=O)NCC(N)=O,***,*****,,,,,,,,,,,,,,,,,True,False,True,False,150,30
713,CC(=O)NCCCC[C@H](NC(=O)[C@](C)(CCCN)NC(=O)[C@H](Cc1c[nH]c2ccccc12)NC(=O)[C@H](Cc1ccc(O)cc1)NC(=O)[C@@H]1CSCC[C@H](NC(C)=O)C(=O)N[C@@H](CCC(N)=O)C(=O)N[C@@H]([C@@H](C)O)C(=O)N[C@@H](Cc2c[nH]c3ccccc23)C(=O)N[C@@H](CCC(N)=O)C(=O)N1)C(=O)N[C@@H](CC(N)=O)C(=O)NCC(N)=O,**,,,,,,,,,,,,,,,,,,True,False,True,False,270,-1
688,COc1ccc(C[C@H](NC(=O)[C@H]2NC(=O)[C@H](CCC(N)=O)NC(=O)[C@H](Cc3c[nH]c4ccccc34)NC(=O)[C@H]([C@@H](C)O)NC(=O)[C@H](CC(N)=O)NC(=O)[C@@H](NC(C)=O)C(C)(C)SSC2(C)C)C(=O)N[C@@H](Cc2ccc3ccccc3c2)C(=O)NC2(C(=O)N[C@@H](CCCCNC(C)=O)C(=O)N[C@@H](CC(N)=O)C(=O)N[C@@H](CC(N)=O)C(N)=O)CCOCC2)cc1,*,*,,,,,,,,,,,,,,,,,True,False,True,True,420,420
810,COc1ccc(C[C@H](NC(=O)[C@@H]2CSCC[C@H](NC(C)=O)C(=O)N[C@@H](CCC(N)=O)C(=O)N[C@@H]([C@@H](C)O)C(=O)N[C@@H](Cc3c[nH]c4ccccc34)C(=O)N[C@@H](CCC(N)=O)C(=O)N2)C(=O)N[C@@H](Cc2ccc3ccccc3c2)C(=O)NC(C)(C)C(=O)N[C@@H](CCCCNC(C)=O)C(=O)N[C@@H](CC(N)=O)C(=O)NCC(N)=O)cc1,*,,,,,,,,,,,,,,,,,,True,False,True,False,420,-1
610,CC(=O)NCCCC[C@H](NC(=O)[C@](C)(CCCCNC(C)=O)NC(=O)[C@H](Cc1ccc2ccccc2c1)NC(=O)[C@H](Cc1ccc(OCCNC(C)=O)cc1)NC(=O)[C@H]1NC(=O)[C@H](CCC(N)=O)NC(=O)[C@H](Cc2c[nH]c3ccccc23)NC(=O)[C@H]([C@@H](C)O)NC(=O)[C@H](CCC(N)=O)NC(=O)[C@@H](NC(C)=O)C(C)(C)SSC1(C)C)C(=O)N[C@@H](CC(N)=O)C(=O)N[C@@H](CC(N)=O)C(N)=O,*,*,,,,,,,,,,,,,,,,,True,False,True,True,420,420
639,CC(=O)NCCCC[C@H](NC(=O)C(C)(C)NC(=O)[C@H](Cc1ccc2ccccc2c1)NC(=O)[C@H](Cc1ccc(OCCN)cc1)NC(=O)[C@H]1NC(=O)[C@H](CCC(N)=O)NC(=O)[C@H](Cc2c[nH]c3ccccc23)NC(=O)[C@H]([C@@H](C)O)NC(=O)[C@H](CC(N)=O)NC(=O)[C@@H](NC(C)=O)C(C)(C)SSC1(C)C)C(=O)N[C@@H](CC(N)=O)C(=O)NCCC(N)=O,*,*,,,,,,,,,,,,,,,,,True,False,True,True,420,420
893,CC(=O)NCCCC[C@H](NC(=O)[C@H](CCCN)NC(=O)[C@H](Cc1ccc2ccccc2c1)NC(=O)[C@H](Cc1ccc(OCCN)cc1)NC(=O)[C@@H]1CSCC[C@H](NC(C)=O)C(=O)N[C@@H](CCC(N)=O)C(=O)N[C@@H]([C@@H](C)O)C(=O)N[C@@H](Cc2c[nH]c3ccccc23)C(=O)N[C@@H](CCC(N)=O)C(=O)N1)C(=O)N[C@@H](CC(N)=O)C(=O)NCC(N)=O,*****,,,,,,,,,,,,,,,,,,True,False,True,False,30,-1
602,CC(=O)NCCCC[C@H](NC(=O)[C@](C)(CC(C)C)NC(=O)[C@H](Cc1ccc2ccccc2c1)NC(=O)[C@H](Cc1ccc(OCCN)cc1)NC(=O)[C@H]1NC(=O)[C@H](CCC(N)=O)NC(=O)[C@H](Cc2c[nH]c3ccccc23)NC(=O)[C@H]([C@@H](C)O)NC(=O)[C@H](CCC(N)=O)NC(=O)[C@@H](NC(C)=O)C(C)(C)SSC1(C)C)C(=O)N[C@@H](CC(N)=O)C(=O)N[C@@H](CC(N)=O)C(N)=O,***,**,,,,,,,,,,,,,,,,,True,False,True,True,150,270
551,CC(=O)N[C@@H]1C(=O)N[C@@H](CCC(N)=O)C(=O)N[C@@H]([C@@H](C)O)C(=O)N[C@@H](Cc2c[nH]c3ccccc23)C(=O)N[C@@H](CCC(N)=O)C(=O)N[C@H](C(=O)N[C@@H](Cc2ccc(O)cc2)C(=O)N[C@@H](Cc2c[nH]c3ccccc23)C(=O)N[C@@H](CCC(C)C)C(=O)N[C@@H](CCC(=O)O)C(=O)N[C@@H](CC(N)=O)C(=O)NCC(N)=O)C(C)(C)SSC1(C)C,*****S,,,,,,,,,,,,,,,,,,True,False,True,True,30,-1
721,COc1ccc(C[C@H](NC(=O)[C@H]2NC(=O)[C@H](CCC(N)=O)NC(=O)[C@H](Cc3c[nH]c4ccccc34)NC(=O)[C@H]([C@@H](C)O)NC(=O)[C@H](CCC(N)=O)NC(=O)[C@@H](NC(C)=O)CCSC2(C)C)C(=O)N[C@@H](Cc2ccc3ccccc3c2)C(=O)N[C@@](C)(CCCCN)C(=O)N[C@@H](CCCCNC(C)=O)C(=O)N[C@@H](CC(N)=O)C(=O)NCC(N)=O)cc1,**,***,,,,,,,,,,,,,,,,,True,False,True,False,270,150
609,CC(=O)NCCCC[C@H](NC(=O)[C@](C)(CCCCNC(C)=O)NC(=O)[C@H](Cc1ccc2ccccc2c1)NC(=O)[C@H](Cc1ccc(OCCNC(C)=O)cc1)NC(=O)[C@H]1NC(=O)[C@H](CCC(N)=O)NC(=O)[C@H](Cc2c[nH]c3ccccc23)NC(=O)[C@H]([C@@H](C)O)NC(=O)[C@H](CCC(N)=O)NC(=O)[C@@H](NC(C)=O)C(C)(C)SSC1(C)C)C(=O)N[C@@H](CC(N)=O)C(=O)NCC(N)=O,*,*,,,,,,,,,,,,,,,,,True,False,True,True,420,420
632,CC(=O)NCCCC[C@H](NC(=O)C(C)(C)NC(=O)[C@H](Cc1ccc2ccccc2c1)NC(=O)[C@H](Cc1ccc(OCCN)cc1)NC(=O)[C@H]1NC(=O)[C@H](CCC(N)=O)NC(=O)[C@H](Cc2c[nH]c3ccccc23)NC(=O)[C@H]([C@@H](C)O)NC(=O)[C@H](CC(N)=O)NC(=O)[C@@H](NC(C)=O)C(C)(C)SSC1(C)C)C(=O)N[C@@H](CC(N)=O)C(=O)N[C@@H](CC(N)=O)C(N)=O,*,*,,,,,,,,,,,,,,,,,True,False,True,True,420,420
630,COc1ccc(C[C@H](NC(=O)[C@H]2NC(=O)[C@H](CCC(N)=O)NC(=O)[C@H](Cc3c[nH]c4ccccc34)NC(=O)[C@H]([C@@H](C)O)NC(=O)[C@H](CC(N)=O)NC(=O)[C@@H](NC(C)=O)C(C)(C)SSC2(C)C)C(=O)N[C@@H](Cc2ccc3ccccc3c2)C(=O)NC(C)(C)C(=O)N[C@@H](CCC(=O)O)C(=O)N[C@@H](CC(N)=O)C(=O)N[C@@H](CC(N)=O)C(N)=O)cc1,***,*,,,,,,,,,,,,,,,,,True,False,True,True,150,420
613,CC(=O)NCCCC[C@H](NC(=O)[C@](C)(CC(C)C)NC(=O)[C@H](Cc1ccc2ccccc2c1)NC(=O)[C@H](Cc1ccc(OCCNC(C)=O)cc1)NC(=O)[C@H]1NC(=O)[C@H](CCC(N)=O)NC(=O)[C@H](Cc2c[nH]c3ccccc23)NC(=O)[C@H]([C@@H](C)O)NC(=O)[C@H](CCC(N)=O)NC(=O)[C@@H](NC(C)=O)C(C)(C)SSC1(C)C)C(=O)N[C@@H](CC(N)=O)C(=O)N[C@@H](CC(N)=O)C(N)=O,*,*,,,,,,,,,,,,,,,,,True,False,True,True,420,420
719,CC(=O)NCCCC[C@H](NC(=O)[C@](C)(CCCCN)NC(=O)[C@H](Cc1ccc2ccccc2c1)NC(=O)[C@H](Cc1ccc(Cl)c(Cl)c1)NC(=O)[C@@H]1CSCC[C@H](NC(C)=O)C(=O)N[C@@H](CCC(N)=O)C(=O)N[C@@H]([C@@H](C)O)C(=O)N[C@@H](Cc2c[nH]c3ccccc23)C(=O)N[C@@H](CCC(N)=O)C(=O)N1)C(=O)N[C@@H](CC(N)=O)C(=O)NCC(N)=O,***,,,,,,,,,,,,,,,,,,True,False,True,False,150,-1
537,CC(=O)N[C@@H]1C(=O)N[C@@H](CC(N)=O)C(=O)N[C@@H]([C@@H](C)O)C(=O)N[C@@H](Cc2c[nH]c3ccccc23)C(=O)N[C@@H](CCC(N)=O)C(=O)N[C@H](C(=O)N[C@@H](Cc2ccc(C(N)=O)cc2)C(=O)N[C@@H](Cc2ccc3ccccc3c2)C(=O)NC2(C(=O)N[C@@H](CCCCNC(=O)COCC(=O)NCCCC[C@H](NC(=O)C3(NC(=O)[C@H](Cc4ccc5ccccc5c4)NC(=O)[C@H](Cc4ccc(C(N)=O)cc4)NC(=O)[C@H]4NC(=O)[C@H](CCC(N)=O)NC(=O)[C@H](Cc5c[nH]c6ccccc56)NC(=O)[C@H]([C@@H](C)O)NC(=O)[C@H](CC(N)=O)NC(=O)[C@@H](NC(C)=O)C(C)(C)SSC4(C)C)CCCCC3)C(=O)N[C@@H](CC(N)=O)C(=O)N[C@@H](CC(N)=O)C(N)=O)C(=O)N[C@@H](CC(N)=O)C(=O)N[C@@H](CC(N)=O)C(N)=O)CCCCC2)C(C)(C)SSC1(C)C,***,**,,,,,,,,,,,,,,,,,False,True,True,True,150,270
973,CC(=O)N[C@@H](CC(C)C)C(=O)N[C@H]1CCSC[C@@H](C(=O)N[C@@H](Cc2ccc(OCCN)cc2)C(=O)N[C@@H](Cc2ccc3ccccc3c2)C(=O)N[C@@](C)(CCCCN)C(=O)N[C@@H](CCC(=O)O)C(=O)N[C@@H](CC(N)=O)C(=O)N[C@@H](CC(N)=O)C(N)=O)NC(=O)[C@H](CCC(N)=O)NC(=O)[C@H](Cc2c[nH]c3ccccc23)NC(=O)[C@H]([C@@H](C)O)NC(=O)[C@H](CCC(N)=O)NC1=O,*,***,,,,,,,,,,,,,,,,,True,False,True,False,420,150
536,CC(=O)N[C@@H]1C(=O)N[C@@H](CC(N)=O)C(=O)N[C@@H]([C@@H](C)O)C(=O)N[C@@H](Cc2c[nH]c3ccccc23)C(=O)N[C@@H](CCC(N)=O)C(=O)N[C@H](C(=O)N[C@@H](Cc2ccc(C(N)=O)cc2)C(=O)N[C@@H](Cc2ccc3ccccc3c2)C(=O)NC2(C(=O)N[C@@H](CCCCNC(=O)COCC(=O)NCCCC[C@H](NC(=O)C3(NC(=O)[C@H](Cc4ccc5ccccc5c4)NC(=O)[C@H](Cc4ccc(C(N)=O)cc4)NC(=O)[C@H]4NC(=O)[C@H](CCC(N)=O)NC(=O)[C@H](Cc5c[nH]c6ccccc56)NC(=O)[C@H]([C@@H](C)O)NC(=O)[C@H](CC(N)=O)NC(=O)[C@@H](NC(C)=O)C(C)(C)SSC4(C)C)CCOCC3)C(=O)N[C@@H](CC(N)=O)C(=O)N[C@@H](CC(N)=O)C(N)=O)C(=O)N[C@@H](CC(N)=O)C(=O)N[C@@H](CC(N)=O)C(N)=O)CCOCC2)C(C)(C)SSC1(C)C,*,*,,,,,,,,,,,,,,,,,False,True,True,True,420,420
689,COc1ccc(C[C@H](NC(=O)[C@H]2NC(=O)[C@H](CCC(N)=O)NC(=O)[C@H](Cc3c[nH]c4ccccc34)NC(=O)[C@H]([C@@H](C)O)NC(=O)[C@H](CC(N)=O)NC(=O)[C@@H](NC(C)=O)C(C)(C)SSC2(C)C)C(=O)N[C@@H](Cc2ccc3ccccc3c2)C(=O)NC2(C(=O)N[C@@H](CCCCNC(C)=O)C(=O)N[C@@H](CC(N)=O)C(=O)N[C@@H](CC(N)=O)C(N)=O)CCCCC2)cc1,**,*,,,,,,,,,,,,,,,,,True,False,True,True,270,420
606,CC(=O)NCCCC[C@H](NC(=O)C(C)(C)NC(=O)[C@H](Cc1ccc2ccccc2c1)NC(=O)[C@H](Cc1ccc(OCCN)cc1)NC(=O)[C@H]1NC(=O)[C@H](CCC(N)=O)NC(=O)[C@H](Cc2c[nH]c3ccccc23)NC(=O)[C@H]([C@@H](C)O)NC(=O)[C@H](CCC(N)=O)NC(=O)[C@@H](NC(C)=O)C(C)(C)SSC1(C)C)C(=O)N[C@@H](CC(N)=O)C(=O)N[C@@H](CCC(N)=O)C(N)=O,*,*,,,,,,,,,,,,,,,,,True,False,True,True,420,420
638,COc1ccc(C[C@H](NC(=O)[C@H]2NC(=O)[C@H](CCC(N)=O)NC(=O)[C@H](Cc3c[nH]c4ccccc34)NC(=O)[C@H]([C@@H](C)O)NC(=O)[C@H](CC(N)=O)NC(=O)[C@@H](NC(C)=O)C(C)(C)SSC2(C)C)C(=O)N[C@@H](Cc2ccc3ccccc3c2)C(=O)NC(C)(C)C(=O)N[C@@H](CCCCNC(C)=O)C(=O)N[C@@H](CC(N)=O)C(=O)N[C@@H](CCC(N)=O)C(N)=O)cc1,*,*,,,,,,,,,,,,,,,,,True,False,True,True,420,420
975,CC(=O)N[C@H]1CCSC[C@@H](C(=O)N[C@@H](Cc2ccc(OCCN)cc2)C(=O)N[C@@H](Cc2ccc3ccccc3c2)C(=O)NC2(C(=O)N[C@@H](CCC(=O)O)C(=O)N[C@@H](CC(N)=O)C(=O)N[C@@H](CC(N)=O)C(N)=O)CC2)NC(=O)[C@H](CCC(N)=O)NC(=O)[C@H](Cc2c[nH]c3ccccc23)NC(=O)[C@H]([C@@H](C)O)NC(=O)[C@H](CCC(N)=O)NC1=O,*****,*,,,,,,,,,,,,,,,,,True,False,True,False,30,420
1035,CC(=O)NCCCC[C@H](NC(=O)C(C)(C)NC(=O)[C@H](Cc1ccc2ccccc2c1)NC(=O)[C@H](Cc1ccc(OCCN)cc1)NC(=O)[C@H]1NC(=O)[C@H](CCC(N)=O)NC(=O)[C@H](Cc2c[nH]c3ccccc23)NC(=O)[C@H]([C@@H](C)O)NC(=O)[C@H](CC(N)=O)NC(=O)[C@@H](NC(=O)[C@@H](Cc2ccccc2)NC(C)=O)C(C)(C)SSC1(C)C)C(=O)N[C@@H](CC(N)=O)C(=O)N[C@@H](CC(N)=O)C(N)=O,*,*,,,,,,,,,,,,,,,,,True,False,True,True,420,420
710,COc1ccc(C[C@H](NC(=O)[C@@H]2CSCC[C@H](NC(C)=O)C(=O)N[C@@H](CCC(N)=O)C(=O)N[C@@H]([C@@H](C)O)C(=O)N[C@@H](Cc3c[nH]c4ccccc34)C(=O)N[C@@H](CCC(N)=O)C(=O)N2)C(=O)N[C@@H](Cc2c[nH]c3ccccc23)C(=O)N[C@@](C)(CCCCN)C(=O)N[C@@H](CCC(=O)O)C(=O)N[C@@H](CC(N)=O)C(=O)NCC(N)=O)cc1,*,*****,,,,,,,,,,,,,,,,,True,False,True,False,420,30
641,CC(=O)NCCCC[C@H](NC(=O)[C@H](CCC(C)C)NC(=O)[C@H](Cc1ccc2ccccc2c1)NC(=O)[C@H](Cc1ccc(OCCN)cc1)NC(=O)[C@H]1NC(=O)[C@H](CCC(N)=O)NC(=O)[C@H](Cc2c[nH]c3ccccc23)NC(=O)[C@H]([C@@H](C)O)NC(=O)[C@H](CC(N)=O)NC(=O)[C@@H](NC(C)=O)C(C)(C)SSC1(C)C)C(=O)N[C@@H](CC(N)=O)C(=O)NCCC(N)=O,*****,*****,,,,,,,,,,,,,,,,,True,False,True,True,30,30
1029,CC(=O)N[C@H]1CSSC(C)(C)[C@@H](C(=O)N[C@@H](Cc2ccc(O)cc2)C(=O)N[C@@H](Cc2c[nH]c3ccccc23)C(=O)N[C@H](CC(N)=O)C(=O)N[C@@H](CCC(=O)O)C(=O)N[C@@H](CC(N)=O)C(=O)NCC(N)=O)NC(=O)[C@H](CCC(N)=O)NC(=O)[C@H](Cc2c[nH]c3ccccc23)NC(=O)[C@H]([C@@H](C)O)NC(=O)[C@H](CCC(N)=O)NC1=O,*****,,,,,,,,,,,,,,,,,,True,False,True,True,30,-1
669,CC(=O)NCCCC[C@H](NC(=O)[C@@](C)(NC(=O)[C@H](Cc1ccc2ccccc2c1)NC(=O)[C@H](Cc1ccc(C(N)=O)cc1)NC(=O)[C@H]1NC(=O)[C@H](CCC(N)=O)NC(=O)[C@H](Cc2c[nH]c3ccccc23)NC(=O)[C@H]([C@@H](C)O)NC(=O)[C@H](CCC(N)=O)NC(=O)[C@@H](NC(C)=O)C(C)(C)SSC1(C)C)C(C)C)C(=O)N[C@@H](CC(N)=O)C(=O)N[C@@H](CC(N)=O)C(N)=O,*,**,,,,,,,,,,,,,,,,,True,False,True,True,420,270
611,CC(=O)NCCCC[C@](C)(NC(=O)[C@H](Cc1ccc2ccccc2c1)NC(=O)[C@H](Cc1ccc(OCCNC(C)=O)cc1)NC(=O)[C@H]1NC(=O)[C@H](CCC(N)=O)NC(=O)[C@H](Cc2c[nH]c3ccccc23)NC(=O)[C@H]([C@@H](C)O)NC(=O)[C@H](CCC(N)=O)NC(=O)[C@@H](NC(C)=O)C(C)(C)SSC1(C)C)C(=O)N[C@@H](CCC(=O)O)C(=O)N[C@@H](CC(N)=O)C(=O)NCC(N)=O,**,*,,,,,,,,,,,,,,,,,True,False,True,True,270,420
631,CC(=O)N[C@@H]1C(=O)N[C@@H](CC(N)=O)C(=O)N[C@@H]([C@@H](C)O)C(=O)N[C@@H](Cc2c[nH]c3ccccc23)C(=O)N[C@@H](CCC(N)=O)C(=O)N[C@H](C(=O)N[C@@H](Cc2ccc(OCCN)cc2)C(=O)N[C@@H](Cc2ccc3ccccc3c2)C(=O)N[C@@H](CCC(C)C)C(=O)N[C@@H](CCC(=O)O)C(=O)N[C@@H](CC(N)=O)C(=O)N[C@@H](C)C(N)=O)C(C)(C)SSC1(C)C,****,*****,,,,,,,,,,,,,,,,,True,False,True,True,90,30
969,CC(=O)N[C@@H](Cc1ccccc1)C(=O)N[C@H]1CCSC[C@@H](C(=O)N[C@@H](Cc2ccc(OCCN)cc2)C(=O)N[C@@H](Cc2ccc3ccccc3c2)C(=O)N[C@@](C)(CCCCN)C(=O)N[C@@H](CCC(=O)O)C(=O)N[C@@H](CC(N)=O)C(=O)N[C@@H](CC(N)=O)C(N)=O)NC(=O)[C@H](CCC(N)=O)NC(=O)[C@H](Cc2c[nH]c3ccccc23)NC(=O)[C@H]([C@@H](C)O)NC(=O)[C@H](CCC(N)=O)NC1=O,****,***,,,,,,,,,,,,,,,,,True,False,True,False,90,150
603,CC(=O)N[C@@H]1C(=O)N[C@@H](CCC(N)=O)C(=O)N[C@@H]([C@@H](C)O)C(=O)N[C@@H](Cc2c[nH]c3ccccc23)C(=O)N[C@@H](CCC(N)=O)C(=O)N[C@H](C(=O)N[C@@H](Cc2ccc(OCCN)cc2)C(=O)N[C@@H](Cc2ccc3ccccc3c2)C(=O)N[C@@](C)(CC(C)C)C(=O)N[C@@H](CCC(N)=O)C(=O)N[C@@H](CC(N)=O)C(=O)N[C@@H](CC(N)=O)C(N)=O)C(C)(C)SSC1(C)C,*,*,,,,,,,,,,,,,,,,,True,False,True,True,420,420
692,CC(=O)N[C@H]1CCSC[C@@H](C(=O)N[C@@H](Cc2ccc(O)cc2)C(=O)N[C@@H](Cc2c[nH]c3ccccc23)C(=O)N[C@@H](CCCNC(=N)N)C(=O)N[C@@H](CCCCN)C(=O)N[C@@H](Cc2ccccc2)C(=O)NCC(=O)NCCOCC(=O)N[C@H](CCCCN)C(N)=O)NC(=O)[C@H](CCC(N)=O)NC(=O)[C@H](Cc2c[nH]c3ccccc23)NC(=O)[C@H]([C@@H](C)O)NC(=O)[C@H](CCCNC(=N)N)NC1=O,*****,,,,,,,,,,,,,,,,,,True,False,True,False,30,-1
967,CC(=O)N[C@@H](CCCNC(=N)N)C(=O)N[C@H]1CCSC[C@@H](C(=O)N[C@@H](Cc2ccc(OCCN)cc2)C(=O)N[C@@H](Cc2ccc3ccccc3c2)C(=O)N[C@@](C)(CCCCN)C(=O)N[C@@H](CCC(=O)O)C(=O)N[C@@H](CC(N)=O)C(=O)N[C@@H](CC(N)=O)C(N)=O)NC(=O)[C@H](CCC(N)=O)NC(=O)[C@H](Cc2c[nH]c3ccccc23)NC(=O)[C@H]([C@@H](C)O)NC(=O)[C@H](CCC(N)=O)NC1=O,*****,***,,,,,,,,,,,,,,,,,True,False,True,False,30,150
970,CC(=O)N[C@H](Cc1ccccc1)C(=O)N[C@H]1CCSC[C@@H](C(=O)N[C@@H](Cc2ccc(OCCN)cc2)C(=O)N[C@@H](Cc2ccc3ccccc3c2)C(=O)N[C@@](C)(CCCCN)C(=O)N[C@@H](CCC(=O)O)C(=O)N[C@@H](CC(N)=O)C(=O)N[C@@H](CC(N)=O)C(N)=O)NC(=O)[C@H](CCC(N)=O)NC(=O)[C@H](Cc2c[nH]c3ccccc23)NC(=O)[C@H]([C@@H](C)O)NC(=O)[C@H](CCC(N)=O)NC1=O,**,***,,,,,,,,,,,,,,,,,True,False,True,False,270,150
671,COc1ccc(C[C@H](NC(=O)[C@H]2NC(=O)[C@H](CCC(N)=O)NC(=O)[C@H](Cc3c[nH]c4ccccc34)NC(=O)[C@H]([C@@H](C)O)NC(=O)[C@H](CC(N)=O)NC(=O)[C@@H](NC(C)=O)C(C)(C)SSC2(C)C)C(=O)N[C@@H](Cc2ccc3ccccc3c2)C(=O)N[C@@](C)(CC(C)C)C(=O)N[C@@H](CCCCNC(C)=O)C(=O)N[C@@H](CC(N)=O)C(=O)N[C@@H](CC(N)=O)C(N)=O)cc1,*,*,,,,,,,,,,,,,,,,,True,False,True,True,420,420
820,COc1ccc(C[C@H](NC(=O)[C@@H]2CSCC[C@H](NC(C)=O)C(=O)N[C@@H](CCC(N)=O)C(=O)N[C@@H]([C@@H](C)O)C(=O)N[C@@H](Cc3c[nH]c4ccccc34)C(=O)N[C@@H](CCC(N)=O)C(=O)N2)C(=O)N[C@@H](Cc2ccc3ccccc3c2)C(=O)N[C@H](C(=O)N[C@@H](CCCCNC(C)=O)C(=O)N[C@@H](CC(N)=O)C(=O)NCC(N)=O)C2CCCCC2)cc1,*,**,,,,,,,,,,,,,,,,,True,False,True,False,420,270
790,COc1ccc(C[C@H](NC(=O)[C@@H]2CSCC[C@H](NC(C)=O)C(=O)N[C@@H](CCC(N)=O)C(=O)N[C@@H]([C@@H](C)O)C(=O)N[C@@H](Cc3c[nH]c4ccccc34)C(=O)N[C@@H](CCC(N)=O)C(=O)N2)C(=O)N[C@@H](Cc2ccc3ccccc3c2)C(=O)N[C@@](C)(CCCN)C(=O)N[C@@H](CCCCNC(C)=O)C(=O)N[C@@H](CC(N)=O)C(=O)NCC(N)=O)cc1,***,*****,,,,,,,,,,,,,,,,,True,False,True,False,150,30
565,COc1ccc(C[C@H](NC(=O)[C@H]2NC(=O)[C@H](CCC(N)=O)NC(=O)[C@H](Cc3c[nH]c4ccccc34)NC(=O)[C@H]([C@@H](C)O)NC(=O)[C@H](CCC(N)=O)NC(=O)[C@@H](NC(C)=O)C(C)(C)SSC2(C)C)C(=O)N[C@@H](Cc2ccc3ccccc3c2)C(=O)N[C@@](C)(CCCCN)C(=O)N[C@@H](CCCCNC(C)=O)C(=O)N[C@@H](CC(N)=O)C(=O)NCC(N)=O)cc1,*,*,,,,,,,,,,,,,,,,,True,False,True,True,420,420
715,CC(=O)NCCCC[C@H](NC(=O)[C@](C)(CCCCN)NC(=O)[C@H](Cc1ccc2ccccc2c1)NC(=O)[C@H](Cc1ccc(Oc2ccccc2)cc1)NC(=O)[C@@H]1CSCC[C@H](NC(C)=O)C(=O)N[C@@H](CCC(N)=O)C(=O)N[C@@H]([C@@H](C)O)C(=O)N[C@@H](Cc2c[nH]c3ccccc23)C(=O)N[C@@H](CCC(N)=O)C(=O)N1)C(=O)N[C@@H](CC(N)=O)C(=O)NCC(N)=O,*,,,,,,,,,,,,,,,,,,True,False,True,False,420,-1
797,CC(=O)NCCCC[C@H](NC(=O)[C@](C)(CCCCN)NC(=O)[C@H](Cc1ccc2ccccc2c1)NC(=O)[C@H](Cc1ccc(C(N)=O)cc1)NC(=O)[C@@H]1CSCC[C@H](NC(C)=O)C(=O)N[C@@H](CCC(N)=O)C(=O)N[C@@H]([C@@H](C)O)C(=O)N[C@@H](Cc2c[nH]c3ccccc23)C(=O)N[C@@H](CCC(N)=O)C(=O)N1)C(=O)N[C@@H](CC(N)=O)C(=O)NCC(N)=O,****,*****,,,,,,,,,,,,,,,,,True,False,True,False,90,30
823,CCCCCCCC[C@H](NC(=O)[C@H](Cc1ccc(OC)cc1)NC(=O)[C@@H]1CSCC[C@H](NC(C)=O)C(=O)N[C@@H](CCC(N)=O)C(=O)N[C@@H]([C@@H](C)O)C(=O)N[C@@H](Cc2c[nH]c3ccccc23)C(=O)N[C@@H](CCC(N)=O)C(=O)N1)C(=O)N[C@@](C)(CCCCN)C(=O)N[C@@H](CCCCNC(C)=O)C(=O)N[C@@H](CC(N)=O)C(=O)NCC(N)=O,*****,,,,,,,,,,,,,,,,,,True,False,True,False,30,-1
703,CC(=O)N[C@H]1CCSC[C@@H](C(=O)N[C@@H](Cc2ccc(O)cc2)C(=O)N[C@@H](Cc2c[nH]c3ccccc23)C(=O)N[C@@](C)(CC(C)C)C(=O)N[C@@H](CCC(=O)O)C(=O)N[C@@H](CC(N)=O)C(=O)NCC(N)=O)NC(=O)[C@H](CCC(N)=O)NC(=O)[C@H](Cc2c[nH]c3ccccc23)NC(=O)[C@H]([C@@H](C)O)NC(=O)[C@H](CCC(N)=O)NC1=O,*****,,,,,,,,,,,,,,,,,,True,False,True,False,30,-1
899,CC(=O)N[C@H]1CCSC[C@@H](C(=O)N[C@@H](Cc2ccc(OCCN)cc2)C(=O)N[C@@H](Cc2c[nH]c3ccccc23)C(=O)N[C@@H](CCC(C)C)C(=O)N[C@@H](CCC(=O)O)C(=O)N[C@@H](CC(N)=O)C(=O)NCC(N)=O)NC(=O)[C@H](CCC(N)=O)NC(=O)[C@H](Cc2c[nH]c3ccccc23)NC(=O)[C@H]([C@@H](C)O)NC(=O)[C@H](CCC(N)=O)NC1=O,*****,*****,,,,,,,,,,,,,,,,,True,False,True,False,30,30
829,CC(=O)N[C@H]1CCSC[C@@H](C(=O)N[C@@H](Cc2ccc(OCCN)cc2)C(=O)N[C@@H](Cc2ccc3ccccc3c2)C(=O)N[C@@](C)(CCCCN)C(=O)N[C@@H](CCC(=O)O)C(=O)N[C@@H](CC(N)=O)C(=O)NCC(N)=O)NC(=O)[C@H](CCC(N)=O)NC(=O)[C@H](Cc2c[nH]c3ccccc23)NC(=O)[C@H]([C@@H](C)O)NC(=O)[C@H](CCC(N)=O)NC1=O,*,*,,,,,,,,,,,,,,,,,True,False,True,False,420,420
601,CC(=O)N[C@@H]1C(=O)N[C@@H](CCC(N)=O)C(=O)N[C@@H]([C@@H](C)O)C(=O)N[C@@H](Cc2c[nH]c3ccccc23)C(=O)N[C@@H](CCC(N)=O)C(=O)N[C@H](C(=O)N[C@@H](Cc2ccc(OCCN)cc2)C(=O)N[C@@H](Cc2ccc3ccccc3c2)C(=O)N[C@@](C)(CC(C)C)C(=O)N[C@@H](CCC(=O)O)C(=O)N[C@@H](CC(N)=O)C(=O)N[C@@H](C)C(N)=O)C(C)(C)SSC1(C)C,*,*,,,,,,,,,,,,,,,,,True,False,True,True,420,420
1034,CC(=O)NCCCC[C@H](NC(=O)[C@](C)(CCCCN)NC(=O)[C@H](Cc1ccc2ccccc2c1)NC(=O)[C@H](Cc1ccc(OCCN)cc1)NC(=O)[C@H]1NC(=O)[C@H](CCC(N)=O)NC(=O)[C@H](Cc2c[nH]c3ccccc23)NC(=O)[C@H]([C@@H](C)O)NC(=O)[C@H](CCC(N)=O)NC(=O)[C@@H](NC(C)=O)C(C)(C)SSC1(C)C)C(=O)N[C@@H](CC(N)=O)C(=O)N[C@@H](CC(N)=O)C(N)=O,*,*,,,,,,,,,,,,,,,,,True,False,True,True,420,420
794,CC(=O)NCCCC[C@H](NC(=O)[C@](C)(CCCCN)NC(=O)[C@H](Cc1ccc2ccccc2c1)NC(=O)[C@H](Cc1ccc2ccccc2c1)NC(=O)[C@@H]1CSCC[C@H](NC(C)=O)C(=O)N[C@@H](CCC(N)=O)C(=O)N[C@@H]([C@@H](C)O)C(=O)N[C@@H](Cc2c[nH]c3ccccc23)C(=O)N[C@@H](CCC(N)=O)C(=O)N1)C(=O)N[C@@H](CC(N)=O)C(=O)NCC(N)=O,**,ND,,,,,,,,,,,,,,,,,True,False,True,False,270,-1
880,CC(=O)NCCCC[C@H](NC(=O)C(C)(C)NC(=O)[C@H](Cc1ccc2ccccc2c1)NC(=O)[C@H](Cc1ccc(OCCN)cc1)NC(=O)[C@@H]1CSCC[C@H](NC(C)=O)C(=O)N[C@@H](CCC(N)=O)C(=O)N[C@@H]([C@@H](C)O)C(=O)N[C@@H](Cc2c[nH]c3ccccc23)C(=O)N[C@@H](CCC(N)=O)C(=O)N1)C(=O)N[C@@H](CC(N)=O)C(=O)N[C@@H](C)C(N)=O,****,*****,,,,,,,,,,,,,,,,,True,False,True,False,90,30
1036,CC(=O)NCCCC[C@H](NC(=O)C1(NC(=O)[C@H](Cc2ccc3ccccc3c2)NC(=O)[C@H](Cc2ccc(C(N)=O)cc2)NC(=O)[C@H]2NC(=O)[C@H](CCC(N)=O)NC(=O)[C@H](Cc3c[nH]c4ccccc34)NC(=O)[C@H]([C@@H](C)O)NC(=O)[C@H](CC(N)=O)NC(=O)[C@@H](NC(C)=O)C(C)(C)SSC2(C)C)CCCC1)C(=O)N[C@@H](CC(N)=O)C(=O)N[C@@H](CC(N)=O)C(N)=O,*,*,,,,,,,,,,,,,,,,,True,False,True,True,420,420
566,COc1ccc(C[C@H](NC(=O)[C@H]2NC(=O)[C@H](CCC(N)=O)NC(=O)[C@H](Cc3c[nH]c4ccccc34)NC(=O)[C@H]([C@@H](C)O)NC(=O)[C@H](CCC(N)=O)NC(=O)[C@@H](NC(C)=O)C(C)(C)SSC2(C)C)C(=O)N[C@@H](Cc2cccc3ccccc23)C(=O)N[C@@](C)(CCCCN)C(=O)N[C@@H](CCCCNC(C)=O)C(=O)N[C@@H](CC(N)=O)C(=O)NCC(N)=O)cc1,*,,,,,,,,,,,,,,,,,,True,False,True,True,420,-1
552,CC(=O)N[C@@H]1C(=O)N[C@@H](CCC(N)=O)C(=O)N[C@@H]([C@@H](C)O)C(=O)N[C@@H](Cc2c[nH]c3ccccc23)C(=O)N[C@@H](CCC(N)=O)C(=O)N[C@H](C(=O)N[C@@H](Cc2ccc(O)cc2)C(=O)N[C@@H](Cc2c[nH]c3ccccc23)C(=O)N(C)[C@@H](CCCNC(=N)N)C(=O)N[C@@H](CCC(=O)O)C(=O)N[C@@H](CC(N)=O)C(=O)NCC(N)=O)C(C)(C)SSC1(C)C,***,,,,,,,,,,,,,,,,,,True,False,True,True,150,-1
682,CC(=O)NCCCC[C@H](NC(=O)C(C)(C)NC(=O)[C@H](Cc1ccc2ccccc2c1)NC(=O)[C@H](Cc1ccc(C(N)=O)cc1)NC(=O)[C@H]1NC(=O)[C@H](CCC(N)=O)NC(=O)[C@H](Cc2c[nH]c3ccccc23)NC(=O)[C@H]([C@@H](C)O)NC(=O)[C@H](CC(N)=O)NC(=O)[C@@H](NC(C)=O)C(C)(C)SSC1(C)C)C(=O)N[C@@H](CC(N)=O)C(=O)N[C@@H](CC(N)=O)C(N)=O,****,**,,,,,,,,,,,,,,,,,True,False,True,True,90,270
978,CC(=O)N[C@H]1CCSC[C@@H](C(=O)N[C@@H](Cc2ccc(OCCN)cc2)C(=O)N[C@@H](Cc2ccc3ccccc3c2)C(=O)NC2(C(=O)N[C@@H](CCC(=O)O)C(=O)N[C@@H](CC(N)=O)C(=O)N[C@@H](CC(N)=O)C(N)=O)CCCC2)NC(=O)[C@H](CCC(N)=O)NC(=O)[C@H](Cc2c[nH]c3ccccc23)NC(=O)[C@H]([C@@H](C)O)NC(=O)[C@H](CCC(N)=O)NC1=O,***,*,,,,,,,,,,,,,,,,,True,False,True,False,150,420
604,CC(=O)N[C@@H]1C(=O)N[C@@H](CCC(N)=O)C(=O)N[C@@H]([C@@H](C)O)C(=O)N[C@@H](Cc2c[nH]c3ccccc23)C(=O)N[C@@H](CCC(N)=O)C(=O)N[C@H](C(=O)N[C@@H](Cc2ccc(OCCN)cc2)C(=O)N[C@@H](Cc2ccc3ccccc3c2)C(=O)NC(C)(C)C(=O)N[C@@H](CCC(=O)O)C(=O)N[C@@H](CC(N)=O)C(=O)N[C@@H](CC(N)=O)C(N)=O)C(C)(C)SSC1(C)C,*,*,,,,,,,,,,,,,,,,,True,False,True,True,420,420
902,CC(=O)NCCCC[C@H](NC(=O)[C@](C)(CCCCN)NC(=O)[C@H](Cc1ccc2ccccc2c1)NC(=O)[C@H](Cc1ccc(OCCN)cc1)NC(=O)[C@@H]1CSCC[C@H](NC(=O)CCC(=O)O)C(=O)N[C@@H](CCC(N)=O)C(=O)N[C@@H]([C@@H](C)O)C(=O)N[C@@H](Cc2c[nH]c3ccccc23)C(=O)N[C@@H](CCC(N)=O)C(=O)N1)C(=O)N[C@@H](CC(N)=O)C(=O)NCC(N)=O,*,**,,,,,,,,,,,,,,,,,True,False,True,False,420,270
607,CC(=O)NCCCC[C@](C)(NC(=O)[C@H](Cc1ccc2ccccc2c1)NC(=O)[C@H](Cc1ccc(OCCNC(C)=O)cc1)NC(=O)[C@H]1NC(=O)[C@H](CCC(N)=O)NC(=O)[C@H](Cc2c[nH]c3ccccc23)NC(=O)[C@H]([C@@H](C)O)NC(=O)[C@H](CNC(C)=O)NC(=O)[C@@H](NC(C)=O)C(C)(C)SSC1(C)C)C(=O)N[C@@H](CCC(=O)O)C(=O)N[C@@H](CC(N)=O)C(=O)NCC(N)=O,*,*,,,,,,,,,,,,,,,,,True,False,True,True,420,420
820,COc1ccc(C[C@H](NC(=O)[C@@H]2CSCC[C@H](NC(C)=O)C(=O)N[C@@H](CCC(N)=O)C(=O)N[C@@H]([C@@H](C)O)C(=O)N[C@@H](Cc3c[nH]c4ccccc34)C(=O)N[C@@H](CCC(N)=O)C(=O)N2)C(=O)N[C@@H](Cc2ccc3ccccc3c2)C(=O)N[C@H](C(=O)N[C@@H](CCCCNC(C)=O)C(=O)N[C@@H](CC(N)=O)C(=O)NCC(N)=O)C2CCCCC2)cc1,***,,,,,,,,,,,,,,,,,,True,False,True,False,150,-1
637,COc1ccc(C[C@H](NC(=O)[C@H]2NC(=O)[C@H](CCC(N)=O)NC(=O)[C@H](Cc3c[nH]c4ccccc34)NC(=O)[C@H]([C@@H](C)O)NC(=O)[C@H](CC(N)=O)NC(=O)[C@@H](NC(C)=O)C(C)(C)SSC2(C)C)C(=O)N[C@@H](Cc2ccc3ccccc3c2)C(=O)NC(C)(C)C(=O)N[C@@H](CCCCNC(C)=O)C(=O)N[C@@H](CC(N)=O)C(=O)N[C@@H](CC(N)=O)C(N)=O)cc1,*,*,,,,,,,,,,,,,,,,,True,False,True,True,420,420
912,CC(=O)N[C@H]1CCSC[C@@H](C(=O)N[C@@H](Cc2ccc(OCCN)cc2)C(=O)N[C@@H](Cc2ccc3ccccc3c2)C(=O)N[C@@](C)(CCCCN)C(=O)N[C@@H](CCC(=O)O)C(=O)N[C@@H](CC(N)=O)C(=O)N[C@@H](CC(N)=O)C(N)=O)NC(=O)[C@H](CCC(N)=O)NC(=O)[C@H](Cc2c[nH]c3ccccc23)NC(=O)[C@H]([C@@H](C)O)NC(=O)[C@H](CCC(N)=O)NC1=O,**,**,,,,,,,,,,,,,,,,,True,False,True,False,270,270
966,CC(=O)N[C@H](CCC(=O)O)C(=O)N[C@H]1CCSC[C@@H](C(=O)N[C@@H](Cc2ccc(OCCN)cc2)C(=O)N[C@@H](Cc2ccc3ccccc3c2)C(=O)N[C@@](C)(CCCCN)C(=O)N[C@@H](CCC(=O)O)C(=O)N[C@@H](CC(N)=O)C(=O)N[C@@H](CC(N)=O)C(N)=O)NC(=O)[C@H](CCC(N)=O)NC(=O)[C@H](Cc2c[nH]c3ccccc23)NC(=O)[C@H]([C@@H](C)O)NC(=O)[C@H](CCC(N)=O)NC1=O,*,****,,,,,,,,,,,,,,,,,True,False,True,False,420,90
618,COc1ccc(C[C@H](NC(=O)[C@H]2NC(=O)[C@H](CCC(N)=O)NC(=O)[C@H](Cc3c[nH]c4ccccc34)NC(=O)[C@H]([C@@H](C)O)NC(=O)[C@H](CCC(N)=O)NC(=O)[C@@H](NC(C)=O)C(C)(C)SSC2(C)C)C(=O)N[C@@H](Cc2ccc3ccccc3c2)C(=O)NC(C)(C)C(=O)N[C@@H](CCC(=O)O)C(=O)N[C@@H](CC(N)=O)C(=O)N[C@@H](CC(N)=O)C(N)=O)cc1,***,*,,,,,,,,,,,,,,,,,True,False,True,True,150,420
782,CC(=O)N[C@H]1CCSC[C@@H](C(=O)N[C@@H](Cc2ccc(OCCN)cc2)C(=O)N[C@@H](Cc2c[nH]c3ccccc23)C(=O)N[C@@](C)(CCCCN)C(=O)N[C@@H](CCC(=O)O)C(=O)N[C@@H](CC(N)=O)C(=O)NCC(N)=O)NC(=O)[C@H](CCC(N)=O)NC(=O)[C@H](Cc2c[nH]c3ccccc23)NC(=O)[C@H]([C@@H](C)O)NC(=O)[C@H](CCC(N)=O)NC1=O,*,***,,,,,,,,,,,,,,,,,True,False,True,False,420,150
898,CC(=O)NC[C@H](NC(=O)[C@H](CCCN)NC(=O)[C@H](Cc1ccc2ccccc2c1)NC(=O)[C@H](Cc1ccc(OCCN)cc1)NC(=O)[C@@H]1CSCC[C@H](NC(C)=O)C(=O)N[C@@H](CCC(N)=O)C(=O)N[C@@H]([C@@H](C)O)C(=O)N[C@@H](Cc2c[nH]c3ccccc23)C(=O)N[C@@H](CCC(N)=O)C(=O)N1)C(=O)N[C@@H](CC(N)=O)C(=O)NCC(N)=O,*****,,,,,,,,,,,,,,,,,,True,False,True,False,30,-1
914,CC[C@](C)(NC(=O)[C@H](Cc1ccc2ccccc2c1)NC(=O)[C@H](Cc1ccc(OCCN)cc1)NC(=O)[C@@H]1CSCC[C@H](NC(C)=O)C(=O)N[C@@H](CCC(N)=O)C(=O)N[C@@H]([C@@H](C)O)C(=O)N[C@@H](Cc2c[nH]c3ccccc23)C(=O)N[C@@H](CCC(N)=O)C(=O)N1)C(=O)N[C@@H](CCCCNC(C)=O)C(=O)N[C@@H](CC(N)=O)C(=O)NCC(N)=O,****,*****,,,,,,,,,,,,,,,,,True,False,True,False,90,30
895,CC(=O)N[C@H]1CCSC[C@@H](C(=O)N[C@@H](Cc2ccc(OCCN)cc2)C(=O)N[C@@H](Cc2c[nH]c3ccccc23)C(=O)N[C@@H](CCCN)C(=O)N[C@@H](CN)C(=O)N[C@@H](CC(N)=O)C(=O)NCC(N)=O)NC(=O)[C@H](CCC(N)=O)NC(=O)[C@H](Cc2c[nH]c3ccccc23)NC(=O)[C@H]([C@@H](C)O)NC(=O)[C@H](CCC(N)=O)NC1=O,*****,,,,,,,,,,,,,,,,,,True,False,True,False,30,-1
706,COc1ccc(C[C@H](NC(=O)[C@@H]2CSCC[C@H](NC(C)=O)C(=O)N[C@@H](CCC(N)=O)C(=O)N[C@@H]([C@@H](C)O)C(=O)N[C@@H](Cc3c[nH]c4ccccc34)C(=O)N[C@@H](CCC(N)=O)C(=O)N2)C(=O)N[C@@H](Cc2ccc3ccccc3c2)C(=O)N[C@@](C)(CCCN)C(=O)N[C@@H](CCC(=O)O)C(=O)N[C@@H](CC(N)=O)C(=O)NCC(N)=O)cc1,***,*****,,,,,,,,,,,,,,,,,True,False,True,False,150,30
900,CC(=O)NCCCC[C@H](NC(=O)[C@](C)(CCCCNC(C)=O)NC(=O)[C@H](Cc1ccc2ccccc2c1)NC(=O)[C@H](Cc1ccc(OCCNC(C)=O)cc1)NC(=O)[C@@H]1CSCC[C@H](NC(C)=O)C(=O)N[C@@H](CCC(N)=O)C(=O)N[C@@H]([C@@H](C)O)C(=O)N[C@@H](Cc2c[nH]c3ccccc23)C(=O)N[C@@H](CCC(N)=O)C(=O)N1)C(=O)N[C@@H](CC(N)=O)C(=O)NCC(N)=O,**,*****,,,,,,,,,,,,,,,,,True,False,True,False,270,30
559,CC(=O)N[C@@H]1C(=O)N[C@@H](CCC(N)=O)C(=O)N[C@@H]([C@@H](C)O)C(=O)N[C@@H](Cc2c[nH]c3ccccc23)C(=O)N[C@@H](CCC(N)=O)C(=O)N[C@H](C(=O)N[C@@H](Cc2ccc(O)cc2)C(=O)N[C@@H](Cc2ccc3ccccc3c2)C(=O)N[C@@](C)(CCCN)C(=O)N[C@@H](CCC(=O)O)C(=O)N[C@@H](CC(N)=O)C(=O)NCC(N)=O)C(C)(C)SSC1(C)C,**,,,,,,,,,,,,,,,,,,True,False,True,True,270,-1
1030,CC(=O)N[C@@H]1C(=O)N[C@@H](CCC(N)=O)C(=O)N[C@@H]([C@@H](C)O)C(=O)N[C@@H](Cc2c[nH]c3ccccc23)C(=O)N[C@@H](CCC(N)=O)C(=O)N[C@H](C(=O)N[C@@H](Cc2ccc(O)cc2)C(=O)N[C@@H](Cc2c[nH]c3ccccc23)C(=O)N(C)[C@@H](CCCNC(=N)N)C(=O)N[C@@H](CCC(=O)O)C(=O)N[C@@H](CC(N)=O)C(=O)NCC(N)=O)C(C)(C)SSC1(C)C,****S,,,,,,,,,,,,,,,,,,True,False,True,True,90,-1
614,CC(=O)NCCOc1ccc(C[C@H](NC(=O)[C@H]2NC(=O)[C@H](CCC(N)=O)NC(=O)[C@H](Cc3c[nH]c4ccccc34)NC(=O)[C@H]([C@@H](C)O)NC(=O)[C@H](CCC(N)=O)NC(=O)[C@@H](NC(C)=O)C(C)(C)SSC2(C)C)C(=O)N[C@@H](Cc2ccc3ccccc3c2)C(=O)N[C@@](C)(CC(C)C)C(=O)N[C@@H](CCC(N)=O)C(=O)N[C@@H](CC(N)=O)C(=O)N[C@@H](CC(N)=O)C(N)=O)cc1,*,*,,,,,,,,,,,,,,,,,True,False,True,True,420,420
558,CC(=O)N[C@@H]1C(=O)N[C@@H](CCC(N)=O)C(=O)N[C@@H]([C@@H](C)O)C(=O)N[C@@H](Cc2c[nH]c3ccccc23)C(=O)N[C@@H](CCC(N)=O)C(=O)N[C@H](C(=O)N[C@@H](Cc2ccc3ccccc3c2)C(=O)N[C@@H](Cc2ccc3ccccc3c2)C(=O)N[C@@](C)(CCCCN)C(=O)N[C@@H](CCC(=O)O)C(=O)N[C@@H](CC(N)=O)C(=O)NCC(N)=O)C(C)(C)SSC1(C)C,**,,,,,,,,,,,,,,,,,,True,False,True,True,270,-1
1040,CC(=O)N[C@H]1CCSC[C@@H](C(=O)N[C@@H](Cc2ccc(OCc3ccccc3)cc2)C(=O)N[C@@H](Cc2c[nH]c3ccccc23)C(=O)N[C@@](C)(CCCCNC(=O)CCOCCOCCOCCOCCOCCOCCOCCOCCOCCOCCOCCOCCOCCOCCOCCOCCOCCOCCOCCOCCOCCOCCOCCOCCOCCOCCC(=O)NCCCC[C@](C)(NC(=O)[C@H](Cc2c[nH]c3ccccc23)NC(=O)[C@H](Cc2ccc(OCc3ccccc3)cc2)NC(=O)[C@@H]2CSCC[C@H](NC(C)=O)C(=O)N[C@@H](CCC(N)=O)C(=O)N[C@@H]([C@@H](C)O)C(=O)N[C@@H](Cc3c[nH]c4ccccc34)C(=O)N[C@@H](CCC(N)=O)C(=O)N2)C(=O)N[C@@H](CCC(=O)O)C(=O)N[C@@H](CC(N)=O)C(=O)NCC(N)=O)C(=O)N[C@@H](CCC(=O)O)C(=O)N[C@@H](CC(N)=O)C(=O)NCC(N)=O)NC(=O)[C@H](CCC(N)=O)NC(=O)[C@H](Cc2c[nH]c3ccccc23)NC(=O)[C@H]([C@@H](C)O)NC(=O)[C@H](CCC(N)=O)NC1=O,**,*****,,,,,,,,,,,,,,,,,False,True,True,False,270,30
976,CC(=O)N[C@H]1CCSC[C@@H](C(=O)N[C@@H](Cc2ccc(OCCN)cc2)C(=O)N[C@@H](Cc2ccc3ccccc3c2)C(=O)NC2(C(=O)N[C@@H](CCC(=O)O)C(=O)N[C@@H](CC(N)=O)C(=O)N[C@@H](CC(N)=O)C(N)=O)CCC2)NC(=O)[C@H](CCC(N)=O)NC(=O)[C@H](Cc2c[nH]c3ccccc23)NC(=O)[C@H]([C@@H](C)O)NC(=O)[C@H](CCC(N)=O)NC1=O,*****,****,,,,,,,,,,,,,,,,,True,False,True,False,30,90
640,COc1ccc(C[C@H](NC(=O)[C@H]2NC(=O)[C@H](CCC(N)=O)NC(=O)[C@H](Cc3c[nH]c4ccccc34)NC(=O)[C@H]([C@@H](C)O)NC(=O)[C@H](CC(N)=O)NC(=O)[C@@H](NC(C)=O)C(C)(C)SSC2(C)C)C(=O)N[C@@H](Cc2ccc3ccccc3c2)C(=O)N[C@@H](CCC(C)C)C(=O)N[C@@H](CCCCNC(C)=O)C(=O)N[C@@H](CC(N)=O)C(=O)NCCC(N)=O)cc1,*****,*****,,,,,,,,,,,,,,,,,True,False,True,True,30,30
892,CC(=O)NCCCC[C@H](NC(=O)[C@](C)(CCCCN)NC(=O)[C@H](Cc1ccc2ccccc2c1)NC(=O)[C@H](Cc1ccc(OCCN)cc1)NC(=O)[C@@H]1CSCC[C@H](NC(C)=O)C(=O)N[C@@H](CCC(N)=O)C(=O)N[C@@H]([C@@H](C)O)C(=O)N[C@@H](Cc2c[nH]c3ccccc23)C(=O)N[C@@H](CCC(N)=O)C(=O)N1)C(=O)N[C@@H](CC(N)=O)C(=O)NCC(N)=O,*,*,,,,,,,,,,,,,,,,,True,False,True,False,420,420
676,CC(=O)NCCCC[C@H](NC(=O)C(C)(C)NC(=O)[C@H](Cc1ccc2ccccc2c1)NC(=O)[C@H](Cc1ccc(OCCN)cc1)NC(=O)[C@H]1NC(=O)[C@H](CCC(N)=O)NC(=O)[C@H](Cc2c[nH]c3ccccc23)NC(=O)[C@H]([C@@H](C)O)NC(=O)[C@H](CC(N)=O)NC(=O)[C@@H](NC(=O)[C@@H](Cc2ccccc2)NC(C)=O)C(C)(C)SSC1(C)C)C(=O)N[C@@H](CC(N)=O)C(=O)NCCC(N)=O,*,**,,,,,,,,,,,,,,,,,True,False,True,True,420,270
1033,,*,**,,,,,,,,,,,,,,,,,True,False,False,False,420,270
891,CC(=O)NCCCC[C@H](NC(=O)[C@](C)(CCCN)NC(=O)[C@H](Cc1ccc2ccccc2c1)NC(=O)[C@H](Cc1ccc(OCCN)cc1)NC(=O)[C@@H]1CSCC[C@H](NC(C)=O)C(=O)N[C@@H](CCC(N)=O)C(=O)N[C@@H]([C@@H](C)O)C(=O)N[C@@H](Cc2c[nH]c3ccccc23)C(=O)N[C@@H](CCC(N)=O)C(=O)N1)C(=O)N[C@@H](CC(N)=O)C(=O)NCC(N)=O,**,**,,,,,,,,,,,,,,,,,True,False,True,False,270,270
1042,CC(=O)N[C@H](CCC(N)=O)C(=O)N[C@H]1CCSC[C@@H](C(=O)N[C@@H](Cc2ccc(OCCN)cc2)C(=O)N[C@@H](Cc2ccc3ccccc3c2)C(=O)N[C@@](C)(CCCCN)C(=O)N[C@@H](CCC(=O)O)C(=O)N[C@@H](CC(N)=O)C(=O)N[C@@H](CC(N)=O)C(N)=O)NC(=O)[C@H](CCC(N)=O)NC(=O)[C@H](Cc2c[nH]c3ccccc23)NC(=O)[C@H]([C@@H](C)O)NC(=O)[C@H](CCC(N)=O)NC1=O,*,***,,,,,,,,,,,,,,,,,True,False,True,False,420,150
616,CC(=O)NCCCC[C@H](NC(=O)C(C)(C)NC(=O)[C@H](Cc1ccc2ccccc2c1)NC(=O)[C@H](Cc1ccc(OCCNC(C)=O)cc1)NC(=O)[C@H]1NC(=O)[C@H](CCC(N)=O)NC(=O)[C@H](Cc2c[nH]c3ccccc23)NC(=O)[C@H]([C@@H](C)O)NC(=O)[C@H](CCC(N)=O)NC(=O)[C@@H](NC(C)=O)C(C)(C)SSC1(C)C)C(=O)N[C@@H](CC(N)=O)C(=O)N[C@@H](CC(N)=O)C(N)=O,*,*,,,,,,,,,,,,,,,,,True,False,True,True,420,420
709,COc1ccc(C[C@H](NC(=O)[C@@H]2CSCC[C@H](NC(C)=O)C(=O)N[C@@H](CCC(N)=O)C(=O)N[C@@H]([C@@H](C)O)C(=O)N[C@@H](Cc3c[nH]c4ccccc34)C(=O)N[C@@H](CCC(N)=O)C(=O)N2)C(=O)N[C@@H](Cc2c[nH]c3ccccc23)C(=O)N[C@@](C)(CCCCN)C(=O)N[C@@H](CCCCNC(C)=O)C(=O)N[C@@H](CC(N)=O)C(=O)NCC(N)=O)cc1,*,*****,,,,,,,,,,,,,,,,,True,False,True,False,420,30
720,COc1ccc(C[C@H](NC(=O)[C@H]2NC(=O)[C@H](CCC(N)=O)NC(=O)[C@H](Cc3c[nH]c4ccccc34)NC(=O)[C@H]([C@@H](C)O)NC(=O)[C@H](CCC(N)=O)NC(=O)[C@@H](NC(C)=O)CCSC2(C)C)C(=O)N[C@@H](Cc2ccc3ccccc3c2)C(=O)N[C@@](C)(CCCCN)C(=O)N[C@@H](CCC(=O)O)C(=O)N[C@@H](CC(N)=O)C(=O)NCC(N)=O)cc1,**,***,,,,,,,,,,,,,,,,,True,False,True,False,270,150
